Date,gRGDP_gRGDPB4,gRGDP_gRGDPB3,gRGDP_gRGDPB2,gRGDP_gRGDPB1,gRGDP_gRGDPF0,gRGDP_gRGDPF1,gRGDP_gRGDPF2,gRGDP_gRGDPF3,gRGDP_gRGDPF4,gRGDP_gRGDPF5,gRGDP_gRGDPF6,gRGDP_gRGDPF7,gRGDP_gRGDPF8,gRGDP_gRGDPF9,gPGDP_gPGDPB4,gPGDP_gPGDPB3,gPGDP_gPGDPB2,gPGDP_gPGDPB1,gPGDP_gPGDPF0,gPGDP_gPGDPF1,gPGDP_gPGDPF2,gPGDP_gPGDPF3,gPGDP_gPGDPF4,gPGDP_gPGDPF5,gPGDP_gPGDPF6,gPGDP_gPGDPF7,gPGDP_gPGDPF8,gPGDP_gPGDPF9,UNEMP_UNEMPB4,UNEMP_UNEMPB3,UNEMP_UNEMPB2,UNEMP_UNEMPB1,UNEMP_UNEMPF0,UNEMP_UNEMPF1,UNEMP_UNEMPF2,UNEMP_UNEMPF3,UNEMP_UNEMPF4,UNEMP_UNEMPF5,UNEMP_UNEMPF6,UNEMP_UNEMPF7,UNEMP_UNEMPF8,UNEMP_UNEMPF9,gPCPI_gPCPIB4,gPCPI_gPCPIB3,gPCPI_gPCPIB2,gPCPI_gPCPIB1,gPCPI_gPCPIF0,gPCPI_gPCPIF1,gPCPI_gPCPIF2,gPCPI_gPCPIF3,gPCPI_gPCPIF4,gPCPI_gPCPIF5,gPCPI_gPCPIF6,gPCPI_gPCPIF7,gPCPI_gPCPIF8,gPCPI_gPCPIF9,gPCPIX_gPCPIXB4,gPCPIX_gPCPIXB3,gPCPIX_gPCPIXB2,gPCPIX_gPCPIXB1,gPCPIX_gPCPIXF0,gPCPIX_gPCPIXF1,gPCPIX_gPCPIXF2,gPCPIX_gPCPIXF3,gPCPIX_gPCPIXF4,gPCPIX_gPCPIXF5,gPCPIX_gPCPIXF6,gPCPIX_gPCPIXF7,gPCPIX_gPCPIXF8,gPCPIX_gPCPIXF9,gPPCE_gPPCEB4,gPPCE_gPPCEB3,gPPCE_gPPCEB2,gPPCE_gPPCEB1,gPPCE_gPPCEF0,gPPCE_gPPCEF1,gPPCE_gPPCEF2,gPPCE_gPPCEF3,gPPCE_gPPCEF4,gPPCE_gPPCEF5,gPPCE_gPPCEF6,gPPCE_gPPCEF7,gPPCE_gPPCEF8,gPPCE_gPPCEF9,gPPCEX_gPPCEXB4,gPPCEX_gPPCEXB3,gPPCEX_gPPCEXB2,gPPCEX_gPPCEXB1,gPPCEX_gPPCEXF0,gPPCEX_gPPCEXF1,gPPCEX_gPPCEXF2,gPPCEX_gPPCEXF3,gPPCEX_gPPCEXF4,gPPCEX_gPPCEXF5,gPPCEX_gPPCEXF6,gPPCEX_gPPCEXF7,gPPCEX_gPPCEXF8,gPPCEX_gPPCEXF9,gRPCE_gRPCEB4,gRPCE_gRPCEB3,gRPCE_gRPCEB2,gRPCE_gRPCEB1,gRPCE_gRPCEF0,gRPCE_gRPCEF1,gRPCE_gRPCEF2,gRPCE_gRPCEF3,gRPCE_gRPCEF4,gRPCE_gRPCEF5,gRPCE_gRPCEF6,gRPCE_gRPCEF7,gRPCE_gRPCEF8,gRPCE_gRPCEF9,gRBF_gRBFB4,gRBF_gRBFB3,gRBF_gRBFB2,gRBF_gRBFB1,gRBF_gRBFF0,gRBF_gRBFF1,gRBF_gRBFF2,gRBF_gRBFF3,gRBF_gRBFF4,gRBF_gRBFF5,gRBF_gRBFF6,gRBF_gRBFF7,gRBF_gRBFF8,gRBF_gRBFF9,gRRES_gRRESB4,gRRES_gRRESB3,gRRES_gRRESB2,gRRES_gRRESB1,gRRES_gRRESF0,gRRES_gRRESF1,gRRES_gRRESF2,gRRES_gRRESF3,gRRES_gRRESF4,gRRES_gRRESF5,gRRES_gRRESF6,gRRES_gRRESF7,gRRES_gRRESF8,gRRES_gRRESF9,gRGOVF_gRGOVFB4,gRGOVF_gRGOVFB3,gRGOVF_gRGOVFB2,gRGOVF_gRGOVFB1,gRGOVF_gRGOVFF0,gRGOVF_gRGOVFF1,gRGOVF_gRGOVFF2,gRGOVF_gRGOVFF3,gRGOVF_gRGOVFF4,gRGOVF_gRGOVFF5,gRGOVF_gRGOVFF6,gRGOVF_gRGOVFF7,gRGOVF_gRGOVFF8,gRGOVF_gRGOVFF9,gRGOVSL_gRGOVSLB4,gRGOVSL_gRGOVSLB3,gRGOVSL_gRGOVSLB2,gRGOVSL_gRGOVSLB1,gRGOVSL_gRGOVSLF0,gRGOVSL_gRGOVSLF1,gRGOVSL_gRGOVSLF2,gRGOVSL_gRGOVSLF3,gRGOVSL_gRGOVSLF4,gRGOVSL_gRGOVSLF5,gRGOVSL_gRGOVSLF6,gRGOVSL_gRGOVSLF7,gRGOVSL_gRGOVSLF8,gRGOVSL_gRGOVSLF9,gNGDP_gNGDPB4,gNGDP_gNGDPB3,gNGDP_gNGDPB2,gNGDP_gNGDPB1,gNGDP_gNGDPF0,gNGDP_gNGDPF1,gNGDP_gNGDPF2,gNGDP_gNGDPF3,gNGDP_gNGDPF4,gNGDP_gNGDPF5,gNGDP_gNGDPF6,gNGDP_gNGDPF7,gNGDP_gNGDPF8,gNGDP_gNGDPF9,HSTART_HSTARTB4,HSTART_HSTARTB3,HSTART_HSTARTB2,HSTART_HSTARTB1,HSTART_HSTARTF0,HSTART_HSTARTF1,HSTART_HSTARTF2,HSTART_HSTARTF3,HSTART_HSTARTF4,HSTART_HSTARTF5,HSTART_HSTARTF6,HSTART_HSTARTF7,HSTART_HSTARTF8,HSTART_HSTARTF9,gIP_gIPB4,gIP_gIPB3,gIP_gIPB2,gIP_gIPB1,gIP_gIPF0,gIP_gIPF1,gIP_gIPF2,gIP_gIPF3,gIP_gIPF4,gIP_gIPF5,gIP_gIPF6,gIP_gIPF7,gIP_gIPF8,gIP_gIPF9,gRGDP_gRGDPB4_d1,gRGDP_gRGDPB3_d1,gRGDP_gRGDPB2_d1,gRGDP_gRGDPB1_d1,gRGDP_gRGDPF0_d1,gRGDP_gRGDPF1_d1,gRGDP_gRGDPF2_d1,gRGDP_gRGDPF3_d1,gRGDP_gRGDPF4_d1,gRGDP_gRGDPF5_d1,gRGDP_gRGDPF6_d1,gRGDP_gRGDPF7_d1,gRGDP_gRGDPF8_d1,gRGDP_gRGDPF9_d1,gPGDP_gPGDPB4_d1,gPGDP_gPGDPB3_d1,gPGDP_gPGDPB2_d1,gPGDP_gPGDPB1_d1,gPGDP_gPGDPF0_d1,gPGDP_gPGDPF1_d1,gPGDP_gPGDPF2_d1,gPGDP_gPGDPF3_d1,gPGDP_gPGDPF4_d1,gPGDP_gPGDPF5_d1,gPGDP_gPGDPF6_d1,gPGDP_gPGDPF7_d1,gPGDP_gPGDPF8_d1,gPGDP_gPGDPF9_d1,UNEMP_UNEMPB4_d1,UNEMP_UNEMPB3_d1,UNEMP_UNEMPB2_d1,UNEMP_UNEMPB1_d1,UNEMP_UNEMPF0_d1,UNEMP_UNEMPF1_d1,UNEMP_UNEMPF2_d1,UNEMP_UNEMPF3_d1,UNEMP_UNEMPF4_d1,UNEMP_UNEMPF5_d1,UNEMP_UNEMPF6_d1,UNEMP_UNEMPF7_d1,UNEMP_UNEMPF8_d1,UNEMP_UNEMPF9_d1,gPCPI_gPCPIB4_d1,gPCPI_gPCPIB3_d1,gPCPI_gPCPIB2_d1,gPCPI_gPCPIB1_d1,gPCPI_gPCPIF0_d1,gPCPI_gPCPIF1_d1,gPCPI_gPCPIF2_d1,gPCPI_gPCPIF3_d1,gPCPI_gPCPIF4_d1,gPCPI_gPCPIF5_d1,gPCPI_gPCPIF6_d1,gPCPI_gPCPIF7_d1,gPCPI_gPCPIF8_d1,gPCPI_gPCPIF9_d1,gPCPIX_gPCPIXB4_d1,gPCPIX_gPCPIXB3_d1,gPCPIX_gPCPIXB2_d1,gPCPIX_gPCPIXB1_d1,gPCPIX_gPCPIXF0_d1,gPCPIX_gPCPIXF1_d1,gPCPIX_gPCPIXF2_d1,gPCPIX_gPCPIXF3_d1,gPCPIX_gPCPIXF4_d1,gPCPIX_gPCPIXF5_d1,gPCPIX_gPCPIXF6_d1,gPCPIX_gPCPIXF7_d1,gPCPIX_gPCPIXF8_d1,gPCPIX_gPCPIXF9_d1,gPPCE_gPPCEB4_d1,gPPCE_gPPCEB3_d1,gPPCE_gPPCEB2_d1,gPPCE_gPPCEB1_d1,gPPCE_gPPCEF0_d1,gPPCE_gPPCEF1_d1,gPPCE_gPPCEF2_d1,gPPCE_gPPCEF3_d1,gPPCE_gPPCEF4_d1,gPPCE_gPPCEF5_d1,gPPCE_gPPCEF6_d1,gPPCE_gPPCEF7_d1,gPPCE_gPPCEF8_d1,gPPCE_gPPCEF9_d1,gPPCEX_gPPCEXB4_d1,gPPCEX_gPPCEXB3_d1,gPPCEX_gPPCEXB2_d1,gPPCEX_gPPCEXB1_d1,gPPCEX_gPPCEXF0_d1,gPPCEX_gPPCEXF1_d1,gPPCEX_gPPCEXF2_d1,gPPCEX_gPPCEXF3_d1,gPPCEX_gPPCEXF4_d1,gPPCEX_gPPCEXF5_d1,gPPCEX_gPPCEXF6_d1,gPPCEX_gPPCEXF7_d1,gPPCEX_gPPCEXF8_d1,gPPCEX_gPPCEXF9_d1,gRPCE_gRPCEB4_d1,gRPCE_gRPCEB3_d1,gRPCE_gRPCEB2_d1,gRPCE_gRPCEB1_d1,gRPCE_gRPCEF0_d1,gRPCE_gRPCEF1_d1,gRPCE_gRPCEF2_d1,gRPCE_gRPCEF3_d1,gRPCE_gRPCEF4_d1,gRPCE_gRPCEF5_d1,gRPCE_gRPCEF6_d1,gRPCE_gRPCEF7_d1,gRPCE_gRPCEF8_d1,gRPCE_gRPCEF9_d1,gRBF_gRBFB4_d1,gRBF_gRBFB3_d1,gRBF_gRBFB2_d1,gRBF_gRBFB1_d1,gRBF_gRBFF0_d1,gRBF_gRBFF1_d1,gRBF_gRBFF2_d1,gRBF_gRBFF3_d1,gRBF_gRBFF4_d1,gRBF_gRBFF5_d1,gRBF_gRBFF6_d1,gRBF_gRBFF7_d1,gRBF_gRBFF8_d1,gRBF_gRBFF9_d1,gRRES_gRRESB4_d1,gRRES_gRRESB3_d1,gRRES_gRRESB2_d1,gRRES_gRRESB1_d1,gRRES_gRRESF0_d1,gRRES_gRRESF1_d1,gRRES_gRRESF2_d1,gRRES_gRRESF3_d1,gRRES_gRRESF4_d1,gRRES_gRRESF5_d1,gRRES_gRRESF6_d1,gRRES_gRRESF7_d1,gRRES_gRRESF8_d1,gRRES_gRRESF9_d1,gRGOVF_gRGOVFB4_d1,gRGOVF_gRGOVFB3_d1,gRGOVF_gRGOVFB2_d1,gRGOVF_gRGOVFB1_d1,gRGOVF_gRGOVFF0_d1,gRGOVF_gRGOVFF1_d1,gRGOVF_gRGOVFF2_d1,gRGOVF_gRGOVFF3_d1,gRGOVF_gRGOVFF4_d1,gRGOVF_gRGOVFF5_d1,gRGOVF_gRGOVFF6_d1,gRGOVF_gRGOVFF7_d1,gRGOVF_gRGOVFF8_d1,gRGOVF_gRGOVFF9_d1,gRGOVSL_gRGOVSLB4_d1,gRGOVSL_gRGOVSLB3_d1,gRGOVSL_gRGOVSLB2_d1,gRGOVSL_gRGOVSLB1_d1,gRGOVSL_gRGOVSLF0_d1,gRGOVSL_gRGOVSLF1_d1,gRGOVSL_gRGOVSLF2_d1,gRGOVSL_gRGOVSLF3_d1,gRGOVSL_gRGOVSLF4_d1,gRGOVSL_gRGOVSLF5_d1,gRGOVSL_gRGOVSLF6_d1,gRGOVSL_gRGOVSLF7_d1,gRGOVSL_gRGOVSLF8_d1,gRGOVSL_gRGOVSLF9_d1,gNGDP_gNGDPB4_d1,gNGDP_gNGDPB3_d1,gNGDP_gNGDPB2_d1,gNGDP_gNGDPB1_d1,gNGDP_gNGDPF0_d1,gNGDP_gNGDPF1_d1,gNGDP_gNGDPF2_d1,gNGDP_gNGDPF3_d1,gNGDP_gNGDPF4_d1,gNGDP_gNGDPF5_d1,gNGDP_gNGDPF6_d1,gNGDP_gNGDPF7_d1,gNGDP_gNGDPF8_d1,gNGDP_gNGDPF9_d1,HSTART_HSTARTB4_d1,HSTART_HSTARTB3_d1,HSTART_HSTARTB2_d1,HSTART_HSTARTB1_d1,HSTART_HSTARTF0_d1,HSTART_HSTARTF1_d1,HSTART_HSTARTF2_d1,HSTART_HSTARTF3_d1,HSTART_HSTARTF4_d1,HSTART_HSTARTF5_d1,HSTART_HSTARTF6_d1,HSTART_HSTARTF7_d1,HSTART_HSTARTF8_d1,HSTART_HSTARTF9_d1,gIP_gIPB4_d1,gIP_gIPB3_d1,gIP_gIPB2_d1,gIP_gIPB1_d1,gIP_gIPF0_d1,gIP_gIPF1_d1,gIP_gIPF2_d1,gIP_gIPF3_d1,gIP_gIPF4_d1,gIP_gIPF5_d1,gIP_gIPF6_d1,gIP_gIPF7_d1,gIP_gIPF8_d1,gIP_gIPF9_d1
1982-01-27,8.6,-1.6,1.4,-5.2,-4.0,1.3,4.5,3.7,1.4,1.4,3.9,2.7,,,9.8,6.4,9.9,8.4,6.7,6.9,6.1,6.1,5.5,5.0,4.7,5.3,,,7.4,7.4,7.2,8.4,9.3,9.5,9.4,9.3,9.3,9.3,9.2,9.1,,,10.8,7.5,12.0,7.7,7.5,7.5,7.2,6.4,6.0,5.8,5.1,4.7,,,,,,,,,,,,,,,,,,,,,,,,,,,,,,,,,,,,,,,,,,,,,5.8,-2.1,3.3,-1.8,1.4,2.3,5.5,4.3,1.4,1.4,4.3,2.1,,,13.3,-2.1,6.9,-10.9,-4.7,-2.5,-0.9,0.8,1.9,2.2,2.2,2.1,,,3.6,-23.4,-36.2,-26.9,-6.1,13.6,19.8,18.4,10.0,4.0,7.3,13.0,,,14.8,-8.4,3.1,19.4,-8.4,-3.9,4.5,4.1,3.8,5.0,5.2,6.1,,,0.2,-3.8,-4.2,0.1,-1.5,-1.5,-1.4,-0.8,-0.9,-1.0,-0.3,-0.2,,,19.2,4.7,11.4,2.7,2.5,8.2,10.9,10.0,7.0,6.5,8.7,8.1,,,1.39,1.18,0.97,0.9,0.95,1.05,1.15,1.2,1.2,1.2,1.25,1.25,,,8.3,1.9,1.3,-16.4,-13.0,4.9,8.4,4.7,3.0,2.7,5.5,4.8,,,,,,,,,,,,,,,,,,,,,,,,,,,,,,,,,,,,,,,,,,,,,,,,,,,,,,,,,,,,,,,,,,,,,,,,,,,,,,,,,,,,,,,,,,,,,,,,,,,,,,,,,,,,,,,,,,,,,,,,,,,,,,,,,,,,,,,,,,,,,,,,,,,,,,,,,,,,,,,,,,,,,,,,,,,,,,,,,,,,,,,,,,,,,,,,,,,,,,,,,,,,,,,,,,,,
1982-03-24,8.6,-1.6,1.4,-4.5,-4.5,2.1,5.1,3.9,1.9,2.1,4.5,3.1,,,9.8,6.4,9.9,9.5,5.0,6.6,5.4,5.5,5.0,4.8,4.2,5.2,,,7.4,7.4,7.4,8.3,8.8,9.2,9.1,9.0,8.9,8.9,8.7,8.6,,,11.0,7.8,11.8,7.7,3.8,4.5,6.0,5.7,5.0,5.0,4.9,4.9,,,,,,,,,,,,,,,,,,,,,,,,,,,,,,,,,,,,,,,,,,,,,5.8,-2.1,3.3,-2.2,3.5,2.0,5.5,3.8,2.5,2.5,5.2,3.3,,,13.3,-2.1,6.9,-2.9,-7.7,-7.6,-1.3,1.1,1.5,1.9,2.3,1.9,,,3.6,-23.4,-36.2,-27.1,-9.6,16.3,29.3,22.0,9.1,3.6,6.9,8.2,,,14.8,-8.4,3.1,28.2,7.2,-12.9,-2.8,5.1,6.7,7.0,6.7,4.9,,,0.2,-3.8,-4.2,0.1,-1.4,-0.9,-0.9,-0.7,-1.0,-0.7,-0.5,-0.4,,,19.2,4.7,11.4,4.6,0.2,8.8,10.9,9.6,7.0,7.0,8.9,8.5,,,1.4,1.17,0.96,0.87,0.94,1.05,1.15,1.2,1.2,1.2,1.25,1.25,,,8.3,1.9,1.3,-16.4,-13.2,5.8,13.8,9.2,1.9,2.4,7.0,4.7,,,0.0,0.0,0.0,0.7000000000000002,-0.5,0.8,0.5999999999999996,0.19999999999999973,0.5,0.7000000000000002,0.6000000000000001,0.3999999999999999,,,0.0,0.0,0.0,1.0999999999999996,-1.7000000000000002,-0.3000000000000007,-0.6999999999999993,-0.5999999999999996,-0.5,-0.20000000000000018,-0.5,-0.09999999999999964,,,0.0,0.0,0.20000000000000018,-0.09999999999999964,-0.5,-0.3000000000000007,-0.3000000000000007,-0.3000000000000007,-0.40000000000000036,-0.40000000000000036,-0.5,-0.5,,,0.1999999999999993,0.2999999999999998,-0.1999999999999993,0.0,-3.7,-3.0,-1.2000000000000002,-0.7000000000000002,-1.0,-0.7999999999999998,-0.1999999999999993,0.20000000000000018,,,,,,,,,,,,,,,,,,,,,,,,,,,,,,,,,,,,,,,,,,,,,0.0,0.0,0.0,-0.40000000000000013,2.1,-0.2999999999999998,0.0,-0.5,1.1,1.1,0.9000000000000004,1.1999999999999997,,,0.0,0.0,0.0,8.0,-3.0,-5.1,-0.4,0.30000000000000004,-0.3999999999999999,-0.30000000000000027,0.09999999999999964,-0.20000000000000018,,,0.0,0.0,0.0,-0.20000000000000284,-3.5,2.700000000000001,9.5,3.6000000000000014,-0.9000000000000004,-0.3999999999999999,-0.39999999999999947,-4.800000000000001,,,0.0,0.0,0.0,8.8,15.600000000000001,-9.0,-7.3,1.0,2.9000000000000004,2.0,1.5,-1.1999999999999993,,,0.0,0.0,0.0,0.0,0.10000000000000009,0.6,0.4999999999999999,0.10000000000000009,-0.09999999999999998,0.30000000000000004,-0.2,-0.2,,,0.0,0.0,0.0,1.8999999999999995,-2.3,0.6000000000000014,0.0,-0.40000000000000036,0.0,0.5,0.20000000000000107,0.40000000000000036,,,0.010000000000000009,-0.010000000000000009,-0.010000000000000009,-0.030000000000000027,-0.010000000000000009,0.0,0.0,0.0,0.0,0.0,0.0,0.0,,,0.0,0.0,0.0,0.0,-0.1999999999999993,0.8999999999999995,5.4,4.499999999999999,-1.1,-0.30000000000000027,1.5,-0.09999999999999964,,
1982-05-12,-1.6,1.4,-4.5,-3.9,0.4,3.9,3.1,2.3,2.5,4.6,3.5,,,,6.4,9.9,9.5,3.6,6.0,5.5,5.7,4.7,4.6,3.9,4.9,,,,7.4,7.4,8.3,8.8,9.5,9.6,9.5,9.4,9.3,9.1,8.8,,,,7.8,11.8,7.7,3.2,2.6,6.0,5.6,4.9,4.8,4.8,4.7,,,,,,,,,,,,,,,,,,,,,,,,,,,,,,,,,,,,,,,,,,,,,,-2.1,3.3,-2.2,4.0,0.8,5.1,3.7,2.9,2.9,5.2,3.1,,,,-2.1,6.9,-2.9,-0.7,-14.7,-11.9,0.9,1.3,1.6,1.8,2.1,,,,-23.4,-36.2,-27.1,-10.7,-3.7,23.8,19.7,14.6,8.1,9.8,14.8,,,,-8.4,3.1,28.2,5.8,-10.7,-2.4,4.3,6.9,6.7,6.8,5.0,,,,-3.8,-4.2,0.1,-2.9,-1.6,-1.0,-0.8,-1.1,-0.9,-0.8,-0.6,,,,4.7,11.4,4.6,-0.4,6.4,9.6,9.0,7.1,7.3,8.7,8.6,,,,1.17,0.96,0.87,0.92,1.0,1.1,1.15,1.2,1.2,1.25,1.25,,,,1.9,1.3,-16.4,-12.7,-3.1,7.6,6.0,3.9,4.4,6.1,4.9,,,,-10.2,3.0,-5.9,0.6000000000000001,4.9,1.7999999999999998,-1.9999999999999996,-1.6,0.6000000000000001,2.4999999999999996,-1.0,,,,-3.4000000000000004,3.5,-0.40000000000000036,-5.9,1.0,-1.0999999999999996,0.2999999999999998,-0.7999999999999998,-0.40000000000000036,-0.8999999999999999,0.7000000000000002,,,,0.0,0.0,0.9000000000000004,0.5,0.6999999999999993,0.40000000000000036,0.40000000000000036,0.40000000000000036,0.40000000000000036,0.1999999999999993,0.10000000000000142,,,,-3.2,4.000000000000001,-4.1000000000000005,-4.5,-1.1999999999999997,1.5,-0.40000000000000036,-0.7999999999999998,-0.20000000000000018,-0.20000000000000018,-0.20000000000000018,,,,,,,,,,,,,,,,,,,,,,,,,,,,,,,,,,,,,,,,,,,,,,-7.9,5.4,-5.5,6.2,-2.7,3.0999999999999996,-1.7999999999999998,-0.8999999999999999,0.3999999999999999,2.7,-2.1,,,,-15.4,9.0,-9.8,2.2,-6.999999999999999,-4.300000000000001,2.2,0.19999999999999996,0.10000000000000009,-0.09999999999999987,-0.19999999999999973,,,,-27.0,-12.800000000000004,9.100000000000001,16.400000000000002,5.8999999999999995,7.5,-9.600000000000001,-7.4,-1.0,6.200000000000001,7.9,,,,-23.200000000000003,11.5,25.099999999999998,-22.4,-17.9,10.5,7.1,1.8000000000000007,0.0,-0.20000000000000018,-1.7000000000000002,,,,-4.0,-0.40000000000000036,4.3,-3.0,-0.20000000000000018,-0.09999999999999998,0.09999999999999998,-0.40000000000000013,0.09999999999999998,-0.10000000000000009,-0.09999999999999998,,,,-14.5,6.7,-6.800000000000001,-5.0,6.2,0.7999999999999989,-1.9000000000000004,-2.5,0.2999999999999998,1.6999999999999993,-0.3000000000000007,,,,-0.22999999999999998,-0.20999999999999996,-0.08999999999999997,0.050000000000000044,0.06000000000000005,0.050000000000000044,0.0,0.0,0.0,0.050000000000000044,0.0,,,,-6.4,-0.5999999999999999,-17.7,3.6999999999999993,10.1,1.7999999999999998,-7.800000000000001,-5.299999999999999,2.5000000000000004,3.6999999999999997,-2.0999999999999996,,,
1982-06-23,-1.6,1.4,-4.5,-3.7,0.7,2.5,2.9,1.9,2.0,4.1,4.0,,,,6.4,9.9,9.5,3.8,6.1,5.7,5.4,4.6,4.5,3.8,4.5,,,,7.4,7.4,8.4,8.8,9.5,9.6,9.5,9.5,9.5,9.3,9.1,,,,7.8,11.8,7.7,3.2,4.5,6.6,5.5,5.1,4.9,4.7,4.5,,,,,,,,,,,,,,,,,,,,,,,,,,,,,,,,,,,,,,,,,,,,,,-2.1,3.3,-2.2,3.4,1.4,4.6,4.0,2.0,2.1,5.1,4.0,,,,-2.1,6.9,-2.9,0.9,-13.8,-15.4,-2.3,0.0,1.2,3.0,4.5,,,,-23.4,-36.2,-27.1,-10.0,-3.9,12.9,18.8,26.6,8.1,10.1,15.4,,,,-8.4,3.1,28.2,3.8,-13.5,0.5,-0.7,3.1,6.2,6.2,4.8,,,,-3.8,-4.2,0.1,-2.4,-1.5,-1.2,-0.7,-0.7,-0.6,-0.5,-0.6,,,,4.7,11.4,4.6,0.0,6.9,8.3,8.4,6.6,6.5,8.1,8.7,,,,1.17,0.96,0.87,0.92,1.0,1.1,1.15,1.2,1.2,1.25,1.25,,,,1.9,1.4,-16.6,-11.7,-4.2,3.5,6.1,3.4,3.4,8.5,6.0,,,,0.0,0.0,0.0,0.19999999999999973,0.29999999999999993,-1.4,-0.20000000000000018,-0.3999999999999999,-0.5,-0.5,0.5,,,,0.0,0.0,0.0,0.19999999999999973,0.09999999999999964,0.20000000000000018,-0.2999999999999998,-0.10000000000000053,-0.09999999999999964,-0.10000000000000009,-0.40000000000000036,,,,0.0,0.0,0.09999999999999964,0.0,0.0,0.0,0.0,0.09999999999999964,0.1999999999999993,0.20000000000000107,0.29999999999999893,,,,0.0,0.0,0.0,0.0,1.9,0.5999999999999996,-0.09999999999999964,0.1999999999999993,0.10000000000000053,-0.09999999999999964,-0.20000000000000018,,,,,,,,,,,,,,,,,,,,,,,,,,,,,,,,,,,,,,,,,,,,,,0.0,0.0,0.0,-0.6000000000000001,0.5999999999999999,-0.5,0.2999999999999998,-0.8999999999999999,-0.7999999999999998,-0.10000000000000053,0.8999999999999999,,,,0.0,0.0,0.0,1.6,0.8999999999999986,-3.5,-3.1999999999999997,-1.3,-0.40000000000000013,1.2,2.4,,,,0.0,0.0,0.0,0.6999999999999993,-0.19999999999999973,-10.9,-0.8999999999999986,12.000000000000002,0.0,0.29999999999999893,0.5999999999999996,,,,0.0,0.0,0.0,-2.0,-2.8000000000000007,2.9,-5.0,-3.8000000000000003,-0.5,-0.5999999999999996,-0.20000000000000018,,,,0.0,0.0,0.0,0.5,0.10000000000000009,-0.19999999999999996,0.10000000000000009,0.40000000000000013,0.30000000000000004,0.30000000000000004,0.0,,,,0.0,0.0,0.0,0.4,0.5,-1.299999999999999,-0.5999999999999996,-0.5,-0.7999999999999998,-0.5999999999999996,0.09999999999999964,,,,0.0,0.0,0.0,0.0,0.0,0.0,0.0,0.0,0.0,0.0,0.0,,,,0.0,0.09999999999999987,-0.20000000000000284,1.0,-1.1,-4.1,0.09999999999999964,-0.5,-1.0000000000000004,2.4000000000000004,1.0999999999999996,,,
1982-08-18,2.2,-5.3,-5.1,1.7,1.0,2.3,2.5,1.9,4.2,3.8,,,,,9.0,8.8,4.3,5.3,6.4,5.2,4.9,4.1,3.8,4.2,,,,,7.4,8.3,8.8,9.5,10.0,9.9,9.8,9.8,9.7,9.5,,,,,11.8,7.7,3.2,4.6,8.2,4.3,5.5,4.8,4.8,4.6,,,,,,,,,,,,,,,,,,,,,,,,,,,,,,,,,,,,,,,,,,,,,,,2.9,-3.3,2.5,3.0,3.3,4.1,2.9,1.8,4.0,3.7,,,,,9.3,0.6,-5.0,-8.5,-15.3,-4.5,-1.4,-1.6,2.1,4.5,,,,,-31.9,-25.3,-10.2,3.3,13.4,18.5,28.7,12.8,4.3,2.6,,,,,14.8,20.4,-5.5,-16.1,3.5,8.0,4.8,6.9,7.3,5.3,,,,,-2.7,-0.8,-1.1,0.4,-1.7,-1.3,-1.2,-1.2,-0.7,-0.9,,,,,11.4,3.0,-1.0,7.1,7.5,7.6,7.5,6.1,8.1,8.2,,,,,0.96,0.87,0.92,0.95,1.15,1.15,1.2,1.2,1.2,1.2,,,,,1.4,-16.6,-11.8,-6.9,-2.3,6.5,4.9,5.7,10.4,6.9,,,,,3.8000000000000003,-6.699999999999999,-0.5999999999999996,5.4,0.30000000000000004,-0.20000000000000018,-0.3999999999999999,0.0,2.2,-0.2999999999999998,,,,,2.5999999999999996,-1.0999999999999996,-5.2,1.5,0.3000000000000007,-0.5,-0.5,-0.5,-0.7000000000000002,0.40000000000000036,,,,,0.0,0.9000000000000004,0.40000000000000036,0.6999999999999993,0.5,0.3000000000000007,0.3000000000000007,0.3000000000000007,0.1999999999999993,0.1999999999999993,,,,,4.000000000000001,-4.1000000000000005,-4.5,1.3999999999999995,3.6999999999999993,-2.3,0.0,-0.2999999999999998,-0.10000000000000053,-0.10000000000000053,,,,,,,,,,,,,,,,,,,,,,,,,,,,,,,,,,,,,,,,,,,,,,,5.0,-6.6,4.7,-0.3999999999999999,1.9,-0.5,-1.1,-0.19999999999999996,1.9,-1.3999999999999995,,,,,11.4,-6.300000000000001,-2.1,-9.4,-1.5,10.9,0.8999999999999999,-1.6,0.9000000000000001,1.5,,,,,-8.5,10.900000000000002,16.900000000000002,13.3,17.3,5.6,9.899999999999999,-13.8,-3.8,-7.5,,,,,23.200000000000003,17.299999999999997,-33.7,-19.900000000000002,17.0,7.5,5.5,3.8000000000000003,1.0999999999999996,-0.9000000000000004,,,,,1.0999999999999996,3.4000000000000004,-1.2000000000000002,2.8,-0.19999999999999996,-0.10000000000000009,-0.5,-0.5,-0.09999999999999998,-0.4,,,,,6.7,-8.4,-5.6,7.1,0.5999999999999996,-0.7000000000000011,-0.9000000000000004,-0.5,1.5999999999999996,0.09999999999999964,,,,,-0.20999999999999996,-0.08999999999999997,0.050000000000000044,0.029999999999999916,0.1499999999999999,0.04999999999999982,0.050000000000000044,0.0,0.0,-0.050000000000000044,,,,,-0.5,-18.0,4.800000000000001,4.799999999999999,1.9000000000000004,3.0,-1.1999999999999993,2.3000000000000003,7.0,-1.5999999999999996,,,,
1982-09-29,2.2,-5.3,-5.1,2.1,0.1,1.0,2.2,2.3,3.9,4.0,,,,,9.0,8.8,4.3,4.6,6.4,5.4,4.8,4.1,3.9,4.3,,,,,7.4,8.3,8.8,9.5,10.0,10.2,10.1,10.0,9.9,9.7,,,,,11.8,7.7,3.2,4.6,8.1,4.4,5.6,5.0,4.9,4.7,,,,,,,,,,,,,,,,,,,,,,,,,,,,,,,,,,,,,,,,,,,,,,,2.9,-3.3,2.5,2.5,1.8,3.5,2.6,1.7,3.7,3.7,,,,,9.3,0.6,-5.0,-11.8,-14.5,-8.1,-2.3,0.4,2.4,7.5,,,,,-31.9,-25.3,-10.2,12.9,9.0,19.5,33.4,19.7,4.1,-2.4,,,,,14.8,20.4,-5.5,-13.5,13.8,2.3,4.6,6.4,6.6,5.2,,,,,-2.7,-0.8,-1.1,0.4,-0.3,-0.9,-0.8,-0.9,-0.7,-0.3,,,,,11.4,3.0,-1.0,6.8,6.4,6.4,7.0,6.5,7.9,8.5,,,,,0.96,0.87,0.92,0.95,1.1,1.2,1.25,1.25,1.2,1.2,,,,,1.4,-16.6,-11.8,-6.7,-3.4,3.5,5.6,5.5,10.1,7.0,,,,,0.0,0.0,0.0,0.40000000000000013,-0.9,-1.2999999999999998,-0.2999999999999998,0.3999999999999999,-0.30000000000000027,0.20000000000000018,,,,,0.0,0.0,0.0,-0.7000000000000002,0.0,0.20000000000000018,-0.10000000000000053,0.0,0.10000000000000009,0.09999999999999964,,,,,0.0,0.0,0.0,0.0,0.0,0.29999999999999893,0.29999999999999893,0.1999999999999993,0.20000000000000107,0.1999999999999993,,,,,0.0,0.0,0.0,0.0,-0.09999999999999964,0.10000000000000053,0.09999999999999964,0.20000000000000018,0.10000000000000053,0.10000000000000053,,,,,,,,,,,,,,,,,,,,,,,,,,,,,,,,,,,,,,,,,,,,,,,0.0,0.0,0.0,-0.5,-1.4999999999999998,-0.5999999999999996,-0.2999999999999998,-0.10000000000000009,-0.2999999999999998,0.0,,,,,0.0,0.0,0.0,-3.3000000000000007,0.8000000000000007,-3.5999999999999996,-0.8999999999999999,2.0,0.2999999999999998,3.0,,,,,0.0,0.0,0.0,9.600000000000001,-4.4,1.0,4.699999999999999,6.899999999999999,-0.20000000000000018,-5.0,,,,,0.0,0.0,0.0,2.6000000000000014,10.3,-5.7,-0.20000000000000018,-0.5,-0.7000000000000002,-0.09999999999999964,,,,,0.0,0.0,0.0,0.0,1.4,0.4,0.3999999999999999,0.29999999999999993,0.0,0.6000000000000001,,,,,0.0,0.0,0.0,-0.2999999999999998,-1.0999999999999996,-1.1999999999999993,-0.5,0.40000000000000036,-0.1999999999999993,0.3000000000000007,,,,,0.0,0.0,0.0,0.0,-0.04999999999999982,0.050000000000000044,0.050000000000000044,0.050000000000000044,0.0,0.0,,,,,0.0,0.0,0.0,0.20000000000000018,-1.1,-3.0,0.6999999999999993,-0.20000000000000018,-0.3000000000000007,0.09999999999999964,,,,
1982-11-10,-5.3,-5.1,2.1,0.8,-0.6,1.9,2.0,4.4,4.3,,,,,,8.8,4.3,4.6,5.4,6.0,5.0,4.1,3.4,3.9,,,,,,8.3,8.8,9.5,9.9,10.6,10.6,10.6,10.5,10.3,,,,,,7.7,3.2,4.6,7.7,1.6,5.2,5.1,4.7,4.8,,,,,,,,,,,,,,,,,,,,,,,,,,,,,,,,,,,,,,,,,,,,,,,,-3.3,2.5,2.5,1.4,2.5,1.9,1.6,3.4,3.2,,,,,,0.6,-5.0,-11.8,-12.9,-11.1,-4.4,-0.7,2.3,7.4,,,,,,-25.3,-10.2,12.9,4.2,15.2,34.8,22.5,15.1,7.3,,,,,,20.4,-5.5,-13.5,19.6,11.6,-0.3,-2.1,5.8,5.4,,,,,,-0.8,-1.1,0.4,-0.7,-0.9,-0.9,-0.8,-0.4,-0.8,,,,,,3.0,-1.0,6.8,6.2,5.4,7.0,6.2,8.0,8.3,,,,,,0.87,0.92,0.95,1.11,1.2,1.3,1.35,1.4,1.4,,,,,,-16.6,-11.8,-6.5,-3.7,-4.8,3.9,3.5,12.0,9.9,,,,,,-7.5,0.20000000000000018,7.199999999999999,-1.3,-0.7,0.8999999999999999,-0.20000000000000018,2.1000000000000005,0.3999999999999999,,,,,,-0.1999999999999993,-4.500000000000001,0.2999999999999998,0.8000000000000007,-0.40000000000000036,-0.40000000000000036,-0.7000000000000002,-0.6999999999999997,0.0,,,,,,0.9000000000000004,0.5,0.6999999999999993,0.40000000000000036,0.5999999999999996,0.40000000000000036,0.5,0.5,0.40000000000000036,,,,,,-4.1000000000000005,-4.5,1.3999999999999995,3.1000000000000005,-6.5,0.7999999999999998,-0.5,-0.2999999999999998,-0.10000000000000053,,,,,,,,,,,,,,,,,,,,,,,,,,,,,,,,,,,,,,,,,,,,,,,,-6.199999999999999,5.8,0.0,-1.1,0.7,-1.6,-1.0,1.7,-0.5,,,,,,-8.700000000000001,-5.6,-6.800000000000001,-1.0999999999999996,3.4000000000000004,3.6999999999999993,1.5999999999999999,1.9,5.0,,,,,,6.599999999999998,15.100000000000001,23.1,-8.7,6.199999999999999,15.299999999999997,-10.899999999999999,-4.6,3.2,,,,,,5.599999999999998,-25.9,-8.0,33.1,-2.200000000000001,-2.5999999999999996,-6.699999999999999,-0.6000000000000005,-1.1999999999999993,,,,,,1.9000000000000001,-0.30000000000000004,1.5,-1.1,-0.6000000000000001,0.0,0.0,0.5,-0.10000000000000009,,,,,,-8.4,-4.0,7.8,-0.5999999999999996,-1.0,0.5999999999999996,-0.7999999999999998,1.5,0.40000000000000036,,,,,,-0.08999999999999997,0.050000000000000044,0.029999999999999916,0.16000000000000014,0.09999999999999987,0.10000000000000009,0.10000000000000009,0.1499999999999999,0.19999999999999996,,,,,,-18.0,4.800000000000001,5.300000000000001,3.0,-1.4,0.3999999999999999,-2.0999999999999996,6.5,-0.1999999999999993,,,,,
1982-12-15,-5.3,-5.1,2.1,0.0,-1.8,1.9,2.0,3.9,4.6,,,,,,8.8,4.3,4.6,4.7,6.0,4.4,4.2,3.9,4.0,,,,,,8.3,8.8,9.5,9.9,10.7,11.1,11.1,11.0,10.8,,,,,,7.7,3.2,4.6,7.7,3.1,5.3,5.8,4.9,4.6,,,,,,,,,,,,,,,,,,,,,,,,,,,,,,,,,,,,,,,,,,,,,,,,-3.3,2.5,2.5,1.1,3.1,0.9,1.3,3.0,3.7,,,,,,0.6,-5.0,-11.8,-10.8,-12.9,-4.2,-1.0,0.7,3.6,,,,,,-25.3,-10.2,12.9,6.3,9.6,36.0,27.3,19.1,16.5,,,,,,20.4,-5.5,-13.5,18.6,12.8,-0.4,-2.2,7.3,8.0,,,,,,-0.8,-1.1,0.4,-0.2,-1.0,-1.3,-0.1,-0.2,0.0,,,,,,3.0,-1.0,6.8,4.7,4.0,6.4,6.3,8.0,8.7,,,,,,0.87,0.92,0.95,1.11,1.2,1.3,1.4,1.45,1.5,,,,,,-16.6,-11.8,-6.5,-3.4,-6.8,3.9,6.0,8.9,9.0,,,,,,0.0,0.0,0.0,-0.8,-1.2000000000000002,0.0,0.0,-0.5000000000000004,0.2999999999999998,,,,,,0.0,0.0,0.0,-0.7000000000000002,0.0,-0.5999999999999996,0.10000000000000053,0.5,0.10000000000000009,,,,,,0.0,0.0,0.0,0.0,0.09999999999999964,0.5,0.5,0.5,0.5,,,,,,0.0,0.0,0.0,0.0,1.5,0.09999999999999964,0.7000000000000002,0.20000000000000018,-0.20000000000000018,,,,,,,,,,,,,,,,,,,,,,,,,,,,,,,,,,,,,,,,,,,,,,,,0.0,0.0,0.0,-0.2999999999999998,0.6000000000000001,-0.9999999999999999,-0.30000000000000004,-0.3999999999999999,0.5,,,,,,0.0,0.0,0.0,2.0999999999999996,-1.8000000000000007,0.20000000000000018,-0.30000000000000004,-1.5999999999999999,-3.8000000000000003,,,,,,0.0,0.0,0.0,2.0999999999999996,-5.6,1.2000000000000028,4.800000000000001,4.000000000000002,9.2,,,,,,0.0,0.0,0.0,-1.0,1.200000000000001,-0.10000000000000003,-0.10000000000000009,1.5,2.5999999999999996,,,,,,0.0,0.0,0.0,0.49999999999999994,-0.09999999999999998,-0.4,0.7000000000000001,0.2,0.8,,,,,,0.0,0.0,0.0,-1.5,-1.4000000000000004,-0.5999999999999996,0.09999999999999964,0.0,0.3999999999999986,,,,,,0.0,0.0,0.0,0.0,0.0,0.0,0.04999999999999982,0.050000000000000044,0.10000000000000009,,,,,,0.0,0.0,0.0,0.30000000000000027,-2.0,0.0,2.5,-3.0999999999999996,-0.9000000000000004,,,,,
1983-02-02,-5.1,2.1,0.7,-2.5,3.5,2.6,3.9,3.9,4.2,4.1,4.4,4.6,,,4.3,4.6,5.0,4.3,4.5,3.6,3.8,3.6,3.5,3.5,3.8,4.2,,,8.8,9.4,10.0,10.7,10.9,10.9,10.8,10.6,10.4,10.1,9.8,9.5,,,3.2,4.6,7.7,2.6,3.2,4.9,4.7,4.4,4.2,4.0,4.1,4.0,,,,,,,,,,,,,,,,,,,,,,,,,,,,,,,,,,,,,,,,,,,,,2.5,2.5,0.6,5.0,2.3,2.1,2.4,2.6,3.3,3.1,3.1,3.2,,,-5.0,-11.8,-7.6,-9.0,-7.5,-1.3,0.3,0.7,4.2,5.3,7.3,9.7,,,-10.2,12.9,-5.3,23.7,46.6,25.2,15.1,14.4,13.4,10.9,11.7,9.7,,,-5.5,-13.5,23.1,28.4,-5.5,-13.4,10.4,7.8,0.9,2.3,3.4,4.9,,,-1.1,0.4,-0.2,1.0,-1.6,0.0,0.1,1.2,0.9,0.9,0.9,1.0,,,-1.0,6.8,5.8,1.7,8.2,6.3,7.8,7.6,7.8,7.8,8.4,9.0,,,0.92,0.95,1.12,1.25,1.35,1.45,1.45,1.55,1.55,1.6,1.7,1.8,,,-11.8,-6.5,-3.4,-8.6,2.4,9.1,8.6,9.6,7.4,8.1,7.9,8.6,,,0.20000000000000018,7.199999999999999,-1.4000000000000001,-2.5,5.3,0.7000000000000002,1.9,0.0,-0.39999999999999947,,,,,,-4.500000000000001,0.2999999999999998,0.40000000000000036,-0.40000000000000036,-1.5,-0.8000000000000003,-0.40000000000000036,-0.2999999999999998,-0.5,,,,,,0.5,0.5999999999999996,0.5,0.7999999999999989,0.20000000000000107,-0.1999999999999993,-0.29999999999999893,-0.40000000000000036,-0.40000000000000036,,,,,,-4.5,1.3999999999999995,3.1000000000000005,-5.1,0.10000000000000009,-0.39999999999999947,-1.0999999999999996,-0.5,-0.39999999999999947,,,,,,,,,,,,,,,,,,,,,,,,,,,,,,,,,,,,,,,,,,,,,,,,5.8,0.0,-1.9,3.9,-0.8000000000000003,1.2000000000000002,1.0999999999999999,-0.3999999999999999,-0.40000000000000036,,,,,,-5.6,-6.800000000000001,4.200000000000001,1.8000000000000007,5.4,2.9000000000000004,1.3,0.0,0.6000000000000001,,,,,,15.100000000000001,23.1,-18.2,17.4,37.0,-10.8,-12.200000000000001,-4.700000000000001,-3.0999999999999996,,,,,,-25.9,-8.0,36.6,9.799999999999997,-18.3,-13.0,12.600000000000001,0.5,-7.1,,,,,,-0.30000000000000004,1.5,-0.6000000000000001,1.2,-0.6000000000000001,1.3,0.2,1.4,0.9,,,,,,-4.0,7.8,-1.0,-3.0,4.199999999999999,-0.10000000000000053,1.5,-0.40000000000000036,-0.8999999999999995,,,,,,0.050000000000000044,0.029999999999999916,0.17000000000000015,0.1399999999999999,0.15000000000000013,0.1499999999999999,0.050000000000000044,0.10000000000000009,0.050000000000000044,,,,,,4.800000000000001,5.300000000000001,3.1,-5.199999999999999,9.2,5.199999999999999,2.5999999999999996,0.6999999999999993,-1.5999999999999996,,,,,
1983-03-23,-5.1,2.1,0.7,-1.1,4.1,3.5,4.5,4.4,4.4,4.3,4.8,5.0,,,4.3,4.6,5.0,3.7,3.8,4.5,3.0,3.2,3.4,3.4,3.4,3.7,,,8.8,9.4,10.0,10.7,10.4,10.5,10.3,10.2,9.9,9.6,9.4,9.1,,,3.0,5.3,7.7,1.9,0.2,4.1,4.5,4.3,4.2,4.0,3.9,3.8,,,,,,,,,,,,,,,,,,,,,,,,,,,,,,,,,,,,,,,,,,,,,2.5,2.5,0.6,4.5,1.9,2.7,4.1,3.6,3.3,3.2,3.0,3.2,,,-5.0,-11.8,-7.6,-6.0,-4.7,-1.2,-0.4,0.8,4.8,5.5,7.4,9.7,,,-10.2,12.9,-5.3,39.3,79.9,31.3,10.5,10.0,14.0,10.1,6.5,3.6,,,-5.5,-13.5,23.1,32.8,-8.7,-9.6,8.8,6.9,0.4,2.3,3.0,4.1,,,-1.1,0.4,-0.2,-0.4,0.6,1.1,0.5,1.1,1.7,1.4,1.4,1.4,,,-1.0,6.8,5.8,2.6,8.1,8.2,7.6,7.8,8.0,7.9,8.4,8.9,,,0.92,0.95,1.12,1.26,1.65,1.55,1.6,1.65,1.7,1.75,1.8,1.85,,,-11.8,-6.5,-3.4,-8.2,6.4,7.5,7.6,8.4,6.8,6.9,7.4,8.1,,,0.0,0.0,0.0,1.4,0.5999999999999996,0.8999999999999999,0.6000000000000001,0.5000000000000004,0.20000000000000018,0.20000000000000018,0.39999999999999947,0.40000000000000036,,,0.0,0.0,0.0,-0.5999999999999996,-0.7000000000000002,0.8999999999999999,-0.7999999999999998,-0.3999999999999999,-0.10000000000000009,-0.10000000000000009,-0.3999999999999999,-0.5,,,0.0,0.0,0.0,0.0,-0.5,-0.40000000000000036,-0.5,-0.40000000000000036,-0.5,-0.5,-0.40000000000000036,-0.40000000000000036,,,-0.20000000000000018,0.7000000000000002,0.0,-0.7000000000000002,-3.0,-0.8000000000000007,-0.20000000000000018,-0.10000000000000053,0.0,0.0,-0.19999999999999973,-0.20000000000000018,,,,,,,,,,,,,,,,,,,,,,,,,,,,,,,,,,,,,,,,,,,,,0.0,0.0,0.0,-0.5,-0.3999999999999999,0.6000000000000001,1.6999999999999997,1.0,0.0,0.10000000000000009,-0.10000000000000009,0.0,,,0.0,0.0,0.0,3.0,2.8,0.10000000000000009,-0.7,0.10000000000000009,0.5999999999999996,0.20000000000000018,0.10000000000000053,0.0,,,0.0,0.0,0.0,15.599999999999998,33.300000000000004,6.100000000000001,-4.6,-4.4,0.5999999999999996,-0.8000000000000007,-5.199999999999999,-6.1,,,0.0,0.0,0.0,4.399999999999999,-3.1999999999999993,3.8000000000000007,-1.5999999999999996,-0.8999999999999995,-0.5,0.0,-0.3999999999999999,-0.8000000000000007,,,0.0,0.0,0.0,-1.4,2.2,1.1,0.4,-0.09999999999999987,0.7999999999999999,0.4999999999999999,0.4999999999999999,0.3999999999999999,,,0.0,0.0,0.0,0.9000000000000001,-0.09999999999999964,1.8999999999999995,-0.20000000000000018,0.20000000000000018,0.20000000000000018,0.10000000000000053,0.0,-0.09999999999999964,,,0.0,0.0,0.0,0.010000000000000009,0.2999999999999998,0.10000000000000009,0.15000000000000013,0.09999999999999987,0.1499999999999999,0.1499999999999999,0.10000000000000009,0.050000000000000044,,,0.0,0.0,0.0,0.40000000000000036,4.0,-1.5999999999999996,-1.0,-1.1999999999999993,-0.6000000000000005,-1.1999999999999993,-0.5,-0.5,,
1983-05-18,2.1,0.7,-1.1,3.1,5.5,4.8,5.0,4.7,4.6,4.8,4.9,,,,4.6,5.0,3.7,5.8,3.2,3.1,3.2,3.1,3.4,3.4,4.0,,,,9.4,10.0,10.7,10.3,10.1,9.8,9.7,9.6,9.4,9.1,8.9,,,,5.3,7.7,1.9,-0.4,5.3,4.6,4.3,4.3,4.2,4.0,4.0,,,,,,,,,,,,,,,,,,,,,,,,,,,,,,,,,,,,,,,,,,,,,,2.5,0.6,4.5,2.3,3.1,4.7,4.1,3.3,3.4,3.2,3.3,,,,-11.8,-7.6,-6.0,2.7,-0.5,2.2,3.4,5.1,7.8,8.5,8.6,,,,12.9,-5.3,39.3,83.1,30.7,10.3,9.6,9.1,7.1,6.5,4.7,,,,-13.5,23.1,32.8,-21.1,3.2,3.9,-9.2,20.6,11.5,7.1,3.8,,,,0.4,-0.2,-0.4,0.7,1.0,1.2,1.3,1.7,1.5,1.5,1.4,,,,6.8,5.8,2.6,9.1,8.9,8.1,8.3,7.9,8.1,8.4,9.0,,,,0.95,1.12,1.26,1.7,1.55,1.6,1.65,1.7,1.75,1.8,1.85,,,,-6.5,-3.4,-8.2,9.7,17.5,9.5,8.1,8.2,8.1,8.7,7.7,,,,7.199999999999999,-1.4000000000000001,-1.8,4.2,1.4000000000000004,1.2999999999999998,0.5,0.2999999999999998,0.1999999999999993,0.5,0.10000000000000053,,,,0.2999999999999998,0.40000000000000036,-1.2999999999999998,2.0999999999999996,-0.5999999999999996,-1.4,0.20000000000000018,-0.10000000000000009,0.0,0.0,0.6000000000000001,,,,0.5999999999999996,0.5999999999999996,0.6999999999999993,-0.3999999999999986,-0.3000000000000007,-0.6999999999999993,-0.6000000000000014,-0.5999999999999996,-0.5,-0.5,-0.5,,,,2.3,2.4000000000000004,-5.800000000000001,-2.3,5.1,0.5,-0.20000000000000018,0.0,0.0,0.0,0.10000000000000009,,,,,,,,,,,,,,,,,,,,,,,,,,,,,,,,,,,,,,,,,,,,,,0.0,-1.9,3.9,-2.2,1.2000000000000002,2.0,0.0,-0.30000000000000027,0.10000000000000009,0.0,0.2999999999999998,,,,-6.800000000000001,4.200000000000001,1.5999999999999996,8.7,4.2,3.4000000000000004,3.8,4.3,3.0,3.0,1.1999999999999993,,,,23.1,-18.2,44.599999999999994,43.8,-49.2,-21.0,-0.9000000000000004,-0.9000000000000004,-6.9,-3.5999999999999996,-1.7999999999999998,,,,-8.0,36.6,9.699999999999996,-53.9,11.899999999999999,13.5,-18.0,13.700000000000001,11.1,4.8,0.7999999999999998,,,,1.5,-0.6000000000000001,-0.2,1.1,0.4,0.09999999999999987,0.8,0.5999999999999999,-0.19999999999999996,0.10000000000000009,0.0,,,,7.8,-1.0,-3.1999999999999997,6.5,0.8000000000000007,-0.09999999999999964,0.7000000000000011,0.10000000000000053,0.09999999999999964,0.5,0.5999999999999996,,,,0.029999999999999916,0.17000000000000015,0.1399999999999999,0.43999999999999995,-0.09999999999999987,0.050000000000000044,0.04999999999999982,0.050000000000000044,0.050000000000000044,0.050000000000000044,0.050000000000000044,,,,5.300000000000001,3.1,-4.799999999999999,17.9,11.1,2.0,0.5,-0.20000000000000107,1.2999999999999998,1.799999999999999,0.2999999999999998,,,
1983-07-06,0.7,-1.1,2.6,7.5,7.1,5.0,4.3,4.2,4.1,4.1,,,,,5.0,3.7,5.5,3.6,3.3,3.1,3.5,3.9,4.3,4.3,,,,,10.0,10.7,10.3,10.0,9.6,9.4,9.2,9.0,8.8,8.6,,,,,7.7,1.9,-0.4,4.7,4.9,4.3,4.5,4.6,4.5,4.5,,,,,,,,,,,,,,,,,,,,,,,,,,,,,,,,,,,,,,,,,,,,,,,0.6,4.5,2.5,5.9,6.0,5.1,3.1,3.2,3.2,3.2,,,,,-7.6,-6.0,3.9,2.9,2.3,5.0,6.9,7.8,8.0,8.0,,,,,-5.3,39.3,80.5,44.7,14.7,7.3,6.7,6.3,4.3,3.9,,,,,23.1,32.8,-20.2,-0.7,7.3,-31.7,61.9,9.5,7.0,3.8,,,,,-0.2,-0.4,-0.4,-0.7,3.1,2.8,1.6,1.7,1.7,1.9,,,,,5.8,2.6,8.3,11.4,10.6,8.2,7.9,8.3,8.6,8.6,,,,,1.12,1.26,1.69,1.65,1.65,1.65,1.65,1.7,1.75,1.85,,,,,-3.4,-8.2,10.0,18.2,11.8,8.0,7.9,6.9,7.6,8.0,,,,,-1.4000000000000001,-1.8,3.7,4.4,1.5999999999999996,0.20000000000000018,-0.7000000000000002,-0.5,-0.5,-0.7000000000000002,,,,,0.40000000000000036,-1.2999999999999998,1.7999999999999998,-2.1999999999999997,0.09999999999999964,0.0,0.2999999999999998,0.7999999999999998,0.8999999999999999,0.8999999999999999,,,,,0.5999999999999996,0.6999999999999993,-0.3999999999999986,-0.3000000000000007,-0.5,-0.40000000000000036,-0.5,-0.5999999999999996,-0.5999999999999996,-0.5,,,,,2.4000000000000004,-5.800000000000001,-2.3,5.1000000000000005,-0.39999999999999947,-0.2999999999999998,0.20000000000000018,0.2999999999999998,0.2999999999999998,0.5,,,,,,,,,,,,,,,,,,,,,,,,,,,,,,,,,,,,,,,,,,,,,,,-1.9,3.9,-2.0,3.6000000000000005,2.9,0.39999999999999947,-0.9999999999999996,-0.09999999999999964,-0.19999999999999973,0.0,,,,,4.200000000000001,1.5999999999999996,9.9,0.19999999999999973,2.8,2.8,3.5000000000000004,2.7,0.20000000000000018,-0.5,,,,,-18.2,44.599999999999994,41.2,-38.39999999999999,-16.0,-3.000000000000001,-2.8999999999999995,-2.8,-2.8,-2.6,,,,,36.6,9.699999999999996,-53.0,20.400000000000002,4.1,-35.6,71.1,-11.100000000000001,-4.5,-3.3,,,,,-0.6000000000000001,-0.2,0.0,-1.4,2.1,1.5999999999999999,0.30000000000000004,0.0,0.19999999999999996,0.3999999999999999,,,,,-1.0,-3.1999999999999997,5.700000000000001,2.3000000000000007,1.6999999999999993,0.09999999999999964,-0.40000000000000036,0.40000000000000036,0.5,0.1999999999999993,,,,,0.17000000000000015,0.1399999999999999,0.42999999999999994,-0.050000000000000044,0.09999999999999987,0.04999999999999982,0.0,0.0,0.0,0.050000000000000044,,,,,3.1,-4.799999999999999,18.2,8.5,-5.699999999999999,-1.5,-0.1999999999999993,-1.299999999999999,-0.5,-0.6999999999999993,,,,
1983-08-17,-1.0,-1.3,2.6,8.7,8.2,4.8,4.1,4.1,3.8,3.8,,,,,3.7,3.8,5.5,4.5,3.8,3.6,4.5,4.3,4.5,4.5,,,,,10.0,10.7,10.3,10.1,9.3,9.0,8.8,8.7,8.5,8.4,,,,,7.7,1.9,-0.4,4.3,4.2,4.7,4.8,5.0,5.2,5.3,,,,,,,,,,,,,,,,,,,,,,,,,,,,,,,,,,,,,,,,,,,,,,,0.9,3.6,2.9,10.0,5.7,4.4,3.3,2.5,2.0,2.2,,,,,-8.8,-6.6,-1.5,4.6,6.9,8.0,7.4,7.7,7.8,8.6,,,,,-13.0,53.2,57.3,61.1,21.7,-6.8,6.0,17.8,13.2,3.6,,,,,26.3,28.3,-18.0,-0.6,1.4,-17.3,41.9,11.0,6.9,3.5,,,,,-0.4,-0.1,-1.8,-1.0,3.6,3.8,3.1,2.4,1.9,2.4,,,,,2.7,2.5,8.2,13.5,12.4,8.6,8.7,8.6,8.5,8.6,,,,,1.12,1.26,1.69,1.69,1.65,1.55,1.6,1.7,1.75,1.8,,,,,-3.4,-8.2,10.1,18.0,17.1,7.1,6.2,5.5,5.5,5.6,,,,,-1.7,-0.19999999999999996,0.0,1.1999999999999993,1.0999999999999996,-0.20000000000000018,-0.20000000000000018,-0.10000000000000053,-0.2999999999999998,-0.2999999999999998,,,,,-1.2999999999999998,0.09999999999999964,0.0,0.8999999999999999,0.5,0.5,1.0,0.3999999999999999,0.20000000000000018,0.20000000000000018,,,,,0.0,0.0,0.0,0.09999999999999964,-0.29999999999999893,-0.40000000000000036,-0.3999999999999986,-0.3000000000000007,-0.3000000000000007,-0.1999999999999993,,,,,0.0,0.0,0.0,-0.40000000000000036,-0.7000000000000002,0.40000000000000036,0.2999999999999998,0.40000000000000036,0.7000000000000002,0.7999999999999998,,,,,,,,,,,,,,,,,,,,,,,,,,,,,,,,,,,,,,,,,,,,,,,0.30000000000000004,-0.8999999999999999,0.3999999999999999,4.1,-0.2999999999999998,-0.6999999999999993,0.19999999999999973,-0.7000000000000002,-1.2000000000000002,-1.0,,,,,-1.200000000000001,-0.5999999999999996,-5.4,1.6999999999999997,4.6000000000000005,3.0,0.5,-0.09999999999999964,-0.20000000000000018,0.5999999999999996,,,,,-7.7,13.900000000000006,-23.200000000000003,16.4,7.0,-14.1,-0.7000000000000002,11.5,8.899999999999999,-0.2999999999999998,,,,,3.1999999999999993,-4.4999999999999964,2.1999999999999993,0.09999999999999998,-5.9,14.399999999999999,-20.0,1.5,-0.09999999999999964,-0.2999999999999998,,,,,-0.2,0.30000000000000004,-1.4,-0.30000000000000004,0.5,1.0,1.5,0.7,0.19999999999999996,0.5,,,,,-3.0999999999999996,-0.10000000000000009,-0.10000000000000142,2.0999999999999996,1.8000000000000007,0.40000000000000036,0.7999999999999989,0.29999999999999893,-0.09999999999999964,0.0,,,,,0.0,0.0,0.0,0.040000000000000036,0.0,-0.09999999999999987,-0.04999999999999982,0.0,0.0,-0.050000000000000044,,,,,0.0,0.0,0.09999999999999964,-0.1999999999999993,5.300000000000001,-0.9000000000000004,-1.7000000000000002,-1.4000000000000004,-2.0999999999999996,-2.4000000000000004,,,,
1983-09-28,-1.0,-1.3,2.6,9.7,6.9,4.8,4.1,4.3,4.4,4.1,,,,,3.7,3.8,5.5,3.3,4.0,4.1,4.5,4.3,4.4,4.5,,,,,10.0,10.7,10.3,10.1,9.4,9.1,8.9,8.8,8.6,8.4,,,,,7.7,1.9,-0.4,4.3,4.7,5.0,4.9,5.0,5.2,5.3,,,,,,,,,,,,,,,,,,,,,,,,,,,,,,,,,,,,,,,,,,,,,,,0.9,3.6,2.9,10.0,3.0,5.0,2.7,2.5,2.3,2.2,,,,,-8.8,-6.6,-1.5,7.9,9.0,8.3,8.3,8.3,8.5,8.1,,,,,-13.0,53.2,57.3,79.5,34.8,7.6,-1.7,10.8,14.5,4.8,,,,,26.3,28.3,-18.0,-2.8,-1.9,-1.6,16.1,17.1,7.5,6.8,,,,,-0.4,-0.1,-1.8,0.0,3.2,2.9,2.7,2.5,2.6,2.7,,,,,2.7,2.5,8.2,13.3,11.1,9.1,8.8,8.8,9.0,8.8,,,,,1.12,1.26,1.69,1.68,1.81,1.65,1.65,1.75,1.8,1.8,,,,,-3.4,-8.2,10.1,18.3,18.0,7.9,6.1,5.8,7.0,6.4,,,,,0.0,0.0,0.0,1.0,-1.299999999999999,0.0,0.0,0.20000000000000018,0.6000000000000005,0.2999999999999998,,,,,0.0,0.0,0.0,-1.2000000000000002,0.20000000000000018,0.49999999999999956,0.0,0.0,-0.09999999999999964,0.0,,,,,0.0,0.0,0.0,0.0,0.09999999999999964,0.09999999999999964,0.09999999999999964,0.10000000000000142,0.09999999999999964,0.0,,,,,0.0,0.0,0.0,0.0,0.5,0.2999999999999998,0.10000000000000053,0.0,0.0,0.0,,,,,,,,,,,,,,,,,,,,,,,,,,,,,,,,,,,,,,,,,,,,,,,0.0,0.0,0.0,0.0,-2.7,0.5999999999999996,-0.5999999999999996,0.0,0.2999999999999998,0.0,,,,,0.0,0.0,0.0,3.3000000000000007,2.0999999999999996,0.3000000000000007,0.9000000000000004,0.6000000000000005,0.7000000000000002,-0.5,,,,,0.0,0.0,0.0,18.4,13.099999999999998,14.399999999999999,-7.7,-7.0,1.3000000000000007,1.1999999999999997,,,,,0.0,0.0,0.0,-2.1999999999999997,-3.3,15.700000000000001,-25.799999999999997,6.100000000000001,0.5999999999999996,3.3,,,,,0.0,0.0,0.0,1.0,-0.3999999999999999,-0.8999999999999999,-0.3999999999999999,0.10000000000000009,0.7000000000000002,0.30000000000000027,,,,,0.0,0.0,0.0,-0.1999999999999993,-1.3000000000000007,0.5,0.10000000000000142,0.20000000000000107,0.5,0.20000000000000107,,,,,0.0,0.0,0.0,-0.010000000000000009,0.16000000000000014,0.09999999999999987,0.04999999999999982,0.050000000000000044,0.050000000000000044,0.0,,,,,0.0,0.0,0.0,0.3000000000000007,0.8999999999999986,0.8000000000000007,-0.10000000000000053,0.2999999999999998,1.5,0.8000000000000007,,,,
1983-11-09,-1.3,2.6,9.7,7.9,6.3,4.8,4.2,4.2,4.2,,,,,,3.8,5.5,3.3,3.4,4.6,4.7,4.6,4.5,4.6,,,,,,10.7,10.3,10.1,9.4,8.7,8.6,8.4,8.2,8.0,,,,,,1.9,-0.4,4.3,4.7,5.4,5.2,5.3,5.4,5.5,,,,,,,,,,,,,,,,,,,,,,,,,,,,,,,,,,,,,,,,,,,,,,,,3.6,2.9,10.0,3.5,6.5,4.0,2.7,2.0,2.2,,,,,,-6.6,-1.5,7.9,14.6,13.1,11.2,9.1,9.3,9.6,,,,,,53.2,57.3,79.5,37.0,1.6,0.8,1.8,10.0,2.4,,,,,,28.3,-18.0,-2.8,6.8,-15.1,-1.9,39.7,11.4,7.6,,,,,,-0.1,-1.8,0.0,5.0,4.4,3.4,2.7,2.8,3.0,,,,,,2.5,8.2,13.3,11.6,11.2,9.8,8.9,8.8,9.0,,,,,,1.26,1.69,1.68,1.79,1.65,1.65,1.7,1.75,1.75,,,,,,-8.2,10.1,18.4,21.0,12.1,6.0,5.9,6.6,6.3,,,,,,-0.30000000000000004,3.9000000000000004,7.1,-1.799999999999999,-0.6000000000000005,0.0,0.10000000000000053,-0.09999999999999964,-0.20000000000000018,,,,,,0.09999999999999964,1.7000000000000002,-2.2,0.10000000000000009,0.5999999999999996,0.6000000000000005,0.09999999999999964,0.20000000000000018,0.1999999999999993,,,,,,0.6999999999999993,-0.3999999999999986,-0.20000000000000107,-0.6999999999999993,-0.7000000000000011,-0.5,-0.5,-0.6000000000000014,-0.5999999999999996,,,,,,-5.800000000000001,-2.3,4.7,0.40000000000000036,0.7000000000000002,0.20000000000000018,0.39999999999999947,0.40000000000000036,0.2999999999999998,,,,,,,,,,,,,,,,,,,,,,,,,,,,,,,,,,,,,,,,,,,,,,,,2.7,-0.7000000000000002,7.1,-6.5,3.5,-1.0,0.0,-0.5,-0.09999999999999964,,,,,,2.200000000000001,5.1,9.4,6.699999999999999,4.1,2.8999999999999986,0.7999999999999989,1.0,1.0999999999999996,,,,,,66.2,4.099999999999994,22.200000000000003,-42.5,-33.199999999999996,-6.8,3.5,-0.8000000000000007,-12.1,,,,,,2.0,-46.3,15.2,9.6,-13.2,-0.2999999999999998,23.6,-5.700000000000001,0.09999999999999964,,,,,,0.30000000000000004,-1.7,1.8,5.0,1.2000000000000002,0.5,0.0,0.2999999999999998,0.3999999999999999,,,,,,-0.20000000000000018,5.699999999999999,5.100000000000001,-1.700000000000001,0.09999999999999964,0.7000000000000011,0.09999999999999964,0.0,0.0,,,,,,0.1399999999999999,0.42999999999999994,-0.010000000000000009,0.1100000000000001,-0.16000000000000014,0.0,0.050000000000000044,0.0,-0.050000000000000044,,,,,,-4.799999999999999,18.299999999999997,8.299999999999999,2.6999999999999993,-5.9,-1.9000000000000004,-0.1999999999999993,0.7999999999999998,-0.7000000000000002,,,,,
1983-12-14,-1.3,2.6,9.7,7.7,6.3,4.8,4.1,4.2,4.1,,,,,,3.8,5.5,3.3,3.3,4.9,4.9,4.4,4.5,4.6,,,,,,10.7,10.3,10.1,9.4,8.5,8.1,8.0,7.9,7.8,,,,,,1.9,-0.4,4.3,4.7,5.4,5.2,5.2,5.4,5.3,,,,,,,,,,,,,,,,,,,,,,,,,,,,,,,,,,,,,,,,,,,,,,,,3.6,2.9,10.0,3.0,7.5,4.4,3.6,2.4,2.4,,,,,,-6.6,-1.5,7.9,16.3,11.6,10.5,10.2,9.9,9.7,,,,,,53.2,57.3,79.5,30.1,-4.3,8.4,7.9,5.8,-2.6,,,,,,28.3,-18.0,-2.8,6.0,-16.4,-2.1,39.9,12.1,7.4,,,,,,-0.1,-1.8,0.0,4.7,4.0,3.2,2.9,2.9,2.7,,,,,,2.5,8.2,13.3,11.2,11.6,10.0,8.7,8.8,8.9,,,,,,1.26,1.69,1.68,1.79,1.65,1.7,1.7,1.73,1.73,,,,,,-8.2,10.1,18.4,21.4,12.1,6.6,5.9,5.8,5.5,,,,,,0.0,0.0,0.0,-0.20000000000000018,0.0,0.0,-0.10000000000000053,0.0,-0.10000000000000053,,,,,,0.0,0.0,0.0,-0.10000000000000009,0.3000000000000007,0.20000000000000018,-0.1999999999999993,0.0,0.0,,,,,,0.0,0.0,0.0,0.0,-0.1999999999999993,-0.5,-0.40000000000000036,-0.29999999999999893,-0.20000000000000018,,,,,,0.0,0.0,0.0,0.0,0.0,0.0,-0.09999999999999964,0.0,-0.20000000000000018,,,,,,,,,,,,,,,,,,,,,,,,,,,,,,,,,,,,,,,,,,,,,,,,0.0,0.0,0.0,-0.5,1.0,0.40000000000000036,0.8999999999999999,0.3999999999999999,0.19999999999999973,,,,,,0.0,0.0,0.0,1.700000000000001,-1.5,-0.6999999999999993,1.0999999999999996,0.5999999999999996,0.09999999999999964,,,,,,0.0,0.0,0.0,-6.899999999999999,-5.9,7.6000000000000005,6.1000000000000005,-4.2,-5.0,,,,,,0.0,0.0,0.0,-0.7999999999999998,-1.299999999999999,-0.20000000000000018,0.19999999999999574,0.6999999999999993,-0.1999999999999993,,,,,,0.0,0.0,0.0,-0.2999999999999998,-0.40000000000000036,-0.19999999999999973,0.19999999999999973,0.10000000000000009,-0.2999999999999998,,,,,,0.0,0.0,0.0,-0.40000000000000036,0.40000000000000036,0.1999999999999993,-0.20000000000000107,0.0,-0.09999999999999964,,,,,,0.0,0.0,0.0,0.0,0.0,0.050000000000000044,0.0,-0.020000000000000018,-0.020000000000000018,,,,,,0.0,0.0,0.0,0.3999999999999986,0.0,0.5999999999999996,0.0,-0.7999999999999998,-0.7999999999999998,,,,,
1984-01-25,2.6,9.7,7.6,4.5,4.7,4.4,4.3,3.8,3.4,3.4,3.1,2.9,,,5.5,3.3,3.6,3.9,5.2,4.1,4.3,4.6,5.3,4.9,5.1,5.3,,,10.4,10.1,9.4,8.5,8.0,7.8,7.6,7.5,7.4,7.3,7.1,7.0,,,-0.4,4.3,4.7,4.9,4.9,5.1,5.3,5.3,5.2,5.2,5.3,5.4,,,,,,,,,,,,,,,,,,,,,,,,,,,,,,,,,,,,,,,,,,,,,2.9,10.0,2.2,6.5,3.9,3.4,2.6,2.5,2.5,2.7,2.3,2.2,,,-1.5,7.9,18.7,22.3,12.1,10.1,9.2,8.9,7.9,6.6,6.2,4.7,,,57.3,79.5,35.9,-5.2,1.7,4.1,-1.1,-2.3,0.2,-0.7,0.4,-1.2,,,-18.0,-2.8,4.6,-6.8,-24.7,51.9,17.2,8.1,4.4,4.4,4.9,4.9,,,-1.8,0.0,4.3,0.1,3.0,2.4,2.5,2.4,2.4,2.4,2.2,2.2,,,8.2,13.3,11.5,8.6,10.1,8.8,8.8,8.6,8.8,8.4,8.4,8.4,,,1.69,1.68,1.79,1.69,1.7,1.7,1.65,1.65,1.65,1.6,1.6,1.6,,,10.1,18.4,21.8,11.7,6.6,6.2,5.6,4.7,3.4,2.9,2.9,2.6,,,3.9000000000000004,7.1,-2.0999999999999996,-3.2,-1.5999999999999996,-0.39999999999999947,0.20000000000000018,-0.40000000000000036,-0.6999999999999997,,,,,,1.7000000000000002,-2.2,0.30000000000000027,0.6000000000000001,0.2999999999999998,-0.8000000000000007,-0.10000000000000053,0.09999999999999964,0.7000000000000002,,,,,,-0.29999999999999893,-0.20000000000000107,-0.6999999999999993,-0.9000000000000004,-0.5,-0.2999999999999998,-0.40000000000000036,-0.40000000000000036,-0.39999999999999947,,,,,,-2.3,4.7,0.40000000000000036,0.20000000000000018,-0.5,-0.10000000000000053,0.09999999999999964,-0.10000000000000053,-0.09999999999999964,,,,,,,,,,,,,,,,,,,,,,,,,,,,,,,,,,,,,,,,,,,,,,,,-0.7000000000000002,7.1,-7.8,3.5,-3.6,-1.0000000000000004,-1.0,0.10000000000000009,0.10000000000000009,,,,,,5.1,9.4,10.799999999999999,6.0,0.5,-0.40000000000000036,-1.0,-1.0,-1.799999999999999,,,,,,4.099999999999994,22.200000000000003,-43.6,-35.300000000000004,6.0,-4.300000000000001,-9.0,-8.1,2.8000000000000003,,,,,,-46.3,15.2,7.3999999999999995,-12.8,-8.3,54.0,-22.7,-4.0,-3.0,,,,,,-1.7,1.8,4.3,-4.6000000000000005,-1.0,-0.8000000000000003,-0.3999999999999999,-0.5,-0.30000000000000027,,,,,,5.699999999999999,5.100000000000001,-1.8000000000000007,-2.5999999999999996,-1.5,-1.1999999999999993,0.10000000000000142,-0.20000000000000107,-0.09999999999999964,,,,,,0.42999999999999994,-0.010000000000000009,0.1100000000000001,-0.10000000000000009,0.050000000000000044,0.0,-0.050000000000000044,-0.08000000000000007,-0.08000000000000007,,,,,,18.299999999999997,8.299999999999999,3.400000000000002,-9.7,-5.5,-0.39999999999999947,-0.3000000000000007,-1.0999999999999996,-2.1,,,,,
1984-03-21,2.6,9.7,7.6,5.0,8.0,6.0,4.0,3.1,3.1,2.7,2.9,2.8,,,5.5,3.3,3.6,3.9,4.8,4.1,4.7,5.1,5.4,5.3,5.7,5.9,,,10.4,10.1,9.4,8.5,7.8,7.2,6.9,6.8,6.7,6.6,6.5,6.5,,,0.3,4.4,4.1,4.5,5.3,5.1,5.6,5.6,5.6,5.7,5.9,6.0,,,,,,,,,,,,,,,,,,,,,,,,,,,,,,,,,,,,,,,,,,,,,2.9,10.0,2.2,6.5,5.4,3.7,2.5,2.8,2.4,2.2,2.1,2.1,,,-1.5,7.9,18.7,27.2,15.6,11.0,9.6,8.6,8.0,6.9,5.7,4.5,,,57.3,79.5,35.9,-6.9,30.6,19.6,-2.4,-9.1,-2.9,-6.0,-0.7,-4.3,,,-18.0,-2.8,4.6,-8.4,-4.1,31.4,9.3,10.3,7.6,4.4,4.9,4.1,,,-1.8,0.0,4.3,-0.8,2.5,3.3,2.9,3.1,2.8,3.0,2.9,2.7,,,8.2,13.3,11.5,9.1,13.1,10.3,8.9,8.4,8.7,8.1,8.8,8.9,,,1.64,1.69,1.78,1.7,2.06,1.85,1.8,1.75,1.75,1.7,1.7,1.7,,,10.1,18.4,21.8,10.0,11.8,10.7,7.3,5.9,4.6,3.8,3.3,1.8,,,0.0,0.0,0.0,0.5,3.3,1.5999999999999996,-0.2999999999999998,-0.6999999999999997,-0.2999999999999998,-0.6999999999999997,-0.20000000000000018,-0.10000000000000009,,,0.0,0.0,0.0,0.0,-0.40000000000000036,0.0,0.40000000000000036,0.5,0.10000000000000053,0.39999999999999947,0.6000000000000005,0.6000000000000005,,,0.0,0.0,0.0,0.0,-0.20000000000000018,-0.5999999999999996,-0.6999999999999993,-0.7000000000000002,-0.7000000000000002,-0.7000000000000002,-0.5999999999999996,-0.5,,,0.7,0.10000000000000053,-0.6000000000000005,-0.40000000000000036,0.39999999999999947,0.0,0.2999999999999998,0.2999999999999998,0.39999999999999947,0.5,0.6000000000000005,0.5999999999999996,,,,,,,,,,,,,,,,,,,,,,,,,,,,,,,,,,,,,,,,,,,,,0.0,0.0,0.0,0.0,1.5000000000000004,0.30000000000000027,-0.10000000000000009,0.2999999999999998,-0.10000000000000009,-0.5,-0.19999999999999973,-0.10000000000000009,,,0.0,0.0,0.0,4.899999999999999,3.5,0.9000000000000004,0.40000000000000036,-0.3000000000000007,0.09999999999999964,0.3000000000000007,-0.5,-0.20000000000000018,,,0.0,0.0,0.0,-1.7000000000000002,28.900000000000002,15.500000000000002,-1.2999999999999998,-6.8,-3.1,-5.3,-1.1,-3.0999999999999996,,,0.0,0.0,0.0,-1.6000000000000005,20.6,-20.5,-7.899999999999999,2.200000000000001,3.1999999999999993,0.0,0.0,-0.8000000000000007,,,0.0,0.0,0.0,-0.9,-0.5,0.8999999999999999,0.3999999999999999,0.7000000000000002,0.3999999999999999,0.6000000000000001,0.6999999999999997,0.5,,,0.0,0.0,0.0,0.5,3.0,1.5,0.09999999999999964,-0.1999999999999993,-0.10000000000000142,-0.3000000000000007,0.40000000000000036,0.5,,,-0.050000000000000044,0.010000000000000009,-0.010000000000000009,0.010000000000000009,0.3600000000000001,0.15000000000000013,0.15000000000000013,0.10000000000000009,0.10000000000000009,0.09999999999999987,0.09999999999999987,0.09999999999999987,,,0.0,0.0,0.0,-1.6999999999999993,5.200000000000001,4.499999999999999,1.7000000000000002,1.2000000000000002,1.1999999999999997,0.8999999999999999,0.3999999999999999,-0.8,,
1984-05-16,9.7,7.6,5.0,8.3,5.0,4.9,3.1,2.7,2.9,2.9,2.8,,,,3.3,3.6,3.9,4.1,4.3,4.6,4.7,5.4,5.2,5.6,5.9,,,,10.1,9.4,8.5,7.9,7.6,7.3,7.2,7.1,7.0,6.9,6.8,,,,4.4,4.1,4.5,5.0,4.4,5.4,5.6,5.6,5.6,5.8,6.0,,,,,,,,,,,,,,,,,,,,,,,,,,,,,,,,,,,,,,,,,,,,,,10.0,2.2,6.5,5.8,4.3,3.0,2.9,2.5,2.2,2.1,2.0,,,,7.9,18.7,27.2,12.1,12.9,11.3,9.5,8.5,7.4,5.9,4.6,,,,79.5,35.9,-6.9,31.3,12.6,-0.5,-13.2,-7.6,-2.9,-0.6,-1.0,,,,-2.8,4.6,-8.4,-6.6,33.5,9.3,9.6,7.7,4.5,4.9,4.2,,,,0.0,4.3,-0.8,3.2,3.1,2.9,2.9,2.7,2.7,2.7,2.6,,,,13.3,11.5,9.1,12.8,9.5,9.8,8.0,8.3,8.3,8.7,8.8,,,,1.69,1.78,1.7,1.95,1.85,1.75,1.7,1.65,1.65,1.65,1.65,,,,18.4,21.8,10.2,11.5,11.2,6.7,4.4,3.9,3.8,4.0,3.5,,,,7.1,-2.0999999999999996,-2.5999999999999996,3.3000000000000007,-3.0,-1.0999999999999996,-0.8999999999999999,-0.3999999999999999,-0.20000000000000018,0.19999999999999973,-0.10000000000000009,,,,-2.2,0.30000000000000027,0.2999999999999998,0.19999999999999973,-0.5,0.5,0.0,0.3000000000000007,-0.20000000000000018,0.2999999999999998,0.20000000000000018,,,,-0.3000000000000007,-0.6999999999999993,-0.9000000000000004,-0.5999999999999996,-0.20000000000000018,0.09999999999999964,0.2999999999999998,0.2999999999999998,0.2999999999999998,0.3000000000000007,0.2999999999999998,,,,4.1000000000000005,-0.3000000000000007,0.40000000000000036,0.5,-0.8999999999999995,0.3000000000000007,0.0,0.0,0.0,0.09999999999999964,0.09999999999999964,,,,,,,,,,,,,,,,,,,,,,,,,,,,,,,,,,,,,,,,,,,,,,7.1,-7.8,4.3,-0.7000000000000002,-1.1000000000000005,-0.7000000000000002,0.3999999999999999,-0.2999999999999998,-0.19999999999999973,-0.10000000000000009,-0.10000000000000009,,,,9.4,10.799999999999999,8.5,-15.1,-2.6999999999999993,0.3000000000000007,-0.09999999999999964,-0.09999999999999964,-0.5999999999999996,-1.0,-1.1000000000000005,,,,22.200000000000003,-43.6,-42.8,38.2,-18.0,-20.1,-10.799999999999999,1.5,0.0,5.4,-0.30000000000000004,,,,15.2,7.3999999999999995,-13.0,1.8000000000000007,37.6,-22.099999999999998,0.29999999999999893,-2.6000000000000005,-3.0999999999999996,0.5,-0.7000000000000002,,,,1.8,4.3,-5.1,4.0,0.6000000000000001,-0.3999999999999999,0.0,-0.3999999999999999,-0.09999999999999964,-0.2999999999999998,-0.2999999999999998,,,,5.100000000000001,-1.8000000000000007,-2.4000000000000004,3.700000000000001,-3.5999999999999996,-0.5,-0.9000000000000004,-0.09999999999999964,-0.3999999999999986,0.5999999999999996,0.0,,,,0.050000000000000044,0.09000000000000008,-0.08000000000000007,0.25,-0.20999999999999996,-0.10000000000000009,-0.10000000000000009,-0.10000000000000009,-0.10000000000000009,-0.050000000000000044,-0.050000000000000044,,,,8.299999999999999,3.400000000000002,-11.600000000000001,1.5,-0.6000000000000014,-3.999999999999999,-2.8999999999999995,-2.0000000000000004,-0.7999999999999998,0.20000000000000018,0.20000000000000018,,,
1984-07-11,7.6,5.0,9.7,6.7,5.3,3.5,3.0,2.8,2.8,2.7,,,,,3.6,3.9,3.9,2.8,4.1,4.5,4.9,4.8,5.3,5.6,,,,,9.4,8.5,7.9,7.5,6.9,6.7,6.6,6.5,6.4,6.4,,,,,4.1,4.5,5.0,3.9,4.7,5.1,5.3,5.4,5.8,6.0,,,,,,,,,,,,,,,,,,,,,,,,,,,,,,,,,,,,,,,,,,,,,,,2.2,6.5,6.4,6.5,5.0,3.4,2.6,2.2,2.1,1.9,,,,,18.7,27.2,16.1,20.8,14.6,11.7,9.4,7.5,5.9,4.9,,,,,35.9,-6.9,26.3,4.4,-8.1,-4.2,-5.3,-9.3,-0.3,-2.2,,,,,4.6,-8.4,-8.6,37.0,11.6,10.6,8.0,4.6,4.8,4.7,,,,,4.3,-0.8,3.0,3.1,2.9,2.9,2.7,2.7,2.6,2.6,,,,,11.5,9.1,13.9,9.8,9.6,8.2,8.1,7.7,8.2,8.5,,,,,1.78,1.7,1.97,1.84,1.7,1.7,1.65,1.6,1.6,1.6,,,,,21.8,10.2,11.5,8.3,7.1,4.7,3.9,3.6,3.3,3.3,,,,,-2.0999999999999996,-2.5999999999999996,4.699999999999999,-1.6000000000000005,0.2999999999999998,-1.4000000000000004,-0.10000000000000009,0.09999999999999964,-0.10000000000000009,-0.19999999999999973,,,,,0.30000000000000027,0.2999999999999998,0.0,-1.2999999999999998,-0.20000000000000018,-0.09999999999999964,0.20000000000000018,-0.6000000000000005,0.09999999999999964,0.0,,,,,-0.6999999999999993,-0.9000000000000004,-0.5999999999999996,-0.40000000000000036,-0.6999999999999993,-0.5999999999999996,-0.6000000000000005,-0.5999999999999996,-0.5999999999999996,-0.5,,,,,-0.3000000000000007,0.40000000000000036,0.5,-1.1,0.2999999999999998,-0.3000000000000007,-0.2999999999999998,-0.1999999999999993,0.20000000000000018,0.20000000000000018,,,,,,,,,,,,,,,,,,,,,,,,,,,,,,,,,,,,,,,,,,,,,,,-7.8,4.3,-0.09999999999999964,0.7000000000000002,0.7000000000000002,0.3999999999999999,-0.2999999999999998,-0.2999999999999998,-0.10000000000000009,-0.20000000000000018,,,,,10.799999999999999,8.5,-11.099999999999998,8.700000000000001,1.6999999999999993,0.3999999999999986,-0.09999999999999964,-1.0,-1.5,-1.0,,,,,-43.6,-42.8,33.2,-26.9,-20.7,-3.7,7.8999999999999995,-1.700000000000001,2.6,-1.6,,,,,7.3999999999999995,-13.0,-0.1999999999999993,43.6,-21.9,1.299999999999999,-1.5999999999999996,-3.1000000000000005,0.2999999999999998,-0.20000000000000018,,,,,4.3,-5.1,3.8,-0.10000000000000009,-0.20000000000000018,0.0,-0.19999999999999973,0.0,-0.10000000000000009,-0.10000000000000009,,,,,-1.8000000000000007,-2.4000000000000004,4.800000000000001,-3.0,0.09999999999999964,-1.6000000000000014,0.09999999999999964,-0.6000000000000005,-0.10000000000000142,-0.1999999999999993,,,,,0.09000000000000008,-0.08000000000000007,0.27,-0.10999999999999988,-0.15000000000000013,-0.050000000000000044,-0.050000000000000044,-0.04999999999999982,-0.04999999999999982,-0.04999999999999982,,,,,3.400000000000002,-11.600000000000001,1.3000000000000007,-3.1999999999999993,-4.1,-2.0,-0.5000000000000004,-0.2999999999999998,-0.5,-0.7000000000000002,,,,
1984-08-15,6.8,5.9,10.1,7.5,5.0,4.0,3.4,3.1,3.1,3.0,,,,,3.1,4.4,4.4,3.2,3.3,3.9,4.5,4.2,4.8,5.2,,,,,9.4,8.5,7.9,7.5,7.2,6.9,6.8,6.7,6.6,6.5,,,,,4.1,4.5,5.0,3.7,3.7,4.6,5.0,5.0,5.5,5.7,,,,,,,,,,,,,,,,,,,,,,,,,,,,,,,,,,,,,,,,,,,,,,,3.8,6.8,4.6,6.9,4.1,3.9,3.3,2.8,2.6,2.1,,,,,18.9,30.6,20.5,20.7,18.3,13.4,10.8,9.0,7.9,7.1,,,,,31.6,4.3,20.8,9.6,-6.1,-1.7,-4.8,-10.7,-4.6,-2.1,,,,,-5.3,-8.7,-2.8,47.7,2.7,8.4,9.2,5.7,4.7,4.7,,,,,2.8,-1.4,3.5,3.2,2.9,2.9,2.7,2.7,2.6,2.6,,,,,10.1,10.6,14.9,10.9,8.4,8.1,8.0,7.4,8.1,8.4,,,,,1.78,1.7,1.97,1.91,1.73,1.7,1.65,1.6,1.6,1.6,,,,,21.8,10.2,11.5,8.3,8.9,5.1,4.8,4.3,4.0,3.7,,,,,-0.7999999999999998,0.9000000000000004,0.40000000000000036,0.7999999999999998,-0.2999999999999998,0.5,0.3999999999999999,0.30000000000000027,0.30000000000000027,0.2999999999999998,,,,,-0.5,0.5000000000000004,0.5000000000000004,0.40000000000000036,-0.7999999999999998,-0.6000000000000001,-0.40000000000000036,-0.5999999999999996,-0.5,-0.39999999999999947,,,,,0.0,0.0,0.0,0.0,0.2999999999999998,0.20000000000000018,0.20000000000000018,0.20000000000000018,0.1999999999999993,0.09999999999999964,,,,,0.0,0.0,0.0,-0.19999999999999973,-1.0,-0.5,-0.2999999999999998,-0.40000000000000036,-0.2999999999999998,-0.2999999999999998,,,,,,,,,,,,,,,,,,,,,,,,,,,,,,,,,,,,,,,,,,,,,,,1.5999999999999996,0.2999999999999998,-1.8000000000000007,0.40000000000000036,-0.9000000000000004,0.5,0.6999999999999997,0.5999999999999996,0.5,0.20000000000000018,,,,,0.1999999999999993,3.400000000000002,4.399999999999999,-0.10000000000000142,3.700000000000001,1.700000000000001,1.4000000000000004,1.5,2.0,2.1999999999999993,,,,,-4.299999999999997,11.2,-5.5,5.199999999999999,2.0,2.5,0.5,-1.3999999999999986,-4.3,0.10000000000000009,,,,,-9.899999999999999,-0.29999999999999893,5.8,10.700000000000003,-8.899999999999999,-2.1999999999999993,1.1999999999999993,1.1000000000000005,-0.09999999999999964,0.0,,,,,-1.5,-0.5999999999999999,0.5,0.10000000000000009,0.0,0.0,0.0,0.0,0.0,0.0,,,,,-1.4000000000000004,1.5,1.0,1.0999999999999996,-1.1999999999999993,-0.09999999999999964,-0.09999999999999964,-0.2999999999999998,-0.09999999999999964,-0.09999999999999964,,,,,0.0,0.0,0.0,0.06999999999999984,0.030000000000000027,0.0,0.0,0.0,0.0,0.0,,,,,0.0,0.0,0.0,0.0,1.8000000000000007,0.39999999999999947,0.8999999999999999,0.6999999999999997,0.7000000000000002,0.40000000000000036,,,,
1984-09-26,6.8,5.9,10.1,7.1,2.7,4.3,3.2,2.9,2.8,3.0,,,,,3.1,4.4,4.4,3.3,3.4,4.3,4.8,4.1,4.3,4.6,,,,,9.4,8.5,7.9,7.5,7.5,7.2,7.0,6.9,6.8,6.7,,,,,4.1,4.5,5.0,3.7,3.7,4.6,4.7,4.8,5.0,5.1,,,,,,,,,,,,,,,,,,,,,,,,,,,,,,,,,,,,,,,,,,,,,,,3.8,6.8,4.6,7.9,0.8,5.2,3.5,2.9,2.8,2.4,,,,,18.7,30.6,20.5,21.4,8.1,12.0,10.3,8.7,7.8,6.8,,,,,31.6,4.0,20.8,1.3,-4.5,-1.6,0.0,-5.7,-3.2,0.6,,,,,-5.3,-8.7,-2.8,45.4,8.2,5.4,6.8,5.9,4.9,4.8,,,,,2.7,-1.4,3.5,3.7,4.3,2.8,2.6,2.6,2.6,2.4,,,,,10.1,10.6,14.9,10.7,6.3,8.8,8.1,7.1,7.3,7.7,,,,,1.78,1.7,1.97,1.9,1.67,1.75,1.7,1.65,1.65,1.65,,,,,21.8,10.2,11.5,8.5,7.0,4.7,4.4,4.0,4.0,3.6,,,,,0.0,0.0,0.0,-0.40000000000000036,-2.3,0.2999999999999998,-0.19999999999999973,-0.20000000000000018,-0.30000000000000027,0.0,,,,,0.0,0.0,0.0,0.09999999999999964,0.10000000000000009,0.3999999999999999,0.2999999999999998,-0.10000000000000053,-0.5,-0.6000000000000005,,,,,0.0,0.0,0.0,0.0,0.2999999999999998,0.2999999999999998,0.20000000000000018,0.20000000000000018,0.20000000000000018,0.20000000000000018,,,,,0.0,0.0,0.0,0.0,0.0,0.0,-0.2999999999999998,-0.20000000000000018,-0.5,-0.6000000000000005,,,,,,,,,,,,,,,,,,,,,,,,,,,,,,,,,,,,,,,,,,,,,,,0.0,0.0,0.0,1.0,-3.3,1.3000000000000003,0.20000000000000018,0.10000000000000009,0.19999999999999973,0.2999999999999998,,,,,-0.1999999999999993,0.0,0.0,0.6999999999999993,-10.200000000000001,-1.4000000000000004,-0.5,-0.3000000000000007,-0.10000000000000053,-0.2999999999999998,,,,,0.0,-0.2999999999999998,0.0,-8.299999999999999,1.5999999999999996,0.09999999999999987,4.8,4.999999999999999,1.3999999999999995,2.7,,,,,0.0,0.0,0.0,-2.3000000000000043,5.499999999999999,-3.0,-2.3999999999999995,0.20000000000000018,0.20000000000000018,0.09999999999999964,,,,,-0.09999999999999964,0.0,0.0,0.5,1.4,-0.10000000000000009,-0.10000000000000009,-0.10000000000000009,0.0,-0.20000000000000018,,,,,0.0,0.0,0.0,-0.20000000000000107,-2.1000000000000005,0.7000000000000011,0.09999999999999964,-0.3000000000000007,-0.7999999999999998,-0.7000000000000002,,,,,0.0,0.0,0.0,-0.010000000000000009,-0.06000000000000005,0.050000000000000044,0.050000000000000044,0.04999999999999982,0.04999999999999982,0.04999999999999982,,,,,0.0,0.0,0.0,0.1999999999999993,-1.9000000000000004,-0.39999999999999947,-0.39999999999999947,-0.2999999999999998,0.0,-0.10000000000000009,,,,
1984-10-31,5.9,10.1,7.1,2.7,3.4,3.4,3.3,3.1,2.9,,,,,,4.4,4.4,3.3,3.6,3.8,4.6,3.9,4.1,4.3,,,,,,8.5,7.9,7.5,7.5,7.3,7.1,7.0,6.9,6.8,,,,,,4.5,5.0,3.7,3.5,4.1,4.1,4.4,4.8,4.9,,,,,,,,,,,,,,,,,,,,,,,,,,,,,,,,,,,,,,,,,,,,,,,,6.8,4.6,7.9,0.2,5.3,4.4,3.4,2.7,2.9,,,,,,30.6,20.5,21.4,7.9,8.7,8.3,7.8,7.3,6.6,,,,,,4.0,20.8,1.3,2.7,-5.3,1.9,3.3,2.9,0.6,,,,,,-8.7,-2.8,45.4,14.3,6.3,2.6,3.7,6.2,5.4,,,,,,-1.4,3.5,3.7,5.0,2.8,2.7,2.2,2.2,2.2,,,,,,10.6,14.9,10.7,6.3,7.4,8.2,7.3,7.3,7.3,,,,,,1.7,1.97,1.9,1.66,1.7,1.75,1.8,1.75,1.75,,,,,,10.2,11.5,8.6,6.5,2.7,3.6,4.3,4.1,4.0,,,,,,-0.8999999999999995,4.199999999999999,-3.0,-4.3999999999999995,0.6999999999999997,-0.8999999999999999,0.09999999999999964,0.20000000000000018,0.10000000000000009,,,,,,1.3000000000000003,0.0,-1.1000000000000005,0.30000000000000027,0.3999999999999999,0.2999999999999998,-0.8999999999999999,0.0,0.0,,,,,,-0.9000000000000004,-0.5999999999999996,-0.40000000000000036,0.0,-0.20000000000000018,-0.10000000000000053,0.0,0.0,0.0,,,,,,0.40000000000000036,0.5,-1.2999999999999998,-0.20000000000000018,0.39999999999999947,-0.5,-0.2999999999999998,0.0,-0.09999999999999964,,,,,,,,,,,,,,,,,,,,,,,,,,,,,,,,,,,,,,,,,,,,,,,,3.0,-2.2,3.3000000000000007,-7.7,4.5,-0.7999999999999998,-0.10000000000000009,-0.19999999999999973,0.10000000000000009,,,,,,11.900000000000002,-10.100000000000001,0.8999999999999986,-13.499999999999998,0.5999999999999996,-3.6999999999999993,-2.500000000000001,-1.3999999999999995,-1.2000000000000002,,,,,,-27.6,16.8,-19.5,1.4000000000000001,-0.7999999999999998,3.5,3.3,8.6,3.8000000000000003,,,,,,-3.3999999999999995,5.8999999999999995,48.199999999999996,-31.099999999999998,-1.8999999999999995,-2.8000000000000003,-3.0999999999999996,0.2999999999999998,0.5,,,,,,-4.1,4.9,0.20000000000000018,1.2999999999999998,-1.5,-0.09999999999999964,-0.3999999999999999,-0.3999999999999999,-0.3999999999999999,,,,,,0.5,4.300000000000001,-4.200000000000001,-4.3999999999999995,1.1000000000000005,-0.6000000000000014,-0.7999999999999998,0.20000000000000018,0.0,,,,,,-0.08000000000000007,0.27,-0.07000000000000006,-0.24,0.030000000000000027,0.0,0.10000000000000009,0.10000000000000009,0.10000000000000009,,,,,,-11.600000000000001,1.3000000000000007,-2.9000000000000004,-2.0,-4.3,-1.1,-0.10000000000000053,0.09999999999999964,0.0,,,,,
1984-12-12,5.9,10.1,7.1,1.9,1.3,2.4,3.2,3.2,2.8,,,,,,4.4,4.4,3.3,3.7,4.1,4.5,3.6,3.7,3.9,,,,,,8.5,7.9,7.5,7.5,7.3,7.2,7.1,7.1,7.0,,,,,,4.5,5.0,3.7,3.5,4.5,4.0,4.1,4.4,4.6,,,,,,,,,,,,,,,,,,,,,,,,,,,,,,,,,,,,,,,,,,,,,,,,6.8,4.6,7.9,0.5,2.8,4.4,3.2,3.0,2.6,,,,,,30.6,20.5,21.4,15.8,2.0,6.4,6.2,5.8,5.6,,,,,,4.0,20.8,1.3,-4.5,-7.7,7.1,10.5,9.8,-0.5,,,,,,-8.7,-2.8,45.4,7.3,6.3,2.6,4.2,6.0,5.2,,,,,,-1.4,3.5,3.7,5.7,2.9,2.7,2.2,2.2,2.2,,,,,,10.6,14.9,10.7,5.7,5.5,7.1,7.0,7.0,6.8,,,,,,1.7,1.97,1.9,1.66,1.64,1.75,1.85,1.8,1.75,,,,,,10.2,11.5,8.6,6.3,-1.5,3.1,3.6,3.6,3.5,,,,,,0.0,0.0,0.0,-0.8000000000000003,-2.0999999999999996,-1.0,-0.09999999999999964,0.10000000000000009,-0.10000000000000009,,,,,,0.0,0.0,0.0,0.10000000000000009,0.2999999999999998,-0.09999999999999964,-0.2999999999999998,-0.39999999999999947,-0.3999999999999999,,,,,,0.0,0.0,0.0,0.0,0.0,0.10000000000000053,0.09999999999999964,0.1999999999999993,0.20000000000000018,,,,,,0.0,0.0,0.0,0.0,0.40000000000000036,-0.09999999999999964,-0.3000000000000007,-0.39999999999999947,-0.3000000000000007,,,,,,,,,,,,,,,,,,,,,,,,,,,,,,,,,,,,,,,,,,,,,,,,0.0,0.0,0.0,0.3,-2.5,0.0,-0.19999999999999973,0.2999999999999998,-0.2999999999999998,,,,,,0.0,0.0,0.0,7.9,-6.699999999999999,-1.9000000000000004,-1.5999999999999996,-1.5,-1.0,,,,,,0.0,0.0,0.0,-7.2,-2.4000000000000004,5.199999999999999,7.2,6.9,-1.1,,,,,,0.0,0.0,0.0,-7.000000000000001,0.0,0.0,0.5,-0.20000000000000018,-0.20000000000000018,,,,,,0.0,0.0,0.0,0.7000000000000002,0.10000000000000009,0.0,0.0,0.0,0.0,,,,,,0.0,0.0,0.0,-0.5999999999999996,-1.9000000000000004,-1.0999999999999996,-0.2999999999999998,-0.2999999999999998,-0.5,,,,,,0.0,0.0,0.0,0.0,-0.06000000000000005,0.0,0.050000000000000044,0.050000000000000044,0.0,,,,,,0.0,0.0,0.0,-0.20000000000000018,-4.2,-0.5,-0.6999999999999997,-0.49999999999999956,-0.5,,,,,
1985-02-06,10.1,7.1,1.6,3.9,3.8,3.6,3.5,3.3,2.8,2.4,2.7,2.8,,,4.4,3.3,3.9,2.4,4.2,3.6,3.2,3.2,3.8,3.9,3.9,4.1,,,7.9,7.5,7.4,7.2,7.2,6.9,6.8,6.7,6.7,6.7,6.6,6.6,,,5.0,3.7,3.5,3.9,3.5,3.7,3.9,4.1,4.1,4.1,4.3,4.6,,,,,,,,,,,,,,,,,,,,,,,,,,,,,,,,,,,,,,,,,,,,,4.6,7.9,0.7,3.9,4.9,4.5,3.8,3.3,2.7,2.6,2.5,2.0,,,20.5,21.4,13.7,11.1,8.7,7.4,6.6,6.1,5.5,4.8,4.4,4.1,,,20.8,1.3,-4.6,-1.7,2.8,12.2,12.4,5.1,1.5,-4.6,3.1,8.2,,,-2.8,45.4,6.2,13.7,1.1,4.0,5.2,4.7,2.4,0.6,1.4,2.7,,,3.5,3.7,4.8,1.9,2.5,2.4,2.4,2.3,1.9,1.9,1.9,1.9,,,14.9,10.7,5.6,6.4,8.1,7.4,6.8,6.6,6.7,6.4,6.7,7.0,,,1.97,1.9,1.66,1.56,1.7,1.8,1.75,1.75,1.75,1.75,1.75,1.8,,,11.5,8.6,6.3,-0.8,5.4,4.3,4.4,3.7,3.2,3.1,3.1,3.2,,,4.199999999999999,-3.0,-5.5,2.0,2.5,1.2000000000000002,0.2999999999999998,0.09999999999999964,0.0,,,,,,0.0,-1.1000000000000005,0.6000000000000001,-1.3000000000000003,0.10000000000000053,-0.8999999999999999,-0.3999999999999999,-0.5,-0.10000000000000009,,,,,,-0.5999999999999996,-0.40000000000000036,-0.09999999999999964,-0.2999999999999998,-0.09999999999999964,-0.2999999999999998,-0.2999999999999998,-0.39999999999999947,-0.2999999999999998,,,,,,0.5,-1.2999999999999998,-0.20000000000000018,0.3999999999999999,-1.0,-0.2999999999999998,-0.19999999999999973,-0.3000000000000007,-0.5,,,,,,,,,,,,,,,,,,,,,,,,,,,,,,,,,,,,,,,,,,,,,,,,-2.2,3.3000000000000007,-7.2,3.4,2.1000000000000005,0.09999999999999964,0.5999999999999996,0.2999999999999998,0.10000000000000009,,,,,,-10.100000000000001,0.8999999999999986,-7.699999999999999,-4.700000000000001,6.699999999999999,1.0,0.39999999999999947,0.2999999999999998,-0.09999999999999964,,,,,,16.8,-19.5,-5.8999999999999995,2.8,10.5,5.1,1.9000000000000004,-4.700000000000001,2.0,,,,,,5.8999999999999995,48.199999999999996,-39.199999999999996,6.3999999999999995,-5.199999999999999,1.4,1.0,-1.2999999999999998,-2.8000000000000003,,,,,,4.9,0.20000000000000018,1.0999999999999996,-3.8000000000000003,-0.3999999999999999,-0.30000000000000027,0.19999999999999973,0.09999999999999964,-0.30000000000000027,,,,,,4.300000000000001,-4.200000000000001,-5.1,0.7000000000000002,2.5999999999999996,0.3000000000000007,-0.20000000000000018,-0.40000000000000036,-0.09999999999999964,,,,,,0.27,-0.07000000000000006,-0.24,-0.09999999999999987,0.06000000000000005,0.050000000000000044,-0.10000000000000009,-0.050000000000000044,0.0,,,,,,1.3000000000000007,-2.9000000000000004,-2.3,-7.1,6.9,1.1999999999999997,0.8000000000000003,0.10000000000000009,-0.2999999999999998,,,,,
1985-03-20,10.1,7.1,1.6,4.9,3.1,3.5,3.3,3.3,2.4,2.4,2.8,2.6,,,4.4,3.3,3.9,2.8,4.2,2.8,3.1,3.3,3.7,3.5,3.7,4.1,,,7.9,7.5,7.4,7.2,7.3,7.1,6.9,6.8,6.8,6.8,6.7,6.7,,,5.2,3.7,3.7,3.6,3.1,3.3,3.5,3.8,4.0,4.0,4.2,4.4,,,,,,,,,,,,,,,,,,,,,,,,,,,,,,,,,,,,,,,,,,,,,4.6,7.9,0.7,3.6,6.2,4.1,3.5,3.2,2.8,2.7,2.5,2.1,,,20.6,21.3,13.7,6.3,6.9,7.5,6.5,6.0,5.3,4.6,4.2,3.9,,,21.3,1.2,-4.6,-5.3,3.0,12.0,11.1,3.6,0.0,-2.3,6.6,6.4,,,-2.8,45.2,6.2,15.3,2.6,3.5,3.8,4.6,2.2,1.4,1.5,1.5,,,3.5,3.7,4.8,0.4,1.4,2.9,2.4,2.4,2.0,1.9,1.9,1.9,,,14.9,10.7,5.6,7.8,7.4,6.4,6.5,6.7,6.2,5.9,6.6,6.8,,,1.95,1.86,1.66,1.59,1.71,1.8,1.75,1.75,1.75,1.75,1.8,1.8,,,11.5,8.6,6.3,-2.2,1.0,3.2,3.7,3.7,3.1,2.9,3.2,3.3,,,0.0,0.0,0.0,1.0000000000000004,-0.6999999999999997,-0.10000000000000009,-0.20000000000000018,0.0,-0.3999999999999999,0.0,0.09999999999999964,-0.19999999999999973,,,0.0,0.0,0.0,0.3999999999999999,0.0,-0.8000000000000003,-0.10000000000000009,0.09999999999999964,-0.09999999999999964,-0.3999999999999999,-0.19999999999999973,0.0,,,0.0,0.0,0.0,0.0,0.09999999999999964,0.1999999999999993,0.10000000000000053,0.09999999999999964,0.09999999999999964,0.09999999999999964,0.10000000000000053,0.10000000000000053,,,0.20000000000000018,0.0,0.20000000000000018,-0.2999999999999998,-0.3999999999999999,-0.40000000000000036,-0.3999999999999999,-0.2999999999999998,-0.09999999999999964,-0.09999999999999964,-0.09999999999999964,-0.1999999999999993,,,,,,,,,,,,,,,,,,,,,,,,,,,,,,,,,,,,,,,,,,,,,0.0,0.0,0.0,-0.2999999999999998,1.2999999999999998,-0.40000000000000036,-0.2999999999999998,-0.09999999999999964,0.09999999999999964,0.10000000000000009,0.0,0.10000000000000009,,,0.10000000000000142,-0.09999999999999787,0.0,-4.8,-1.799999999999999,0.09999999999999964,-0.09999999999999964,-0.09999999999999964,-0.20000000000000018,-0.20000000000000018,-0.20000000000000018,-0.19999999999999973,,,0.5,-0.10000000000000009,0.0,-3.5999999999999996,0.20000000000000018,-0.1999999999999993,-1.3000000000000007,-1.4999999999999996,-1.5,2.3,3.4999999999999996,-1.799999999999999,,,0.0,-0.19999999999999574,0.0,1.6000000000000014,1.5,-0.5,-1.4000000000000004,-0.10000000000000053,-0.19999999999999973,0.7999999999999999,0.10000000000000009,-1.2000000000000002,,,0.0,0.0,0.0,-1.5,-1.1,0.5,0.0,0.10000000000000009,0.10000000000000009,0.0,0.0,0.0,,,0.0,0.0,0.0,1.3999999999999995,-0.6999999999999993,-1.0,-0.2999999999999998,0.10000000000000053,-0.5,-0.5,-0.10000000000000053,-0.20000000000000018,,,-0.020000000000000018,-0.039999999999999813,0.0,0.030000000000000027,0.010000000000000009,0.0,0.0,0.0,0.0,0.0,0.050000000000000044,0.0,,,0.0,0.0,0.0,-1.4000000000000001,-4.4,-1.0999999999999996,-0.7000000000000002,0.0,-0.10000000000000009,-0.20000000000000018,0.10000000000000009,0.09999999999999964,,
1985-05-15,7.1,1.6,4.3,1.3,2.3,3.5,3.0,2.6,2.5,2.5,2.5,,,,3.3,3.9,2.8,5.3,2.9,2.7,3.1,3.7,3.5,3.7,4.2,,,,7.5,7.4,7.2,7.3,7.3,7.2,7.1,7.0,7.0,7.0,7.0,,,,3.7,3.7,3.6,3.2,4.1,3.4,3.7,4.0,4.0,4.2,4.4,,,,,,,,,,,,,,,,,,,,,,,,,,,,,,,,,,,,,,,,,,,,,,7.9,0.7,3.6,4.7,2.6,2.8,2.7,2.6,2.2,2.0,1.8,,,,21.3,13.7,8.5,3.5,5.2,5.0,4.7,4.4,4.0,4.0,3.9,,,,1.2,-4.6,-5.5,-0.8,14.3,8.9,7.7,4.5,4.3,3.9,3.7,,,,45.2,6.2,15.2,-0.8,8.8,2.0,4.2,2.1,1.3,1.7,1.4,,,,3.7,4.8,-0.2,0.9,2.8,2.4,2.4,2.0,2.0,1.9,2.0,,,,10.7,5.6,7.1,6.7,5.3,6.3,6.3,6.5,6.0,6.3,6.8,,,,1.86,1.66,1.6,1.79,1.8,1.8,1.8,1.8,1.85,1.85,1.85,,,,8.6,6.3,-2.3,1.8,0.9,2.8,3.2,2.9,2.9,3.0,2.8,,,,-3.0,-5.5,2.6999999999999997,-3.6000000000000005,-0.8000000000000003,0.0,-0.2999999999999998,-0.6999999999999997,0.10000000000000009,0.10000000000000009,-0.2999999999999998,,,,-1.1000000000000005,0.6000000000000001,-1.1,2.5,-1.3000000000000003,-0.09999999999999964,0.0,0.40000000000000036,-0.20000000000000018,0.20000000000000018,0.5,,,,-0.40000000000000036,-0.09999999999999964,-0.20000000000000018,0.09999999999999964,0.0,0.10000000000000053,0.1999999999999993,0.20000000000000018,0.20000000000000018,0.20000000000000018,0.2999999999999998,,,,-1.5,0.0,-0.10000000000000009,-0.3999999999999999,0.9999999999999996,0.10000000000000009,0.20000000000000018,0.20000000000000018,0.0,0.20000000000000018,0.20000000000000018,,,,,,,,,,,,,,,,,,,,,,,,,,,,,,,,,,,,,,,,,,,,,,3.3000000000000007,-7.2,2.9000000000000004,1.1,-3.6,-1.2999999999999998,-0.7999999999999998,-0.6000000000000001,-0.5999999999999996,-0.7000000000000002,-0.7,,,,0.6999999999999993,-7.600000000000001,-5.199999999999999,-2.8,-1.7000000000000002,-2.5,-1.7999999999999998,-1.5999999999999996,-1.2999999999999998,-0.5999999999999996,-0.30000000000000027,,,,-20.1,-5.8,-0.9000000000000004,4.5,11.3,-3.0999999999999996,-3.3999999999999995,0.8999999999999999,4.3,6.199999999999999,-2.8999999999999995,,,,48.0,-39.0,9.0,-16.1,6.200000000000001,-1.5,0.40000000000000036,-2.4999999999999996,-0.9000000000000001,0.30000000000000004,-0.10000000000000009,,,,0.20000000000000018,1.0999999999999996,-5.0,0.5,1.4,-0.5,0.0,-0.3999999999999999,0.0,0.0,0.10000000000000009,,,,-4.200000000000001,-5.1,1.5,-1.0999999999999996,-2.1000000000000005,-0.10000000000000053,-0.20000000000000018,-0.20000000000000018,-0.20000000000000018,0.39999999999999947,0.20000000000000018,,,,-0.08999999999999986,-0.20000000000000018,-0.05999999999999983,0.19999999999999996,0.09000000000000008,0.0,0.050000000000000044,0.050000000000000044,0.10000000000000009,0.10000000000000009,0.050000000000000044,,,,-2.9000000000000004,-2.3,-8.6,4.0,-0.09999999999999998,-0.40000000000000036,-0.5,-0.8000000000000003,-0.20000000000000018,0.10000000000000009,-0.40000000000000036,,,
1985-07-03,1.6,4.3,0.3,2.1,3.5,3.0,2.7,2.3,2.3,2.5,,,,,3.9,2.8,5.4,2.9,2.8,3.2,3.6,3.6,3.8,4.1,,,,,7.4,7.2,7.3,7.3,7.2,7.1,7.1,7.1,7.1,7.1,,,,,3.7,3.6,3.2,4.1,3.3,3.4,3.8,4.0,4.2,4.4,,,,,,,,,,,,,,,,,,,,,,,,,,,,,,,,,,,,,,,,,,,,,,,0.7,3.6,5.2,4.2,2.2,2.1,2.1,2.0,2.0,1.8,,,,,13.7,8.5,-1.6,9.0,4.1,4.1,3.8,3.1,3.1,3.0,,,,,-4.6,-5.5,5.3,10.4,17.9,17.5,4.5,2.9,2.5,2.5,,,,,6.2,15.2,0.7,3.9,6.8,1.3,1.6,0.5,1.9,2.9,,,,,4.8,-0.2,0.0,3.4,2.4,2.4,2.0,2.0,1.9,1.9,,,,,5.6,7.1,5.6,5.0,6.4,6.3,6.4,6.0,6.2,6.7,,,,,1.66,1.6,1.8,1.8,1.9,1.9,1.9,1.85,1.85,1.85,,,,,6.3,-2.3,2.0,0.0,2.3,2.9,2.6,2.6,2.6,2.8,,,,,-5.5,2.6999999999999997,-4.0,0.8,1.2000000000000002,-0.5,-0.2999999999999998,-0.30000000000000027,-0.20000000000000018,0.0,,,,,0.6000000000000001,-1.1,2.6000000000000005,-2.4,-0.10000000000000009,0.5,0.5,-0.10000000000000009,0.2999999999999998,0.39999999999999947,,,,,-0.09999999999999964,-0.20000000000000018,0.09999999999999964,0.0,-0.09999999999999964,-0.10000000000000053,0.0,0.09999999999999964,0.09999999999999964,0.09999999999999964,,,,,0.0,-0.10000000000000009,-0.3999999999999999,0.8999999999999995,-0.7999999999999998,0.0,0.09999999999999964,0.0,0.20000000000000018,0.20000000000000018,,,,,,,,,,,,,,,,,,,,,,,,,,,,,,,,,,,,,,,,,,,,,,,-7.2,2.9000000000000004,1.6,-0.5,-0.3999999999999999,-0.6999999999999997,-0.6000000000000001,-0.6000000000000001,-0.20000000000000018,-0.19999999999999996,,,,,-7.600000000000001,-5.199999999999999,-10.1,5.5,-1.1000000000000005,-0.9000000000000004,-0.9000000000000004,-1.3000000000000003,-0.8999999999999999,-1.0,,,,,-5.8,-0.9000000000000004,10.8,11.200000000000001,3.599999999999998,8.6,-3.2,-1.6,-1.7999999999999998,-1.4,,,,,-39.0,9.0,-14.5,4.7,-2.000000000000001,-0.7,-2.6,-1.6,0.5999999999999999,1.2,,,,,1.0999999999999996,-5.0,0.2,2.5,-0.3999999999999999,0.0,-0.3999999999999999,0.0,-0.10000000000000009,0.0,,,,,-5.1,1.5,-1.5,-1.7000000000000002,1.1000000000000005,0.0,0.10000000000000053,-0.5,0.20000000000000018,0.40000000000000036,,,,,-0.20000000000000018,-0.05999999999999983,0.19999999999999996,0.010000000000000009,0.09999999999999987,0.09999999999999987,0.09999999999999987,0.050000000000000044,0.0,0.0,,,,,-2.3,-8.6,4.3,-1.8,1.4,0.10000000000000009,-0.6000000000000001,-0.2999999999999998,-0.2999999999999998,-0.20000000000000018,,,,
1985-08-14,1.6,4.3,0.3,1.7,3.0,3.2,2.5,2.5,2.4,2.6,,,,,3.9,2.8,5.4,2.8,2.8,3.1,3.7,3.7,3.8,4.1,,,,,7.4,7.2,7.3,7.3,7.3,7.2,7.1,7.1,7.1,7.1,,,,,3.7,3.6,3.2,4.2,3.3,3.6,4.0,4.1,4.3,4.5,,,,,,,,,,,,,,,,,,,,,,,,,,,,,,,,,,,,,,,,,,,,,,,0.7,3.6,5.2,5.2,1.3,2.0,2.0,1.9,1.8,1.7,,,,,13.7,8.5,-1.6,13.6,2.2,2.7,3.0,3.2,2.9,2.9,,,,,-4.6,-5.5,5.3,14.3,12.9,19.3,7.9,2.2,3.2,3.7,,,,,6.2,15.2,0.7,2.5,7.0,0.8,0.1,0.7,1.6,2.3,,,,,4.8,-0.2,0.0,4.9,2.4,2.4,2.0,1.7,1.7,1.9,,,,,5.6,7.1,5.6,4.6,5.9,6.4,6.3,6.3,6.2,6.9,,,,,1.66,1.6,1.8,1.77,1.85,1.9,1.9,1.85,1.85,1.85,,,,,6.4,-0.7,2.1,2.0,2.3,3.0,2.8,2.6,2.5,2.6,,,,,0.0,0.0,0.0,-0.40000000000000013,-0.5,0.20000000000000018,-0.20000000000000018,0.20000000000000018,0.10000000000000009,0.10000000000000009,,,,,0.0,0.0,0.0,-0.10000000000000009,0.0,-0.10000000000000009,0.10000000000000009,0.10000000000000009,0.0,0.0,,,,,0.0,0.0,0.0,0.0,0.09999999999999964,0.10000000000000053,0.0,0.0,0.0,0.0,,,,,0.0,0.0,0.0,0.10000000000000053,0.0,0.20000000000000018,0.20000000000000018,0.09999999999999964,0.09999999999999964,0.09999999999999964,,,,,,,,,,,,,,,,,,,,,,,,,,,,,,,,,,,,,,,,,,,,,,,0.0,0.0,0.0,1.0,-0.9000000000000001,-0.10000000000000009,-0.10000000000000009,-0.10000000000000009,-0.19999999999999996,-0.10000000000000009,,,,,0.0,0.0,0.0,4.6,-1.8999999999999995,-1.3999999999999995,-0.7999999999999998,0.10000000000000009,-0.20000000000000018,-0.10000000000000009,,,,,0.0,0.0,0.0,3.9000000000000004,-4.999999999999998,1.8000000000000007,3.4000000000000004,-0.6999999999999997,0.7000000000000002,1.2000000000000002,,,,,0.0,0.0,0.0,-1.4,0.20000000000000018,-0.5,-1.5,0.19999999999999996,-0.2999999999999998,-0.6000000000000001,,,,,0.0,0.0,0.0,1.5000000000000004,0.0,0.0,0.0,-0.30000000000000004,-0.19999999999999996,0.0,,,,,0.0,0.0,0.0,-0.40000000000000036,-0.5,0.10000000000000053,-0.10000000000000053,0.2999999999999998,0.0,0.20000000000000018,,,,,0.0,0.0,0.0,-0.030000000000000027,-0.04999999999999982,0.0,0.0,0.0,0.0,0.0,,,,,0.10000000000000053,1.5999999999999999,0.10000000000000009,2.0,0.0,0.10000000000000009,0.19999999999999973,0.0,-0.10000000000000009,-0.19999999999999973,,,,
1985-09-25,1.6,4.3,0.3,1.9,3.0,3.0,2.5,2.7,2.8,2.9,,,,,3.9,2.8,5.4,2.6,3.1,2.7,3.0,4.3,4.3,4.5,,,,,7.4,7.2,7.3,7.3,7.2,7.2,7.2,7.1,7.0,7.0,,,,,3.7,3.6,3.2,4.2,2.3,2.9,4.1,4.5,4.6,4.8,,,,,,,,,,,,,,,,,,,,,,,,,,,,,,,,,,,,,,,,,,,,,,,0.7,3.6,5.2,4.8,4.3,-2.0,3.2,1.7,1.5,1.3,,,,,13.7,8.5,-1.6,14.5,-2.6,1.6,2.8,2.8,2.8,2.8,,,,,-4.6,-5.5,5.3,6.4,3.9,13.0,3.7,6.1,8.3,4.9,,,,,6.2,15.2,0.7,-0.4,20.0,0.2,-2.6,-1.2,3.3,5.4,,,,,4.8,-0.2,0.0,6.7,4.4,2.2,2.2,2.1,2.3,2.3,,,,,5.6,7.1,5.6,4.5,6.2,5.8,5.6,7.1,7.3,7.6,,,,,1.66,1.6,1.8,1.77,1.73,1.8,1.8,1.8,1.8,1.8,,,,,6.4,-0.7,2.1,1.4,1.7,2.9,2.6,2.8,3.0,3.1,,,,,0.0,0.0,0.0,0.19999999999999996,0.0,-0.20000000000000018,0.0,0.20000000000000018,0.3999999999999999,0.2999999999999998,,,,,0.0,0.0,0.0,-0.19999999999999973,0.30000000000000027,-0.3999999999999999,-0.7000000000000002,0.5999999999999996,0.5,0.40000000000000036,,,,,0.0,0.0,0.0,0.0,-0.09999999999999964,0.0,0.10000000000000053,0.0,-0.09999999999999964,-0.09999999999999964,,,,,0.0,0.0,0.0,0.0,-1.0,-0.7000000000000002,0.09999999999999964,0.40000000000000036,0.2999999999999998,0.2999999999999998,,,,,,,,,,,,,,,,,,,,,,,,,,,,,,,,,,,,,,,,,,,,,,,0.0,0.0,0.0,-0.40000000000000036,3.0,-4.0,1.2000000000000002,-0.19999999999999996,-0.30000000000000004,-0.3999999999999999,,,,,0.0,0.0,0.0,0.9000000000000004,-4.800000000000001,-1.1,-0.20000000000000018,-0.40000000000000036,-0.10000000000000009,-0.10000000000000009,,,,,0.0,0.0,0.0,-7.9,-9.0,-6.300000000000001,-4.2,3.8999999999999995,5.1000000000000005,1.2000000000000002,,,,,0.0,0.0,0.0,-2.9,13.0,-0.6000000000000001,-2.7,-1.9,1.6999999999999997,3.1000000000000005,,,,,0.0,0.0,0.0,1.7999999999999998,2.0000000000000004,-0.19999999999999973,0.20000000000000018,0.40000000000000013,0.5999999999999999,0.3999999999999999,,,,,0.0,0.0,0.0,-0.09999999999999964,0.2999999999999998,-0.6000000000000005,-0.7000000000000002,0.7999999999999998,1.0999999999999996,0.6999999999999993,,,,,0.0,0.0,0.0,0.0,-0.1200000000000001,-0.09999999999999987,-0.09999999999999987,-0.050000000000000044,-0.050000000000000044,-0.050000000000000044,,,,,0.0,0.0,0.0,-0.6000000000000001,-0.5999999999999999,-0.10000000000000009,-0.19999999999999973,0.19999999999999973,0.5,0.5,,,,
1985-10-30,4.3,0.3,1.9,3.3,2.6,2.1,2.2,2.4,2.8,,,,,,2.8,5.4,2.6,3.3,3.3,3.5,3.7,3.7,4.0,,,,,,7.2,7.3,7.3,7.2,7.1,7.1,7.2,7.2,7.2,,,,,,3.6,3.2,4.2,2.4,3.6,4.2,3.9,4.1,4.2,,,,,,,,,,,,,,,,,,,,,,,,,,,,,,,,,,,,,,,,,,,,,,,,3.6,5.2,4.8,4.8,-2.2,3.3,1.8,1.5,1.5,,,,,,8.5,-1.6,14.5,-4.7,0.1,1.3,1.4,1.4,1.3,,,,,,-5.5,5.3,6.4,10.9,6.1,5.1,6.1,5.6,5.2,,,,,,15.2,0.7,-0.4,33.4,0.1,-6.4,-0.9,2.3,4.1,,,,,,-0.2,0.0,6.7,5.0,1.7,1.9,2.1,2.4,2.3,,,,,,7.1,5.6,4.5,6.7,6.0,5.7,6.0,6.2,6.9,,,,,,1.6,1.8,1.77,1.66,1.7,1.75,1.75,1.8,1.8,,,,,,-0.7,2.1,1.3,1.1,2.1,2.2,2.4,2.7,2.9,,,,,,2.6999999999999997,-4.0,1.5999999999999999,1.4,-0.3999999999999999,-0.8999999999999999,-0.2999999999999998,-0.30000000000000027,0.0,,,,,,-1.1,2.6000000000000005,-2.8000000000000003,0.6999999999999997,0.19999999999999973,0.7999999999999998,0.7000000000000002,-0.5999999999999996,-0.2999999999999998,,,,,,-0.20000000000000018,0.09999999999999964,0.0,-0.09999999999999964,-0.10000000000000053,-0.10000000000000053,0.0,0.10000000000000053,0.20000000000000018,,,,,,-0.10000000000000009,-0.3999999999999999,1.0,-1.8000000000000003,1.3000000000000003,1.3000000000000003,-0.19999999999999973,-0.40000000000000036,-0.39999999999999947,,,,,,,,,,,,,,,,,,,,,,,,,,,,,,,,,,,,,,,,,,,,,,,,2.9000000000000004,1.6,-0.40000000000000036,0.0,-6.5,5.3,-1.4000000000000001,-0.19999999999999996,0.0,,,,,,-5.199999999999999,-10.1,16.1,-19.2,2.7,-0.30000000000000004,-1.4,-1.4,-1.4999999999999998,,,,,,-0.9000000000000004,10.8,1.1000000000000005,4.5,2.1999999999999997,-7.9,2.3999999999999995,-0.5,-3.1000000000000005,,,,,,9.0,-14.5,-1.1,33.8,-19.9,-6.6000000000000005,1.7000000000000002,3.5,0.7999999999999998,,,,,,-5.0,0.2,6.7,-1.7000000000000002,-2.7,-0.30000000000000027,-0.10000000000000009,0.2999999999999998,0.0,,,,,,1.5,-1.5,-1.0999999999999996,2.2,-0.20000000000000018,-0.09999999999999964,0.40000000000000036,-0.8999999999999995,-0.39999999999999947,,,,,,-0.05999999999999983,0.19999999999999996,-0.030000000000000027,-0.1100000000000001,-0.030000000000000027,-0.050000000000000044,-0.050000000000000044,0.0,0.0,,,,,,-7.1000000000000005,2.8,-0.8,-0.2999999999999998,0.40000000000000013,-0.6999999999999997,-0.20000000000000018,-0.09999999999999964,-0.10000000000000009,,,,,
1985-12-11,4.3,0.3,1.9,4.3,2.6,2.0,1.8,2.1,2.6,,,,,,2.8,5.4,2.6,2.3,3.7,4.0,3.4,3.5,4.1,,,,,,7.2,7.3,7.3,7.2,7.1,7.1,7.2,7.2,7.3,,,,,,3.6,3.2,4.2,2.4,3.7,4.3,3.7,3.9,4.0,,,,,,,,,,,,,,,,,,,,,,,,,,,,,,,,,,,,,,,,,,,,,,,,3.6,5.2,4.8,5.4,-0.7,3.0,2.0,1.6,1.5,,,,,,8.5,-1.6,14.5,-3.7,2.3,1.3,0.8,1.1,1.4,,,,,,-5.5,5.3,6.4,11.5,10.9,4.7,11.4,12.0,10.0,,,,,,15.2,0.7,-0.4,40.9,0.5,-9.0,-6.3,-0.8,0.3,,,,,,-0.2,0.0,6.7,5.1,2.1,1.9,1.7,1.5,1.5,,,,,,7.1,5.6,4.5,6.7,6.3,6.0,5.2,5.7,6.8,,,,,,1.6,1.8,1.77,1.66,1.75,1.75,1.8,1.85,1.85,,,,,,-0.7,2.1,1.3,1.6,1.7,1.9,1.9,2.4,2.9,,,,,,0.0,0.0,0.0,1.0,0.0,-0.10000000000000009,-0.40000000000000013,-0.2999999999999998,-0.19999999999999973,,,,,,0.0,0.0,0.0,-1.0,0.40000000000000036,0.5,-0.30000000000000027,-0.20000000000000018,0.09999999999999964,,,,,,0.0,0.0,0.0,0.0,0.0,0.0,0.0,0.0,0.09999999999999964,,,,,,0.0,0.0,0.0,0.0,0.10000000000000009,0.09999999999999964,-0.19999999999999973,-0.19999999999999973,-0.20000000000000018,,,,,,,,,,,,,,,,,,,,,,,,,,,,,,,,,,,,,,,,,,,,,,,,0.0,0.0,0.0,0.6000000000000005,1.5000000000000002,-0.2999999999999998,0.19999999999999996,0.10000000000000009,0.0,,,,,,0.0,0.0,0.0,1.0,2.1999999999999997,0.0,-0.5999999999999999,-0.2999999999999998,0.09999999999999987,,,,,,0.0,0.0,0.0,0.5999999999999996,4.800000000000001,-0.39999999999999947,5.300000000000001,6.4,4.8,,,,,,0.0,0.0,0.0,7.5,0.4,-2.5999999999999996,-5.3999999999999995,-3.0999999999999996,-3.8,,,,,,0.0,0.0,0.0,0.09999999999999964,0.40000000000000013,0.0,-0.40000000000000013,-0.8999999999999999,-0.7999999999999998,,,,,,0.0,0.0,0.0,0.0,0.2999999999999998,0.2999999999999998,-0.7999999999999998,-0.5,-0.10000000000000053,,,,,,0.0,0.0,0.0,0.0,0.050000000000000044,0.0,0.050000000000000044,0.050000000000000044,0.050000000000000044,,,,,,0.0,0.0,0.0,0.5,-0.40000000000000013,-0.30000000000000027,-0.5,-0.30000000000000027,0.0,,,,,
1986-02-05,3.7,1.1,3.0,2.4,3.3,2.3,3.1,3.3,2.6,3.1,3.0,2.6,,,3.0,3.3,2.9,3.3,4.0,3.4,3.0,3.1,3.7,3.6,3.9,4.3,,,7.3,7.3,7.2,7.0,6.8,6.7,6.7,6.6,6.6,6.5,6.5,6.5,,,,,2.4,4.1,3.7,1.9,3.1,3.6,4.1,4.2,4.3,4.4,,,,,3.6,4.8,4.9,4.7,4.6,4.7,5.0,5.0,5.2,5.3,,,,,,,,,,,,,,,,,,,,,,,,,,,,,,,,,4.6,-0.2,3.7,3.2,2.3,2.0,1.8,1.9,1.9,2.3,,,,,2.4,10.3,-1.5,1.3,1.6,2.0,3.4,3.2,3.2,3.2,,,,,8.5,8.6,5.6,14.3,15.6,13.3,6.7,6.0,4.8,3.5,,,,,37.3,16.1,-14.5,-14.5,-1.2,1.1,-0.7,0.3,0.3,0.0,,,,,4.7,-0.1,1.2,1.2,0.9,0.8,0.9,0.9,1.1,1.3,,,6.9,4.5,5.8,5.9,7.2,5.8,6.2,6.5,6.4,6.8,7.0,7.0,,,,,1.67,1.73,1.75,1.8,1.85,1.9,1.92,1.94,1.97,2.0,,,,,2.0,1.3,4.7,2.2,3.1,3.5,3.2,3.6,3.4,2.7,,,-0.5999999999999996,0.8,1.1,-1.9,0.6999999999999997,0.2999999999999998,1.3,1.1999999999999997,0.0,,,,,,0.20000000000000018,-2.1000000000000005,0.2999999999999998,1.0,0.2999999999999998,-0.6000000000000001,-0.3999999999999999,-0.3999999999999999,-0.39999999999999947,,,,,,0.09999999999999964,0.0,-0.09999999999999964,-0.20000000000000018,-0.2999999999999998,-0.39999999999999947,-0.5,-0.6000000000000005,-0.7000000000000002,,,,,,,,-1.8000000000000003,1.6999999999999997,0.0,-2.4,-0.6000000000000001,-0.2999999999999998,0.09999999999999964,,,,,,,,,,,,,,,,,,,,,,,,,,,,,,,,,,,,,,,,,,,,,,,,,,-0.20000000000000018,-5.6000000000000005,4.4,0.20000000000000018,0.2999999999999998,0.3999999999999999,0.30000000000000004,,,,,,,,-12.1,14.0,-3.8,0.0,0.8,0.8999999999999999,2.0,,,,,,,,2.0999999999999996,-2.9000000000000004,-5.300000000000001,9.600000000000001,4.199999999999999,1.3000000000000007,-3.3,,,,,,,,37.699999999999996,-24.799999999999997,-15.0,-5.5,5.1,1.9000000000000001,-1.0,,,,,,,,-2.0,-5.199999999999999,-0.9000000000000001,-0.7,-0.7999999999999999,-0.7,-0.6,,,,,,-0.1999999999999993,-1.0999999999999996,1.2999999999999998,-0.7999999999999998,0.9000000000000004,-0.20000000000000018,1.0,0.7999999999999998,-0.39999999999999947,,,,,,,,-0.10000000000000009,0.07000000000000006,0.0,0.050000000000000044,0.050000000000000044,0.04999999999999982,0.06999999999999984,,,,,,,,0.7,-0.30000000000000004,3.0,0.30000000000000027,1.2000000000000002,1.1,0.30000000000000027,,,,,
1986-03-26,3.7,1.1,3.0,0.7,2.9,2.3,4.4,4.2,3.5,3.4,3.2,2.9,,,3.0,3.3,2.9,3.3,3.3,2.9,2.4,2.9,3.6,3.6,3.9,4.3,,,7.3,7.3,7.2,7.0,7.0,7.0,6.8,6.7,6.5,6.4,6.3,6.3,,,,,2.6,4.3,1.8,-0.2,2.6,3.7,4.1,4.1,4.4,4.4,,,,,3.5,4.9,4.4,4.6,4.6,4.7,4.9,4.9,5.2,5.3,,,,,,,,,,,,,,,,,,,,,,,,,,,,,,,,,4.6,0.1,2.5,3.3,3.4,3.3,2.5,2.2,2.0,2.0,,,,,2.4,11.3,-11.9,4.7,3.1,4.1,4.2,4.2,3.9,3.9,,,,,8.5,5.7,14.7,18.6,16.4,8.9,2.0,0.4,1.0,2.6,,,,,37.3,23.4,-19.2,-12.2,-3.8,1.2,-0.6,0.4,-0.2,-0.1,,,,,4.7,-1.6,0.8,0.9,0.8,0.9,1.1,1.3,2.1,2.8,,,6.9,4.5,5.8,4.3,6.1,5.2,6.9,7.3,7.2,7.1,7.2,7.3,,,,,1.69,1.77,1.95,1.95,1.9,1.95,1.95,1.95,1.95,1.9,,,,,2.0,1.8,1.8,1.5,4.8,4.6,3.8,3.9,3.4,3.3,,,0.0,0.0,0.0,-1.7,-0.3999999999999999,0.0,1.3000000000000003,0.9000000000000004,0.8999999999999999,0.2999999999999998,0.20000000000000018,0.2999999999999998,,,0.0,0.0,0.0,0.0,-0.7000000000000002,-0.5,-0.6000000000000001,-0.20000000000000018,-0.10000000000000009,0.0,0.0,0.0,,,0.0,0.0,0.0,0.0,0.20000000000000018,0.2999999999999998,0.09999999999999964,0.10000000000000053,-0.09999999999999964,-0.09999999999999964,-0.20000000000000018,-0.20000000000000018,,,,,0.20000000000000018,0.20000000000000018,-1.9000000000000001,-2.1,-0.5,0.10000000000000009,0.0,-0.10000000000000053,0.10000000000000053,0.0,,,,,-0.10000000000000009,0.10000000000000053,-0.5,-0.10000000000000053,0.0,0.0,-0.09999999999999964,-0.09999999999999964,0.0,0.0,,,,,,,,,,,,,,,,,,,,,,,,,,,,,,,,,0.0,0.30000000000000004,-1.2000000000000002,0.09999999999999964,1.1,1.2999999999999998,0.7,0.30000000000000027,0.10000000000000009,-0.2999999999999998,,,,,0.0,1.0,-10.4,3.4000000000000004,1.5,2.0999999999999996,0.8000000000000003,1.0,0.6999999999999997,0.6999999999999997,,,,,0.0,-2.8999999999999995,9.1,4.300000000000001,0.7999999999999989,-4.4,-4.7,-5.6,-3.8,-0.8999999999999999,,,,,0.0,7.299999999999997,-4.699999999999999,2.3000000000000007,-2.5999999999999996,0.09999999999999987,0.09999999999999998,0.10000000000000003,-0.5,-0.1,,,,,0.0,-1.5,-0.3999999999999999,-0.29999999999999993,-0.09999999999999998,0.09999999999999998,0.20000000000000007,0.4,1.0,1.4999999999999998,,,0.0,0.0,0.0,-1.6000000000000005,-1.1000000000000005,-0.5999999999999996,0.7000000000000002,0.7999999999999998,0.7999999999999998,0.2999999999999998,0.20000000000000018,0.2999999999999998,,,,,0.020000000000000018,0.040000000000000036,0.19999999999999996,0.1499999999999999,0.04999999999999982,0.050000000000000044,0.030000000000000027,0.010000000000000009,-0.020000000000000018,-0.10000000000000009,,,,,0.0,0.5,-2.9000000000000004,-0.7000000000000002,1.6999999999999997,1.0999999999999996,0.5999999999999996,0.2999999999999998,0.0,0.5999999999999996,,
1986-05-14,1.1,3.0,0.7,3.2,2.1,4.4,4.4,3.6,3.3,3.2,3.1,,,,3.3,2.9,3.3,2.5,2.1,2.2,2.8,3.3,3.3,3.6,3.9,,,,7.3,7.2,7.0,7.1,7.1,6.9,6.7,6.5,6.4,6.3,6.2,,,,,2.6,4.3,1.5,-1.5,2.8,3.7,4.0,4.0,4.2,4.3,,,,,3.5,4.9,4.3,4.0,4.4,4.5,4.7,4.7,4.9,5.0,,,,,,,,,,,,,,,,,,,,,,,,,,,,,,,,,4.6,0.1,4.3,3.2,3.2,3.2,2.5,2.2,2.0,2.0,,,,,2.4,11.3,-13.6,0.8,2.6,4.7,4.4,4.2,4.4,4.3,,,,,8.5,5.7,9.7,16.3,17.6,10.9,1.5,-0.5,1.3,2.8,,,,,37.3,23.4,-32.2,2.3,0.1,0.9,-0.6,0.2,-0.2,-0.3,,,,,4.7,-1.6,2.4,0.7,0.8,0.8,1.0,1.2,2.1,2.7,,,,4.5,5.8,4.3,5.8,4.1,6.7,7.4,7.1,6.7,6.9,7.2,,,,,1.69,1.77,1.99,1.95,1.9,1.95,1.95,1.95,1.95,1.9,,,,,2.0,1.9,1.4,-0.6,3.9,4.7,4.1,3.6,3.4,3.2,,,,-2.6,1.9,-2.3,2.5,-0.7999999999999998,2.1000000000000005,0.0,-0.6000000000000001,-0.20000000000000018,-0.19999999999999973,-0.10000000000000009,,,,0.2999999999999998,-0.3999999999999999,0.3999999999999999,-0.7999999999999998,-1.1999999999999997,-0.6999999999999997,0.3999999999999999,0.3999999999999999,-0.30000000000000027,0.0,0.0,,,,0.0,-0.09999999999999964,-0.20000000000000018,0.09999999999999964,0.09999999999999964,-0.09999999999999964,-0.09999999999999964,-0.20000000000000018,-0.09999999999999964,-0.10000000000000053,-0.09999999999999964,,,,,,1.6999999999999997,-2.8,-3.3,3.0,1.1,0.2999999999999998,-0.09999999999999964,0.10000000000000053,-0.10000000000000053,,,,,,1.4000000000000004,-0.6000000000000005,-0.40000000000000036,-0.1999999999999993,-0.09999999999999964,0.0,-0.20000000000000018,0.0,-0.20000000000000018,,,,,,,,,,,,,,,,,,,,,,,,,,,,,,,,,,-4.5,4.2,0.7000000000000002,-0.09999999999999964,-0.19999999999999973,-0.7999999999999998,-0.2999999999999998,-0.20000000000000018,0.0,,,,,,8.9,-24.9,12.700000000000001,-2.1,1.6,0.3000000000000007,0.0,0.20000000000000018,0.3999999999999999,,,,,,-2.8,3.999999999999999,1.6000000000000014,-1.0,-5.499999999999998,-7.4,-2.5,0.9,1.7999999999999998,,,,,,-13.899999999999999,-55.6,21.5,12.299999999999999,4.7,-1.7999999999999998,0.8,-0.6000000000000001,-0.09999999999999998,,,,,,-6.300000000000001,4.0,-0.10000000000000009,-0.09999999999999998,0.0,0.09999999999999998,0.09999999999999987,0.8,0.6000000000000001,,,,-2.4000000000000004,1.2999999999999998,-1.5,1.5,-2.0,1.5,0.5,-0.20000000000000018,-0.5,-0.1999999999999993,0.0,,,,,,0.08000000000000007,0.21999999999999997,0.0,-0.050000000000000044,0.050000000000000044,0.0,0.0,0.0,-0.050000000000000044,,,,,,-0.10000000000000009,-0.40000000000000013,-2.4,2.4,-0.09999999999999964,-0.5,-0.19999999999999973,-0.5,-0.19999999999999973,,,
1986-07-02,3.0,0.7,2.9,1.5,2.7,3.7,3.4,3.2,3.0,3.0,,,,,2.9,3.3,2.9,2.4,2.0,2.2,2.9,3.0,3.2,3.5,,,,,7.2,7.0,7.1,7.2,7.1,6.9,6.8,6.7,6.6,6.6,,,,,2.6,4.3,1.5,-2.0,2.7,3.5,3.7,3.8,4.0,4.1,,,,,3.5,4.9,4.2,3.5,3.8,4.2,4.3,4.4,4.6,4.7,,,,,,,,,,,,,,,,,,,,,,,,,,,,,,,,,4.6,0.1,3.8,6.0,2.5,2.7,2.5,2.2,1.8,1.7,,,,,2.4,11.3,-13.3,-7.1,-1.9,1.1,2.5,2.5,2.3,2.5,,,,,8.5,5.7,9.7,11.6,12.6,6.2,0.3,-1.3,0.7,3.7,,,,,37.3,23.4,-30.1,0.8,0.4,1.0,-0.6,0.1,-0.1,-0.4,,,,,4.7,-1.6,2.8,2.3,0.7,0.7,1.3,1.4,2.5,2.8,,,,,5.8,4.3,5.7,4.0,4.8,6.0,6.3,6.3,6.3,6.6,,,,,1.69,1.77,2.0,1.93,1.8,1.75,1.7,1.7,1.72,1.75,,,,,2.0,1.9,0.7,-4.1,0.0,3.6,3.5,3.4,2.9,3.0,,,,,1.9,-2.3,2.2,-1.7000000000000002,0.6000000000000001,-0.7000000000000002,-1.0000000000000004,-0.3999999999999999,-0.2999999999999998,-0.20000000000000018,,,,,-0.3999999999999999,0.3999999999999999,-0.3999999999999999,-0.10000000000000009,-0.10000000000000009,0.0,0.10000000000000009,-0.2999999999999998,-0.09999999999999964,-0.10000000000000009,,,,,-0.09999999999999964,-0.20000000000000018,0.09999999999999964,0.10000000000000053,0.0,0.0,0.09999999999999964,0.20000000000000018,0.1999999999999993,0.2999999999999998,,,,,,1.6999999999999997,-2.8,-3.5,4.2,0.7000000000000002,0.0,-0.20000000000000018,0.0,-0.10000000000000053,,,,,,1.4000000000000004,-0.7000000000000002,-0.7999999999999998,-0.20000000000000018,-0.20000000000000018,-0.20000000000000018,-0.2999999999999998,-0.10000000000000053,-0.20000000000000018,,,,,,,,,,,,,,,,,,,,,,,,,,,,,,,,,,-4.5,3.6999999999999997,1.7000000000000002,-0.7000000000000002,-0.5,-0.7000000000000002,-0.2999999999999998,-0.40000000000000013,-0.30000000000000004,,,,,,8.9,-24.6,6.5,-2.7,-1.5,-2.2,-1.9000000000000004,-1.9000000000000004,-1.9000000000000004,,,,,,-2.8,3.999999999999999,1.9000000000000004,-3.700000000000001,-11.400000000000002,-10.6,-2.8,1.2,2.4000000000000004,,,,,,-13.899999999999999,-53.5,33.0,-1.9,0.9,-1.5,0.7,-0.30000000000000004,-0.2,,,,,,-6.300000000000001,4.4,-0.10000000000000009,0.0,-0.10000000000000009,0.5,0.3999999999999999,1.3,0.6999999999999997,,,,,1.2999999999999998,-1.5,1.4000000000000004,-1.7999999999999998,0.7000000000000002,-0.7000000000000002,-1.1000000000000005,-0.7999999999999998,-0.40000000000000036,-0.3000000000000007,,,,,,0.08000000000000007,0.22999999999999998,-0.06000000000000005,-0.1499999999999999,-0.1499999999999999,-0.25,-0.25,-0.22999999999999998,-0.19999999999999996,,,,,,-0.10000000000000009,-1.2,-5.5,0.6,-0.2999999999999998,-1.2000000000000002,-0.6999999999999997,-0.7000000000000002,-0.3999999999999999,,,,
1986-08-13,4.1,2.1,3.8,1.1,2.5,3.6,3.3,3.2,3.2,3.2,,,,,2.5,3.6,2.5,2.1,2.5,2.0,2.6,2.8,2.9,3.2,,,,,7.2,7.0,7.1,7.2,7.0,6.9,6.8,6.7,6.7,6.6,,,,,2.6,4.3,1.5,-1.7,1.8,3.6,4.6,3.7,3.7,3.7,,,,,3.5,4.9,4.3,3.4,3.5,3.7,4.0,4.1,4.3,4.4,,,,,,,,,,,,,,,,,,,,,,,,,,,,,,,,,5.3,1.7,3.6,5.9,2.4,2.7,2.4,2.4,1.9,1.7,,,,,0.1,12.5,-15.1,-2.6,-3.6,0.0,2.7,3.0,3.1,2.7,,,,,11.7,3.4,11.0,15.4,9.0,3.9,0.1,-2.9,-1.2,2.8,,,,,26.0,22.7,-27.5,6.0,4.0,0.6,-1.2,-0.6,0.9,0.3,,,,,5.1,0.3,2.6,7.7,1.0,1.1,1.6,1.6,1.9,2.0,,,,,6.8,5.8,6.2,3.2,5.0,5.7,6.0,6.1,6.1,6.4,,,,,1.69,1.77,2.0,1.91,1.75,1.7,1.65,1.65,1.67,1.7,,,,,2.0,1.9,0.7,-2.9,-2.5,3.4,3.4,3.3,3.3,3.4,,,,,1.0999999999999996,1.4000000000000001,0.8999999999999999,-0.3999999999999999,-0.20000000000000018,-0.10000000000000009,-0.10000000000000009,0.0,0.20000000000000018,0.20000000000000018,,,,,-0.3999999999999999,0.30000000000000027,-0.3999999999999999,-0.2999999999999998,0.5,-0.20000000000000018,-0.2999999999999998,-0.20000000000000018,-0.30000000000000027,-0.2999999999999998,,,,,0.0,0.0,0.0,0.0,-0.09999999999999964,0.0,0.0,0.0,0.10000000000000053,0.0,,,,,0.0,0.0,0.0,0.30000000000000004,-0.9000000000000001,0.10000000000000009,0.8999999999999995,-0.09999999999999964,-0.2999999999999998,-0.39999999999999947,,,,,0.0,0.0,0.09999999999999964,-0.10000000000000009,-0.2999999999999998,-0.5,-0.2999999999999998,-0.3000000000000007,-0.2999999999999998,-0.2999999999999998,,,,,,,,,,,,,,,,,,,,,,,,,,,,,,,,,0.7000000000000002,1.5999999999999999,-0.19999999999999973,-0.09999999999999964,-0.10000000000000009,0.0,-0.10000000000000009,0.19999999999999973,0.09999999999999987,0.0,,,,,-2.3,1.1999999999999993,-1.799999999999999,4.5,-1.7000000000000002,-1.1,0.20000000000000018,0.5,0.8000000000000003,0.20000000000000018,,,,,3.1999999999999993,-2.3000000000000003,1.3000000000000007,3.8000000000000007,-3.5999999999999996,-2.3000000000000003,-0.19999999999999998,-1.5999999999999999,-1.9,-0.9000000000000004,,,,,-11.299999999999997,-0.6999999999999993,2.6000000000000014,5.2,3.6,-0.4,-0.6,-0.7,1.0,0.7,,,,,0.39999999999999947,1.9000000000000001,-0.19999999999999973,5.4,0.30000000000000004,0.40000000000000013,0.30000000000000004,0.20000000000000018,-0.6000000000000001,-0.7999999999999998,,,,,1.0,1.5,0.5,-0.7999999999999998,0.20000000000000018,-0.2999999999999998,-0.2999999999999998,-0.20000000000000018,-0.20000000000000018,-0.1999999999999993,,,,,0.0,0.0,0.0,-0.020000000000000018,-0.050000000000000044,-0.050000000000000044,-0.050000000000000044,-0.050000000000000044,-0.050000000000000044,-0.050000000000000044,,,,,0.0,0.0,0.0,1.1999999999999997,-2.5,-0.20000000000000018,-0.10000000000000009,-0.10000000000000009,0.3999999999999999,0.3999999999999999,,,,
1986-09-17,4.1,2.1,3.8,0.6,3.0,3.8,2.9,3.0,3.0,3.0,,,,,2.5,3.6,2.5,2.5,2.0,1.5,2.8,2.9,2.8,3.2,,,,,7.2,7.0,7.1,7.2,6.9,6.8,6.7,6.6,6.6,6.6,,,,,2.6,4.3,1.5,-1.7,2.8,3.5,3.9,3.6,3.8,3.7,,,,,3.5,4.9,4.3,3.4,3.3,3.4,4.0,4.1,4.4,4.4,,,,,,,,,,,,,,,,,,,,,,,,,,,,,,,,,5.3,1.7,3.6,6.5,5.3,-0.7,2.6,2.4,1.9,1.7,,,,,0.1,12.5,-15.1,-2.3,2.0,-0.9,-0.6,1.3,1.8,1.5,,,,,11.7,3.4,11.0,13.5,7.3,1.2,-2.7,-5.1,-0.7,3.0,,,,,26.0,22.7,-27.5,11.9,6.4,1.4,-4.1,-1.2,0.9,0.4,,,,,5.1,0.3,2.6,8.4,1.5,1.2,1.5,1.5,1.8,1.9,,,,,6.8,5.8,6.2,3.0,5.2,5.4,5.8,6.0,6.0,6.3,,,,,1.69,1.77,2.0,1.91,1.8,1.72,1.67,1.67,1.68,1.7,,,,,1.8,2.0,1.2,-2.1,1.6,3.5,2.8,3.1,3.2,3.3,,,,,0.0,0.0,0.0,-0.5000000000000001,0.5,0.19999999999999973,-0.3999999999999999,-0.20000000000000018,-0.20000000000000018,-0.20000000000000018,,,,,0.0,0.0,0.0,0.3999999999999999,-0.5,-0.5,0.19999999999999973,0.10000000000000009,-0.10000000000000009,0.0,,,,,0.0,0.0,0.0,0.0,-0.09999999999999964,-0.10000000000000053,-0.09999999999999964,-0.10000000000000053,-0.10000000000000053,0.0,,,,,0.0,0.0,0.0,0.0,0.9999999999999998,-0.10000000000000009,-0.6999999999999997,-0.10000000000000009,0.09999999999999964,0.0,,,,,0.0,0.0,0.0,0.0,-0.20000000000000018,-0.30000000000000027,0.0,0.0,0.10000000000000053,0.0,,,,,,,,,,,,,,,,,,,,,,,,,,,,,,,,,0.0,0.0,0.0,0.5999999999999996,2.9,-3.4000000000000004,0.20000000000000018,0.0,0.0,0.0,,,,,0.0,0.0,0.0,0.30000000000000027,5.6,-0.9,-3.3000000000000003,-1.7,-1.3,-1.2000000000000002,,,,,0.0,0.0,0.0,-1.9000000000000004,-1.7000000000000002,-2.7,-2.8000000000000003,-2.1999999999999997,0.5,0.20000000000000018,,,,,0.0,0.0,0.0,5.9,2.4000000000000004,0.7999999999999999,-2.8999999999999995,-0.6,0.0,0.10000000000000003,,,,,0.0,0.0,0.0,0.7000000000000002,0.5,0.09999999999999987,-0.10000000000000009,-0.10000000000000009,-0.09999999999999987,-0.10000000000000009,,,,,0.0,0.0,0.0,-0.20000000000000018,0.20000000000000018,-0.2999999999999998,-0.20000000000000018,-0.09999999999999964,-0.09999999999999964,-0.10000000000000053,,,,,0.0,0.0,0.0,0.0,0.050000000000000044,0.020000000000000018,0.020000000000000018,0.020000000000000018,0.010000000000000009,0.0,,,,,-0.19999999999999996,0.10000000000000009,0.5,0.7999999999999998,4.1,0.10000000000000009,-0.6000000000000001,-0.19999999999999973,-0.09999999999999964,-0.10000000000000009,,,,
1986-10-29,2.1,3.8,0.6,2.4,3.0,2.7,2.7,3.0,3.0,,,,,,3.6,2.5,1.8,3.6,0.7,2.9,3.0,2.6,2.8,,,,,,7.0,7.1,7.2,6.9,7.0,6.9,6.9,6.8,6.7,,,,,,4.3,1.5,-1.7,2.6,3.6,4.2,3.6,3.4,3.4,,,,,,4.9,4.3,3.4,3.6,3.8,3.7,3.8,3.9,3.9,,,,,,,,,,,,,,,,,,,,,,,,,,,,,,,,,,1.7,3.6,6.2,7.2,-2.7,2.3,2.3,2.1,2.1,,,,,,12.5,-15.1,-0.9,0.3,0.0,-0.1,1.7,1.8,1.7,,,,,,3.4,11.0,14.5,7.2,-1.7,-3.9,-6.4,1.9,3.7,,,,,,22.7,-27.5,11.0,0.5,5.7,-0.8,-1.3,0.7,0.4,,,,,,0.3,2.6,8.7,6.1,1.5,1.8,2.0,2.1,2.2,,,,,,5.8,6.2,2.6,5.7,3.9,5.6,5.8,5.6,5.9,,,,,,1.77,2.0,1.91,1.76,1.67,1.62,1.63,1.66,1.69,,,,,,2.0,1.2,-2.1,2.3,1.8,2.4,3.0,3.2,3.3,,,,,,-1.9999999999999996,1.6999999999999997,-3.1999999999999997,1.7999999999999998,0.0,-1.0999999999999996,-0.19999999999999973,0.0,0.0,,,,,,1.1,-1.1,-0.7,1.1,-1.3,1.4,0.20000000000000018,-0.2999999999999998,0.0,,,,,,-0.20000000000000018,0.09999999999999964,0.10000000000000053,-0.2999999999999998,0.09999999999999964,0.10000000000000053,0.20000000000000018,0.20000000000000018,0.10000000000000053,,,,,,1.6999999999999997,-2.8,-3.2,4.3,0.8000000000000003,0.7000000000000002,-0.2999999999999998,-0.20000000000000018,-0.3999999999999999,,,,,,1.4000000000000004,-0.6000000000000005,-0.8999999999999999,0.20000000000000018,0.5,0.30000000000000027,-0.20000000000000018,-0.19999999999999973,-0.5000000000000004,,,,,,,,,,,,,,,,,,,,,,,,,,,,,,,,,,-3.5999999999999996,1.9000000000000001,2.6,0.7000000000000002,-8.0,3.0,-0.30000000000000027,-0.2999999999999998,0.20000000000000018,,,,,,12.4,-27.6,14.2,2.5999999999999996,-2.0,0.8,2.3,0.5,-0.10000000000000009,,,,,,-8.299999999999999,7.6,3.5,-6.3,-9.0,-5.1,-3.7,7.0,4.4,,,,,,-3.3000000000000007,-50.2,38.5,-11.4,-0.7000000000000002,-2.2,2.8,1.9,-0.5,,,,,,-4.8,2.3000000000000003,6.1,-2.3000000000000007,0.0,0.6000000000000001,0.5,0.6000000000000001,0.40000000000000013,,,,,,-1.0,0.40000000000000036,-3.6,2.7,-1.3000000000000003,0.1999999999999993,0.0,-0.40000000000000036,-0.09999999999999964,,,,,,0.08000000000000007,0.22999999999999998,-0.09000000000000008,-0.1499999999999999,-0.13000000000000012,-0.09999999999999987,-0.040000000000000036,-0.010000000000000009,0.010000000000000009,,,,,,0.19999999999999996,-0.8,-3.3,4.4,0.19999999999999996,-1.1,0.20000000000000018,0.10000000000000009,0.09999999999999964,,,,,
1986-12-10,2.1,3.8,0.6,2.9,3.1,2.4,2.7,2.9,3.0,,,,,,3.6,2.5,1.8,3.6,0.8,2.8,2.7,2.6,2.6,,,,,,7.0,7.1,7.2,6.9,7.0,6.9,6.9,6.8,6.7,,,,,,4.3,1.5,-1.7,2.6,3.2,3.9,3.8,3.6,3.5,,,,,,4.9,4.3,3.4,3.6,4.1,3.7,3.7,3.9,4.0,,,,,,,,,,,,,,,,,,,,,,,,,,,,,,,,,,1.7,3.6,6.2,6.5,-4.0,3.0,2.6,2.2,2.1,,,,,,12.5,-15.1,-0.9,-0.1,-2.0,-4.0,4.2,2.7,2.7,,,,,,3.4,11.0,14.5,9.7,-1.3,-2.8,-4.1,3.8,6.0,,,,,,22.7,-27.5,11.0,8.1,1.9,-1.3,-1.7,-0.9,-1.8,,,,,,0.3,2.6,8.7,7.3,2.0,2.1,2.3,2.4,2.6,,,,,,5.8,6.2,2.6,6.4,3.9,5.2,5.5,5.6,5.7,,,,,,1.77,2.0,1.91,1.74,1.64,1.65,1.66,1.7,1.72,,,,,,2.0,1.2,-2.1,2.3,2.1,2.0,2.8,3.3,3.3,,,,,,0.0,0.0,0.0,0.5,0.10000000000000009,-0.30000000000000027,0.0,-0.10000000000000009,0.0,,,,,,0.0,0.0,0.0,0.0,0.10000000000000009,-0.10000000000000009,-0.2999999999999998,0.0,-0.19999999999999973,,,,,,0.0,0.0,0.0,0.0,0.0,0.0,0.0,0.0,0.0,,,,,,0.0,0.0,0.0,0.0,-0.3999999999999999,-0.30000000000000027,0.19999999999999973,0.20000000000000018,0.10000000000000009,,,,,,0.0,0.0,0.0,0.0,0.2999999999999998,0.0,-0.09999999999999964,0.0,0.10000000000000009,,,,,,,,,,,,,,,,,,,,,,,,,,,,,,,,,,0.0,0.0,0.0,-0.7000000000000002,-1.2999999999999998,0.7000000000000002,0.30000000000000027,0.10000000000000009,0.0,,,,,,0.0,0.0,0.0,-0.4,-2.0,-3.9,2.5,0.9000000000000001,1.0000000000000002,,,,,,0.0,0.0,0.0,2.499999999999999,0.3999999999999999,1.1,2.3000000000000007,1.9,2.3,,,,,,0.0,0.0,0.0,7.6,-3.8000000000000003,-0.5,-0.3999999999999999,-1.6,-2.2,,,,,,0.0,0.0,0.0,1.2000000000000002,0.5,0.30000000000000004,0.2999999999999998,0.2999999999999998,0.3999999999999999,,,,,,0.0,0.0,0.0,0.7000000000000002,0.0,-0.39999999999999947,-0.2999999999999998,0.0,-0.20000000000000018,,,,,,0.0,0.0,0.0,-0.020000000000000018,-0.030000000000000027,0.029999999999999805,0.030000000000000027,0.040000000000000036,0.030000000000000027,,,,,,0.0,0.0,0.0,0.0,0.30000000000000004,-0.3999999999999999,-0.20000000000000018,0.09999999999999964,0.0,,,,,
1987-02-04,3.8,0.6,2.8,1.7,2.2,2.8,2.9,3.0,2.7,2.6,2.6,2.7,,,2.5,1.8,3.6,1.0,2.6,3.0,3.0,3.0,3.5,3.4,3.3,3.5,,,7.1,7.1,6.9,6.9,6.7,6.7,6.6,6.6,6.6,6.6,6.5,6.5,,,,,2.6,2.8,4.6,3.5,3.6,3.7,4.2,4.1,4.3,4.4,,,,,3.6,4.1,3.3,3.6,4.1,4.1,4.7,4.6,4.8,4.9,,,,,,,,,,,,,,,,,,,,,,,,,,,,,,,,,6.7,-0.5,-0.3,2.4,2.1,1.9,1.7,1.2,1.3,1.4,,,,,-2.1,-3.0,-2.5,3.1,2.2,2.1,2.2,2.1,2.2,2.2,,,,,9.7,4.3,-3.6,-3.8,1.9,3.0,0.6,1.1,3.7,5.4,,,,,2.5,30.2,-7.8,-5.5,-4.7,-2.2,-2.4,-1.3,-0.3,-0.1,,,,,6.1,1.1,1.8,2.2,2.3,2.6,2.4,2.8,2.8,2.8,,,6.2,2.6,6.4,2.6,5.0,5.9,6.1,6.1,6.4,6.2,6.0,6.2,,,,,1.75,1.67,1.65,1.66,1.7,1.72,1.73,1.74,1.74,1.74,,,,,1.9,3.3,4.9,3.2,3.4,3.4,3.4,3.4,3.5,3.4,,,1.6999999999999997,-3.1999999999999997,2.1999999999999997,-1.2,-0.8999999999999999,0.3999999999999999,0.19999999999999973,0.10000000000000009,-0.2999999999999998,,,,,,-1.1,-0.7,1.8,-2.6,1.8,0.20000000000000018,0.2999999999999998,0.3999999999999999,0.8999999999999999,,,,,,0.09999999999999964,0.0,-0.2999999999999998,0.0,-0.2999999999999998,-0.20000000000000018,-0.3000000000000007,-0.20000000000000018,-0.10000000000000053,,,,,,,,4.3,0.19999999999999973,1.3999999999999995,-0.3999999999999999,-0.19999999999999973,0.10000000000000009,0.7000000000000002,,,,,,,,0.20000000000000018,0.49999999999999956,-0.7999999999999998,-0.10000000000000009,0.39999999999999947,0.19999999999999973,0.7000000000000002,,,,,,,,,,,,,,,,,,,,,,,,,,,,,,,,,,,,0.5,-7.0,3.7,-0.6000000000000001,-0.5,-0.30000000000000027,-0.40000000000000013,,,,,,,,-1.2000000000000002,-2.9,-0.5,7.1,-2.0,-0.6000000000000001,-0.5,,,,,,,,-4.800000000000001,-5.3999999999999995,-2.3,-1.0,6.0,-0.7999999999999998,-5.4,,,,,,,,-8.5,22.1,-9.7,-4.2,-3.0,-1.3000000000000003,-0.5999999999999999,,,,,,,,-2.5999999999999996,-6.199999999999999,-0.19999999999999996,0.10000000000000009,0.0,0.20000000000000018,-0.20000000000000018,,,,,,0.40000000000000036,-3.6,3.8000000000000003,-3.8000000000000003,1.1,0.7000000000000002,0.5999999999999996,0.5,0.7000000000000002,,,,,,,,-0.15999999999999992,-0.07000000000000006,0.010000000000000009,0.010000000000000009,0.040000000000000036,0.020000000000000018,0.010000000000000009,,,,,,,,4.0,1.0,2.8000000000000003,1.2000000000000002,0.6000000000000001,0.10000000000000009,0.10000000000000009,,,,,
1987-03-25,3.8,0.6,2.8,1.1,3.2,2.6,2.6,2.8,2.6,2.6,2.8,2.7,,,2.5,1.8,3.6,0.7,2.8,3.0,3.0,2.6,3.3,3.3,3.4,3.4,,,7.1,7.1,6.9,6.9,6.7,6.7,6.7,6.7,6.6,6.6,6.5,6.5,,,,,2.5,2.6,5.1,3.6,3.8,3.6,4.1,4.2,4.5,4.6,,,,,3.7,3.8,4.1,3.5,4.2,4.2,4.5,4.7,4.9,5.0,,,,,,,,,,,,,,,,,,,,,,,,,,,,,,,,,6.7,-0.4,-1.8,3.7,1.5,0.5,1.1,1.1,1.3,1.1,,,,,-2.1,3.0,-15.9,6.4,3.7,2.6,2.7,2.0,2.7,2.0,,,,,9.7,5.2,0.1,0.4,2.1,2.8,2.7,1.8,1.8,3.2,,,,,2.5,23.2,-4.6,-2.9,-4.4,-2.0,-3.6,-1.3,-0.2,-0.1,,,,,6.1,1.1,1.7,2.1,2.6,2.7,2.4,2.8,2.8,2.8,,,6.2,2.6,6.4,1.7,6.0,5.7,5.7,5.5,6.0,6.0,6.3,6.2,,,,,1.76,1.7,1.78,1.7,1.72,1.72,1.73,1.74,1.74,1.74,,,,,1.9,3.2,4.1,2.8,3.7,3.5,3.9,3.8,3.7,3.8,,,0.0,0.0,0.0,-0.5999999999999999,1.0,-0.19999999999999973,-0.2999999999999998,-0.20000000000000018,-0.10000000000000009,0.0,0.19999999999999973,0.0,,,0.0,0.0,0.0,-0.30000000000000004,0.19999999999999973,0.0,0.0,-0.3999999999999999,-0.20000000000000018,-0.10000000000000009,0.10000000000000009,-0.10000000000000009,,,0.0,0.0,0.0,0.0,0.0,0.0,0.10000000000000053,0.10000000000000053,0.0,0.0,0.0,0.0,,,,,-0.10000000000000009,-0.19999999999999973,0.5,0.10000000000000009,0.19999999999999973,-0.10000000000000009,-0.10000000000000053,0.10000000000000053,0.20000000000000018,0.1999999999999993,,,,,0.10000000000000009,-0.2999999999999998,0.7999999999999998,-0.10000000000000009,0.10000000000000053,0.10000000000000053,-0.20000000000000018,0.10000000000000053,0.10000000000000053,0.09999999999999964,,,,,,,,,,,,,,,,,,,,,,,,,,,,,,,,,0.0,0.09999999999999998,-1.5,1.3000000000000003,-0.6000000000000001,-1.4,-0.5999999999999999,-0.09999999999999987,0.0,-0.2999999999999998,,,,,0.0,6.0,-13.4,3.3000000000000003,1.5,0.5,0.5,-0.10000000000000009,0.5,-0.20000000000000018,,,,,0.0,0.9000000000000004,3.7,4.2,0.20000000000000018,-0.20000000000000018,2.1,0.7,-1.9000000000000001,-2.2,,,,,0.0,-7.0,3.2,2.6,0.2999999999999998,0.20000000000000018,-1.2000000000000002,0.0,0.09999999999999998,0.0,,,,,0.0,0.0,-0.10000000000000009,-0.10000000000000009,0.30000000000000027,0.10000000000000009,0.0,0.0,0.0,0.0,,,0.0,0.0,0.0,-0.9000000000000001,1.0,-0.20000000000000018,-0.39999999999999947,-0.5999999999999996,-0.40000000000000036,-0.20000000000000018,0.2999999999999998,0.0,,,,,0.010000000000000009,0.030000000000000027,0.13000000000000012,0.040000000000000036,0.020000000000000018,0.0,0.0,0.0,0.0,0.0,,,,,0.0,-0.09999999999999964,-0.8000000000000007,-0.40000000000000036,0.30000000000000027,0.10000000000000009,0.5,0.3999999999999999,0.20000000000000018,0.3999999999999999,,
1987-05-13,0.6,2.8,1.1,4.3,2.5,2.2,2.8,2.6,2.6,2.7,2.7,,,,1.8,3.6,0.7,3.5,3.6,3.2,2.6,3.7,3.6,3.7,3.8,,,,7.1,6.9,6.9,6.7,6.4,6.4,6.4,6.3,6.3,6.2,6.2,,,,,2.5,2.6,5.3,4.4,4.0,3.8,4.4,4.7,4.9,4.9,,,,,3.7,3.8,4.4,4.4,4.4,4.4,4.9,5.2,5.4,5.4,,,,,,,,,,,,,,,,,,,,,,,,,,,,,,,,,6.7,-0.4,-0.4,3.9,1.8,0.2,1.0,0.9,1.0,0.9,,,,,-2.1,3.0,-12.8,6.3,3.6,2.9,2.3,1.8,2.3,1.8,,,,,9.7,5.2,-7.2,-5.1,-4.4,-2.4,-2.7,-1.4,0.5,1.8,,,,,2.5,23.2,-17.4,13.1,0.7,-6.7,-3.2,-1.4,-0.7,-0.8,,,,,6.1,1.1,3.8,2.0,2.3,2.3,2.2,2.4,2.5,2.6,,,,2.6,6.4,1.7,7.8,6.3,5.5,5.5,6.5,6.3,6.4,6.6,,,,,1.76,1.7,1.81,1.66,1.63,1.62,1.61,1.6,1.6,1.6,,,,,1.9,3.2,2.6,0.1,3.6,3.9,3.9,3.9,4.0,4.0,,,,-3.1999999999999997,2.1999999999999997,-1.6999999999999997,3.1999999999999997,-0.7000000000000002,-0.3999999999999999,0.19999999999999973,-0.19999999999999973,0.0,0.10000000000000009,-0.09999999999999964,,,,-0.7,1.8,-2.9000000000000004,2.8,0.8000000000000003,0.20000000000000018,-0.3999999999999999,1.1,0.30000000000000027,0.40000000000000036,0.3999999999999999,,,,0.0,-0.1999999999999993,0.0,-0.20000000000000018,-0.2999999999999998,-0.2999999999999998,-0.2999999999999998,-0.40000000000000036,-0.2999999999999998,-0.39999999999999947,-0.2999999999999998,,,,,,0.10000000000000009,2.6999999999999997,-0.6999999999999993,0.3999999999999999,0.0,0.8000000000000003,0.6000000000000005,0.7000000000000002,0.40000000000000036,,,,,,0.09999999999999964,0.6000000000000005,0.3000000000000007,0.9000000000000004,0.20000000000000018,0.7000000000000002,0.7000000000000002,0.7000000000000002,0.5,,,,,,,,,,,,,,,,,,,,,,,,,,,,,,,,,,-7.1000000000000005,0.0,5.7,-1.9000000000000001,-1.3,0.5,-0.20000000000000007,-0.10000000000000009,-0.4,,,,,,5.1,-15.8,22.2,-2.8000000000000003,-0.8000000000000003,-0.30000000000000027,-0.9000000000000001,0.2999999999999998,-0.9000000000000001,,,,,,-4.499999999999999,-12.4,-5.199999999999999,-4.800000000000001,-4.5,-5.5,-4.1,-1.3,0.0,,,,,,20.7,-40.599999999999994,17.7,3.5999999999999996,-2.3,-1.2000000000000002,2.2,0.6000000000000001,-0.6000000000000001,,,,,,-5.0,2.6999999999999997,0.30000000000000004,0.19999999999999973,-0.30000000000000027,-0.5,0.0,-0.2999999999999998,-0.19999999999999973,,,,-3.6,3.8000000000000003,-4.7,6.1,0.2999999999999998,-0.20000000000000018,-0.20000000000000018,1.0,0.2999999999999998,0.40000000000000036,0.2999999999999998,,,,,,-0.06000000000000005,0.1100000000000001,-0.1200000000000001,-0.07000000000000006,-0.09999999999999987,-0.10999999999999988,-0.1299999999999999,-0.1399999999999999,-0.1399999999999999,,,,,,1.3000000000000003,-0.6000000000000001,-3.9999999999999996,0.8000000000000003,0.19999999999999973,0.3999999999999999,0.0,0.20000000000000018,0.2999999999999998,,,
1987-07-01,2.8,1.1,4.8,2.2,2.6,2.5,2.4,2.3,2.3,2.4,,,,,3.6,0.7,4.2,3.8,3.2,2.8,3.8,3.6,3.9,4.0,,,,,6.9,6.9,6.7,6.3,6.3,6.3,6.3,6.3,6.3,6.3,,,,,2.5,2.6,5.3,5.1,4.4,4.0,4.3,4.6,4.8,5.0,,,,,3.7,3.8,4.4,5.0,4.6,4.6,4.8,5.2,5.3,5.5,,,,,,,,,,,,,,,,,,,,,,,,,,,,,,,,,6.7,-0.4,-1.1,2.5,3.6,0.6,0.8,1.0,1.0,1.0,,,,,-2.1,3.0,-9.7,7.8,4.7,2.4,2.1,1.8,2.1,1.9,,,,,9.7,5.2,-4.7,-7.2,-6.1,-2.5,-2.8,-1.4,-0.5,1.0,,,,,2.5,23.2,-24.2,16.0,1.3,-5.4,-3.3,-1.6,-1.7,-2.1,,,,,6.1,1.1,4.0,2.0,2.3,2.3,2.6,2.3,2.3,2.4,,,,,6.4,1.7,9.1,6.1,5.9,5.3,6.3,6.0,6.3,6.5,,,,,1.76,1.7,1.8,1.64,1.61,1.6,1.58,1.57,1.56,1.56,,,,,1.9,3.2,3.3,2.1,3.9,3.8,3.4,3.3,3.5,3.5,,,,,2.1999999999999997,-1.6999999999999997,3.6999999999999997,-2.0999999999999996,0.10000000000000009,0.2999999999999998,-0.3999999999999999,-0.30000000000000027,-0.30000000000000027,-0.30000000000000027,,,,,1.8,-2.9000000000000004,3.5,0.2999999999999998,-0.3999999999999999,-0.40000000000000036,1.1999999999999997,-0.10000000000000009,0.2999999999999998,0.2999999999999998,,,,,-0.1999999999999993,0.0,-0.20000000000000018,-0.40000000000000036,-0.10000000000000053,-0.10000000000000053,-0.10000000000000053,0.0,0.0,0.09999999999999964,,,,,,0.10000000000000009,2.6999999999999997,-0.20000000000000018,0.0,0.0,0.5,0.1999999999999993,0.09999999999999964,0.09999999999999964,,,,,,0.09999999999999964,0.6000000000000005,0.5999999999999996,0.1999999999999993,0.1999999999999993,0.39999999999999947,0.2999999999999998,0.09999999999999964,0.09999999999999964,,,,,,,,,,,,,,,,,,,,,,,,,,,,,,,,,,-7.1000000000000005,-0.7000000000000001,2.9,-0.2999999999999998,-1.2000000000000002,0.6000000000000001,0.0,0.09999999999999998,0.0,,,,,,5.1,-12.7,20.6,-1.5999999999999996,-1.2000000000000002,-0.7999999999999998,-0.4999999999999998,0.30000000000000004,-0.3999999999999999,,,,,,-4.499999999999999,-9.9,0.0,-1.0,1.9000000000000004,-0.3999999999999999,1.3000000000000003,0.8999999999999999,0.5,,,,,,20.7,-47.4,33.4,-11.799999999999999,-6.1000000000000005,3.4000000000000004,1.6,-0.30000000000000004,-1.4000000000000001,,,,,,-5.0,2.9,-1.7999999999999998,0.2999999999999998,0.0,0.30000000000000027,0.09999999999999964,-0.10000000000000009,-0.10000000000000009,,,,,3.8000000000000003,-4.7,7.3999999999999995,-1.7000000000000002,-0.39999999999999947,-0.20000000000000018,0.7999999999999998,-0.5,0.0,0.09999999999999964,,,,,,-0.06000000000000005,0.10000000000000009,-0.17000000000000015,-0.04999999999999982,-0.029999999999999805,-0.040000000000000036,-0.040000000000000036,-0.040000000000000036,-0.040000000000000036,,,,,,1.3000000000000003,0.09999999999999964,-0.5,3.8,0.19999999999999973,-0.5,-0.6000000000000001,-0.3999999999999999,-0.5,,,,
1987-08-12,1.4,1.5,4.4,2.6,2.6,2.7,2.5,2.4,2.4,2.3,,,,,3.6,0.7,4.2,3.8,3.7,2.9,4.0,4.1,4.1,4.3,,,,,6.9,6.9,6.7,6.2,6.1,6.1,6.0,6.0,6.0,6.0,,,,,2.5,2.6,5.3,4.9,4.1,4.1,4.4,4.7,4.9,5.1,,,,,3.7,3.8,4.4,4.7,3.7,4.8,4.9,5.2,5.4,5.6,,,,,,,,,,,,,,,,,,,,,,,,,,,,,,,,,7.3,0.5,-0.7,2.1,4.9,-0.3,1.8,1.5,1.5,1.3,,,,,-3.0,5.1,-14.6,7.9,8.6,2.9,2.9,2.4,2.7,2.4,,,,,9.7,2.2,-7.7,-0.4,-3.6,-3.4,-3.3,-2.7,-1.5,1.9,,,,,2.4,15.2,-18.6,-1.2,5.5,-0.7,0.9,-2.7,-1.4,-1.7,,,,,3.5,2.4,5.0,3.4,2.2,2.2,2.4,2.3,2.1,2.0,,,,,5.3,2.1,8.6,6.7,6.4,5.7,6.6,6.6,6.6,6.7,,,,,1.76,1.7,1.79,1.61,1.61,1.6,1.58,1.57,1.56,1.56,,,,,1.9,3.2,3.4,2.6,5.6,3.9,3.6,3.5,3.5,3.4,,,,,-1.4,0.3999999999999999,-0.39999999999999947,0.3999999999999999,0.0,0.20000000000000018,0.10000000000000009,0.10000000000000009,0.10000000000000009,-0.10000000000000009,,,,,0.0,0.0,0.0,0.0,0.5,0.10000000000000009,0.20000000000000018,0.49999999999999956,0.19999999999999973,0.2999999999999998,,,,,0.0,0.0,0.0,-0.09999999999999964,-0.20000000000000018,-0.20000000000000018,-0.2999999999999998,-0.2999999999999998,-0.2999999999999998,-0.2999999999999998,,,,,0.0,0.0,0.0,-0.1999999999999993,-0.3000000000000007,0.09999999999999964,0.10000000000000053,0.10000000000000053,0.10000000000000053,0.09999999999999964,,,,,0.0,0.0,0.0,-0.2999999999999998,-0.8999999999999995,0.20000000000000018,0.10000000000000053,0.0,0.10000000000000053,0.09999999999999964,,,,,,,,,,,,,,,,,,,,,,,,,,,,,,,,,0.5999999999999996,0.9,0.40000000000000013,-0.3999999999999999,1.3000000000000003,-0.8999999999999999,1.0,0.5,0.5,0.30000000000000004,,,,,-0.8999999999999999,2.0999999999999996,-4.9,0.10000000000000053,3.8999999999999995,0.5,0.7999999999999998,0.5999999999999999,0.6000000000000001,0.5,,,,,0.0,-3.0,-3.0,6.8,2.4999999999999996,-0.8999999999999999,-0.5,-1.3000000000000003,-1.0,0.8999999999999999,,,,,-0.10000000000000009,-8.0,5.599999999999998,-17.2,4.2,4.7,4.2,-1.1,0.30000000000000004,0.40000000000000013,,,,,-2.5999999999999996,1.2999999999999998,1.0,1.4,-0.09999999999999964,-0.09999999999999964,-0.20000000000000018,0.0,-0.19999999999999973,-0.3999999999999999,,,,,-1.1000000000000005,0.40000000000000013,-0.5,0.6000000000000005,0.5,0.40000000000000036,0.2999999999999998,0.5999999999999996,0.2999999999999998,0.20000000000000018,,,,,0.0,0.0,-0.010000000000000009,-0.029999999999999805,0.0,0.0,0.0,0.0,0.0,0.0,,,,,0.0,0.0,0.10000000000000009,0.5,1.6999999999999997,0.10000000000000009,0.20000000000000018,0.20000000000000018,0.0,-0.10000000000000009,,,,
1987-09-16,1.4,1.5,4.4,2.3,3.5,3.0,2.9,2.6,2.4,2.3,,,,,3.6,0.7,4.2,3.8,3.3,2.6,4.0,4.2,4.2,4.4,,,,,6.9,6.9,6.7,6.2,6.0,6.0,5.9,5.9,5.9,5.9,,,,,2.5,2.6,5.3,4.9,3.8,3.9,4.5,5.1,5.1,5.3,,,,,3.7,3.8,4.4,4.7,3.9,4.7,5.1,5.6,5.8,5.9,,,,,,,,,,,,,,,,,,,,,,,,,,,,,,,,,7.3,0.5,-0.7,2.1,6.5,-0.8,1.9,1.6,1.6,1.3,,,,,-3.0,5.1,-14.6,9.3,9.9,6.4,4.2,3.6,3.1,2.6,,,,,9.7,2.2,-7.7,-2.2,-4.9,-7.3,-6.9,-5.5,-2.3,-1.5,,,,,2.4,15.2,-18.6,7.3,0.6,0.0,0.3,-3.2,-1.6,-1.4,,,,,3.5,2.4,5.0,2.0,1.9,2.4,2.4,2.5,2.4,2.3,,,,,5.3,2.1,8.6,6.6,6.8,5.7,6.9,7.0,6.7,6.8,,,,,1.76,1.7,1.79,1.62,1.6,1.55,1.52,1.51,1.48,1.47,,,,,1.9,3.2,3.4,4.1,7.4,3.7,4.1,3.7,3.5,3.2,,,,,0.0,0.0,0.0,-0.30000000000000027,0.8999999999999999,0.2999999999999998,0.3999999999999999,0.20000000000000018,0.0,0.0,,,,,0.0,0.0,0.0,0.0,-0.40000000000000036,-0.2999999999999998,0.0,0.10000000000000053,0.10000000000000053,0.10000000000000053,,,,,0.0,0.0,0.0,0.0,-0.09999999999999964,-0.09999999999999964,-0.09999999999999964,-0.09999999999999964,-0.09999999999999964,-0.09999999999999964,,,,,0.0,0.0,0.0,0.0,-0.2999999999999998,-0.19999999999999973,0.09999999999999964,0.39999999999999947,0.1999999999999993,0.20000000000000018,,,,,0.0,0.0,0.0,0.0,0.19999999999999973,-0.09999999999999964,0.1999999999999993,0.39999999999999947,0.39999999999999947,0.3000000000000007,,,,,,,,,,,,,,,,,,,,,,,,,,,,,,,,,0.0,0.0,0.0,0.0,1.5999999999999996,-0.5,0.09999999999999987,0.10000000000000009,0.10000000000000009,0.0,,,,,0.0,0.0,0.0,1.4000000000000004,1.3000000000000007,3.5000000000000004,1.3000000000000003,1.2000000000000002,0.3999999999999999,0.20000000000000018,,,,,0.0,0.0,0.0,-1.8000000000000003,-1.3000000000000003,-3.9,-3.6000000000000005,-2.8,-0.7999999999999998,-3.4,,,,,0.0,0.0,0.0,8.5,-4.9,0.7,-0.6000000000000001,-0.5,-0.20000000000000018,0.30000000000000004,,,,,0.0,0.0,0.0,-1.4,-0.30000000000000027,0.19999999999999973,0.0,0.20000000000000018,0.2999999999999998,0.2999999999999998,,,,,0.0,0.0,0.0,-0.10000000000000053,0.39999999999999947,0.0,0.3000000000000007,0.40000000000000036,0.10000000000000053,0.09999999999999964,,,,,0.0,0.0,0.0,0.010000000000000009,-0.010000000000000009,-0.050000000000000044,-0.06000000000000005,-0.06000000000000005,-0.08000000000000007,-0.09000000000000008,,,,,0.0,0.0,0.0,1.4999999999999996,1.8000000000000007,-0.19999999999999973,0.49999999999999956,0.20000000000000018,0.0,-0.19999999999999973,,,,
1987-10-28,1.5,4.4,2.5,3.8,2.2,0.8,1.4,2.6,2.9,,,,,,0.7,4.2,3.5,2.4,2.6,4.0,3.8,4.1,4.2,,,,,,6.9,6.7,6.2,6.0,6.1,6.2,6.3,6.3,6.2,,,,,,2.6,5.3,4.9,4.0,3.2,4.1,4.5,4.7,5.2,,,,,,3.8,4.4,4.7,3.6,4.1,4.5,5.1,5.4,5.6,,,,,,,,,,,,,,,,,,,,,,,,,,,,,,,,,,0.5,-0.7,1.9,4.8,-2.6,0.4,0.9,1.6,1.7,,,,,,5.1,-14.6,11.7,23.7,3.7,1.9,1.7,1.6,1.6,,,,,,2.2,-7.7,-2.8,-0.2,-6.6,-5.9,-3.1,2.9,4.5,,,,,,15.2,-18.6,6.6,7.0,0.4,-2.5,-3.0,-1.9,-2.5,,,,,,2.4,5.0,1.7,3.0,1.7,1.3,1.6,1.7,1.8,,,,,,2.1,8.6,6.3,6.2,5.0,4.8,5.3,6.9,7.2,,,,,,1.7,1.79,1.61,1.62,1.55,1.57,1.6,1.6,1.6,,,,,,3.8,3.2,4.2,8.8,3.6,0.9,2.2,4.5,4.2,,,,,,0.10000000000000009,2.9000000000000004,-1.9000000000000004,1.5,-1.2999999999999998,-2.2,-1.5,0.0,0.5,,,,,,-2.9000000000000004,3.5,-0.7000000000000002,-1.4,-0.6999999999999997,1.4,-0.20000000000000018,-0.10000000000000053,0.0,,,,,,0.0,-0.20000000000000018,-0.5,-0.20000000000000018,0.09999999999999964,0.20000000000000018,0.39999999999999947,0.39999999999999947,0.2999999999999998,,,,,,0.10000000000000009,2.6999999999999997,-0.39999999999999947,-0.9000000000000004,-0.5999999999999996,0.19999999999999973,0.0,-0.39999999999999947,0.10000000000000053,,,,,,0.09999999999999964,0.6000000000000005,0.2999999999999998,-1.1,0.19999999999999973,-0.20000000000000018,0.0,-0.1999999999999993,-0.20000000000000018,,,,,,,,,,,,,,,,,,,,,,,,,,,,,,,,,,-6.8,-1.2,2.5999999999999996,2.6999999999999997,-9.1,1.2000000000000002,-0.9999999999999999,0.0,0.09999999999999987,,,,,,8.1,-19.7,26.299999999999997,14.399999999999999,-6.2,-4.5,-2.5,-2.0,-1.5,,,,,,-7.499999999999999,-9.9,4.9,2.0,-1.6999999999999993,1.3999999999999995,3.8000000000000003,8.4,6.8,,,,,,12.799999999999999,-33.8,25.200000000000003,-0.2999999999999998,-0.19999999999999996,-2.5,-3.3,1.3000000000000003,-0.8999999999999999,,,,,,-1.1,2.6,-3.3,1.0,-0.19999999999999996,-1.0999999999999999,-0.7999999999999998,-0.8,-0.5999999999999999,,,,,,-3.1999999999999997,6.5,-2.3,-0.39999999999999947,-1.7999999999999998,-0.9000000000000004,-1.6000000000000005,-0.09999999999999964,0.5,,,,,,-0.06000000000000005,0.09000000000000008,-0.17999999999999994,0.0,-0.050000000000000044,0.020000000000000018,0.08000000000000007,0.09000000000000008,0.1200000000000001,,,,,,1.9,0.0,0.8000000000000003,4.700000000000001,-3.8000000000000003,-2.8000000000000003,-1.8999999999999995,0.7999999999999998,0.7000000000000002,,,,,
1987-12-09,1.5,4.4,2.5,4.1,3.0,1.1,1.6,2.6,2.9,,,,,,0.7,4.2,3.5,2.8,2.5,3.9,3.4,3.7,3.9,,,,,,6.9,6.7,6.2,6.0,6.0,6.2,6.3,6.3,6.2,,,,,,2.6,5.3,4.9,4.0,3.8,3.8,4.3,4.5,5.0,,,,,,3.8,4.4,4.7,3.6,4.5,4.3,4.8,5.1,5.3,,,,,,,,,,,,,,,,,,,,,,,,,,,,,,,,,,0.5,-0.7,1.9,4.9,-2.1,0.3,0.5,1.8,2.2,,,,,,5.1,-14.6,11.7,26.3,1.9,3.5,1.8,1.5,1.6,,,,,,2.2,-7.7,-2.8,-6.0,-3.9,-2.7,-1.2,2.3,4.2,,,,,,15.2,-18.6,6.6,0.8,26.5,-17.6,-1.8,-1.0,-1.4,,,,,,2.4,5.0,1.7,1.6,2.2,1.3,1.6,1.7,1.8,,,,,,2.1,8.6,6.3,7.0,8.4,4.9,4.1,4.8,7.8,,,,,,1.7,1.79,1.61,1.61,1.54,1.55,1.58,1.58,1.59,,,,,,3.8,3.2,4.2,8.3,3.7,1.0,2.6,3.9,4.6,,,,,,0.0,0.0,0.0,0.2999999999999998,0.7999999999999998,0.30000000000000004,0.20000000000000018,0.0,0.0,,,,,,0.0,0.0,0.0,0.3999999999999999,-0.10000000000000009,-0.10000000000000009,-0.3999999999999999,-0.39999999999999947,-0.30000000000000027,,,,,,0.0,0.0,0.0,0.0,-0.09999999999999964,0.0,0.0,0.0,0.0,,,,,,0.0,0.0,0.0,0.0,0.5999999999999996,-0.2999999999999998,-0.20000000000000018,-0.20000000000000018,-0.20000000000000018,,,,,,0.0,0.0,0.0,0.0,0.40000000000000036,-0.20000000000000018,-0.2999999999999998,-0.3000000000000007,-0.2999999999999998,,,,,,,,,,,,,,,,,,,,,,,,,,,,,,,,,,0.0,0.0,0.0,0.10000000000000053,0.5,-0.10000000000000003,-0.4,0.19999999999999996,0.5000000000000002,,,,,,0.0,0.0,0.0,2.6000000000000014,-1.8000000000000003,1.6,0.10000000000000009,-0.10000000000000009,0.0,,,,,,0.0,0.0,0.0,-5.8,2.6999999999999997,3.2,1.9000000000000001,-0.6000000000000001,-0.2999999999999998,,,,,,0.0,0.0,0.0,-6.2,26.1,-15.100000000000001,1.2,0.8999999999999999,1.1,,,,,,0.0,0.0,0.0,-1.4,0.5000000000000002,0.0,0.0,0.0,0.0,,,,,,0.0,0.0,0.0,0.7999999999999998,3.4000000000000004,0.10000000000000053,-1.2000000000000002,-2.1000000000000005,0.5999999999999996,,,,,,0.0,0.0,0.0,-0.010000000000000009,-0.010000000000000009,-0.020000000000000018,-0.020000000000000018,-0.020000000000000018,-0.010000000000000009,,,,,,0.0,0.0,0.0,-0.5,0.10000000000000009,0.09999999999999998,0.3999999999999999,-0.6000000000000001,0.39999999999999947,,,,,
1988-02-03,4.4,2.5,4.3,4.2,1.3,1.7,2.6,2.9,3.0,2.8,2.8,2.8,,,4.2,3.5,2.8,2.7,3.4,3.5,3.5,3.8,3.9,3.9,3.8,3.8,,,6.6,6.3,6.0,5.9,5.9,6.0,6.0,6.0,5.9,5.9,5.8,5.8,,,,,4.0,3.6,3.1,4.5,4.6,4.8,4.6,4.8,4.8,4.7,,,,,3.6,4.2,4.1,4.7,5.0,5.0,5.1,5.2,5.1,5.0,,,,,,,,,,,,,,,,,,,,,,,,,,,,,,,,,5.4,-3.8,1.4,1.8,2.0,2.1,1.8,1.8,1.5,1.5,,,,,25.8,-3.6,4.4,1.1,1.6,1.2,2.2,2.6,2.9,3.0,,,,,-6.5,5.9,-7.1,0.3,3.5,2.8,0.4,0.6,3.9,4.4,,,,,4.5,23.5,-11.3,-3.7,-2.3,-2.4,0.1,-1.7,-1.8,-2.1,,,,,1.2,4.8,1.6,1.6,1.7,1.8,2.3,2.4,2.4,2.5,,,8.6,6.3,7.3,6.7,4.9,5.2,6.1,6.7,7.0,6.7,6.7,6.7,,,,,1.62,1.52,1.55,1.58,1.58,1.59,1.59,1.59,1.6,1.6,,,,,8.8,6.3,1.5,2.3,4.1,4.4,4.3,4.2,4.1,4.1,,,2.9000000000000004,-1.9000000000000004,1.7999999999999998,0.10000000000000053,-1.7,0.5999999999999999,1.0,0.2999999999999998,0.10000000000000009,,,,,,3.5,-0.7000000000000002,-0.7000000000000002,-0.09999999999999964,0.8999999999999999,-0.3999999999999999,0.10000000000000009,0.09999999999999964,0.0,,,,,,-0.3000000000000007,-0.40000000000000036,-0.20000000000000018,-0.09999999999999964,-0.09999999999999964,-0.20000000000000018,-0.2999999999999998,-0.2999999999999998,-0.2999999999999998,,,,,,,,-0.9000000000000004,-0.3999999999999999,-0.6999999999999997,0.7000000000000002,0.2999999999999998,0.2999999999999998,-0.40000000000000036,,,,,,,,-1.1,0.6000000000000001,-0.40000000000000036,0.40000000000000036,0.20000000000000018,-0.09999999999999964,-0.20000000000000018,,,,,,,,,,,,,,,,,,,,,,,,,,,,,,,,,,,,3.5000000000000004,-8.7,3.5,1.5,1.5,0.30000000000000004,-0.40000000000000013,,,,,,,,14.100000000000001,-29.900000000000002,2.5000000000000004,-2.4,-0.19999999999999996,-0.30000000000000004,0.6000000000000001,,,,,,,,-3.7,11.9,-3.1999999999999997,3.0,4.7,0.5,-3.8000000000000003,,,,,,,,-2.0999999999999996,22.7,-37.8,13.900000000000002,-0.4999999999999998,-1.4,1.5,,,,,,,,-0.5,3.1999999999999997,-0.6000000000000001,0.30000000000000004,0.09999999999999987,0.10000000000000009,0.4999999999999998,,,,,,6.5,-2.3,1.0,-0.2999999999999998,-3.5,0.2999999999999998,2.0,1.9000000000000004,-0.7999999999999998,,,,,,,,0.010000000000000009,-0.09000000000000008,0.010000000000000009,0.030000000000000027,0.0,0.010000000000000009,0.0,,,,,,,,4.6000000000000005,-2.000000000000001,-2.2,1.2999999999999998,1.4999999999999996,0.5000000000000004,-0.2999999999999998,,,,,
1988-03-23,4.4,2.5,4.3,4.5,2.7,2.5,2.6,2.8,2.6,2.5,2.3,2.3,,,4.2,3.5,2.8,2.7,3.4,3.1,3.8,3.8,4.0,4.1,3.9,3.9,,,6.6,6.3,6.0,5.9,5.7,5.7,5.7,5.7,5.6,5.6,5.7,5.7,,,,,3.6,3.9,3.5,4.3,5.2,5.0,4.9,5.2,5.0,5.1,,,,,3.6,4.2,4.5,4.9,5.2,5.2,5.3,5.3,5.2,5.2,,,,,,,,,,,,,,,,,,,,,,,,,,,,,,,,,5.4,-3.1,2.8,1.7,2.0,1.7,1.3,1.4,1.2,1.2,,,,,25.8,-0.5,11.7,1.7,4.6,4.1,3.8,3.5,3.1,2.8,,,,,-6.5,8.1,-9.9,1.8,5.4,2.4,-1.8,-2.6,-2.9,-0.4,,,,,4.5,24.4,-15.6,-7.0,-5.5,3.1,2.2,-0.5,-0.8,-1.4,,,,,1.2,5.3,1.4,2.0,2.0,2.1,2.4,2.5,2.7,2.7,,,8.6,6.3,7.3,7.3,6.1,5.7,6.5,6.7,6.7,6.6,6.2,6.3,,,,,1.62,1.53,1.46,1.53,1.53,1.51,1.5,1.48,1.44,1.44,,,,,8.8,7.0,4.0,3.8,4.5,4.2,3.1,3.3,3.3,3.4,,,0.0,0.0,0.0,0.2999999999999998,1.4000000000000001,0.8,0.0,-0.10000000000000009,-0.3999999999999999,-0.2999999999999998,-0.5,-0.5,,,0.0,0.0,0.0,0.0,0.0,-0.3999999999999999,0.2999999999999998,0.0,0.10000000000000009,0.19999999999999973,0.10000000000000009,0.10000000000000009,,,0.0,0.0,0.0,0.0,-0.20000000000000018,-0.2999999999999998,-0.2999999999999998,-0.2999999999999998,-0.3000000000000007,-0.3000000000000007,-0.09999999999999964,-0.09999999999999964,,,,,-0.3999999999999999,0.2999999999999998,0.3999999999999999,-0.20000000000000018,0.6000000000000005,0.20000000000000018,0.3000000000000007,0.40000000000000036,0.20000000000000018,0.39999999999999947,,,,,0.0,0.0,0.40000000000000036,0.20000000000000018,0.20000000000000018,0.20000000000000018,0.20000000000000018,0.09999999999999964,0.10000000000000053,0.20000000000000018,,,,,,,,,,,,,,,,,,,,,,,,,,,,,,,,,0.0,0.6999999999999997,1.4,-0.10000000000000009,0.0,-0.40000000000000013,-0.5,-0.40000000000000013,-0.30000000000000004,-0.30000000000000004,,,,,0.0,3.1,7.299999999999999,0.5999999999999999,2.9999999999999996,2.8999999999999995,1.5999999999999996,0.8999999999999999,0.20000000000000018,-0.20000000000000018,,,,,0.0,2.1999999999999993,-2.8000000000000007,1.5,1.9000000000000004,-0.3999999999999999,-2.2,-3.2,-6.8,-4.800000000000001,,,,,0.0,0.8999999999999986,-4.299999999999999,-3.3,-3.2,5.5,2.1,1.2,1.0,0.7000000000000002,,,,,0.0,0.5,-0.20000000000000018,0.3999999999999999,0.30000000000000004,0.30000000000000004,0.10000000000000009,0.10000000000000009,0.30000000000000027,0.20000000000000018,,,0.0,0.0,0.0,0.5999999999999996,1.1999999999999993,0.5,0.40000000000000036,0.0,-0.2999999999999998,-0.10000000000000053,-0.5,-0.40000000000000036,,,,,0.0,0.010000000000000009,-0.09000000000000008,-0.050000000000000044,-0.050000000000000044,-0.08000000000000007,-0.09000000000000008,-0.1100000000000001,-0.16000000000000014,-0.16000000000000014,,,,,0.0,0.7000000000000002,2.5,1.5,0.40000000000000036,-0.20000000000000018,-1.1999999999999997,-0.9000000000000004,-0.7999999999999998,-0.6999999999999997,,
1988-05-11,2.5,4.3,4.8,2.3,3.5,2.4,2.3,1.9,1.9,2.0,1.9,,,,3.5,2.8,2.7,2.4,3.6,4.1,4.0,4.2,3.9,3.7,3.6,,,,6.3,6.0,5.9,5.7,5.5,5.6,5.6,5.7,5.8,5.8,5.9,,,,,3.6,3.9,3.2,4.8,5.0,4.9,4.6,4.7,4.5,4.6,,,,,3.6,4.2,4.4,5.3,4.9,5.1,5.1,5.0,4.8,4.7,,,,,,,,,,,,,,,,,,,,,,,,,,,,,,,,,5.4,-2.5,3.8,2.3,2.7,1.6,1.0,0.9,1.1,1.0,,,,,25.8,1.6,21.0,0.6,8.2,2.6,2.6,1.9,2.2,1.9,,,,,-6.5,7.4,-9.4,3.6,-3.9,-4.6,-5.6,-3.5,-0.8,-0.7,,,,,4.5,14.1,-23.3,5.6,-5.1,3.1,2.2,-0.6,-0.9,-1.0,,,,,1.2,5.5,1.5,2.1,2.0,2.1,2.4,2.5,2.6,2.6,,,,6.3,7.3,7.6,4.7,7.1,6.7,6.3,6.2,5.8,5.8,5.6,,,,,1.62,1.53,1.48,1.51,1.45,1.4,1.39,1.38,1.38,1.38,,,,,8.8,7.0,3.8,4.5,3.6,2.4,2.6,2.7,3.0,3.0,,,,-1.9000000000000004,1.7999999999999998,0.5,-2.2,0.7999999999999998,-0.10000000000000009,-0.30000000000000027,-0.8999999999999999,-0.7000000000000002,-0.5,-0.3999999999999999,,,,-0.7000000000000002,-0.7000000000000002,-0.09999999999999964,-0.30000000000000027,0.20000000000000018,0.9999999999999996,0.20000000000000018,0.40000000000000036,-0.10000000000000009,-0.39999999999999947,-0.2999999999999998,,,,-0.2999999999999998,-0.2999999999999998,-0.09999999999999964,-0.20000000000000018,-0.20000000000000018,-0.10000000000000053,-0.10000000000000053,0.0,0.20000000000000018,0.20000000000000018,0.20000000000000018,,,,,,0.2999999999999998,-0.6999999999999997,1.2999999999999998,0.7000000000000002,-0.2999999999999998,-0.40000000000000036,-0.20000000000000018,-0.7000000000000002,-0.40000000000000036,,,,,,0.6000000000000001,0.20000000000000018,0.7999999999999998,0.0,-0.10000000000000053,-0.10000000000000053,-0.2999999999999998,-0.5,-0.5,,,,,,,,,,,,,,,,,,,,,,,,,,,,,,,,,,-7.9,6.9,-0.5,1.0000000000000002,-0.3999999999999999,-0.7,-0.4,-0.2999999999999998,-0.19999999999999996,,,,,,-24.2,21.5,-11.1,6.499999999999999,-1.9999999999999996,-1.4999999999999996,-1.9,-1.2999999999999998,-1.2000000000000002,,,,,,13.9,-17.5,13.5,-5.7,-10.0,-8.0,-1.7,1.8,2.2,,,,,,9.6,-47.7,21.2,1.9000000000000004,8.6,-0.8999999999999999,-2.8000000000000003,-0.4,-0.19999999999999996,,,,,,4.3,-3.8,0.7000000000000002,0.0,0.10000000000000009,0.2999999999999998,0.10000000000000009,0.10000000000000009,-0.10000000000000009,,,,-2.3,1.0,0.2999999999999998,-2.5999999999999996,1.0,1.0,-0.20000000000000018,-0.5,-0.9000000000000004,-0.7999999999999998,-0.6000000000000005,,,,,,-0.09000000000000008,-0.050000000000000044,0.050000000000000044,-0.08000000000000007,-0.13000000000000012,-0.1200000000000001,-0.1200000000000001,-0.10000000000000009,-0.06000000000000005,,,,,,-1.8000000000000007,-3.2,0.5,-0.19999999999999973,-2.1,-1.6,-0.3999999999999999,-0.2999999999999998,-0.2999999999999998,,,
1988-06-22,2.5,4.3,4.8,3.9,3.3,2.1,2.3,2.0,1.7,2.4,2.4,,,,3.5,2.8,2.7,1.7,4.7,4.2,4.3,4.4,3.7,3.5,3.6,,,,6.3,6.0,5.9,5.7,5.6,5.7,5.7,5.7,5.8,5.8,5.9,,,,,3.6,3.9,3.2,4.8,4.8,5.0,4.6,4.8,4.6,4.7,,,,,3.6,4.2,4.4,4.7,4.5,5.2,5.1,5.1,5.0,5.0,,,,,,,,,,,,,,,,,,,,,,,,,,,,,,,,,5.4,-2.5,4.3,1.5,3.0,2.2,1.6,0.6,0.9,1.0,,,,,25.8,1.6,20.8,0.0,9.8,4.7,3.1,1.6,2.8,1.7,,,,,-6.5,7.4,-9.4,-1.7,-2.5,-2.4,-5.4,-4.5,-0.4,-0.5,,,,,4.5,14.1,-21.2,8.2,-9.1,0.0,1.5,-1.1,-0.7,-1.3,,,,,1.2,5.5,1.5,2.1,2.5,2.5,2.5,2.5,2.6,2.5,,,,6.3,7.3,7.6,5.4,8.2,6.3,6.7,6.5,5.5,6.1,6.1,,,,,1.62,1.53,1.49,1.49,1.47,1.41,1.39,1.38,1.38,1.38,,,,,8.8,7.0,3.9,4.6,3.7,2.6,2.0,2.7,3.0,3.0,,,,0.0,0.0,0.0,1.6,-0.20000000000000018,-0.2999999999999998,0.0,0.10000000000000009,-0.19999999999999996,0.3999999999999999,0.5,,,,0.0,0.0,0.0,-0.7,1.1,0.10000000000000053,0.2999999999999998,0.20000000000000018,-0.19999999999999973,-0.20000000000000018,0.0,,,,0.0,0.0,0.0,0.0,0.09999999999999964,0.10000000000000053,0.10000000000000053,0.0,0.0,0.0,0.0,,,,,0.0,0.0,0.0,0.0,-0.20000000000000018,0.09999999999999964,0.0,0.09999999999999964,0.09999999999999964,0.10000000000000053,,,,,0.0,0.0,0.0,-0.5999999999999996,-0.40000000000000036,0.10000000000000053,0.0,0.09999999999999964,0.20000000000000018,0.2999999999999998,,,,,,,,,,,,,,,,,,,,,,,,,,,,,,,,,0.0,0.0,0.5,-0.7999999999999998,0.2999999999999998,0.6000000000000001,0.6000000000000001,-0.30000000000000004,-0.20000000000000007,0.0,,,,,0.0,0.0,-0.1999999999999993,-0.6,1.6000000000000014,2.1,0.5,-0.2999999999999998,0.5999999999999996,-0.19999999999999996,,,,,0.0,0.0,0.0,-5.3,1.4,2.1999999999999997,0.1999999999999993,-1.0,0.4,0.19999999999999996,,,,,0.0,0.0,2.1000000000000014,2.5999999999999996,-4.0,-3.1,-0.7000000000000002,-0.5000000000000001,0.20000000000000007,-0.30000000000000004,,,,,0.0,0.0,0.0,0.0,0.5,0.3999999999999999,0.10000000000000009,0.0,0.0,-0.10000000000000009,,,,0.0,0.0,0.0,0.7000000000000002,1.0999999999999996,-0.40000000000000036,0.40000000000000036,0.2999999999999998,-0.2999999999999998,0.2999999999999998,0.5,,,,,0.0,0.0,0.010000000000000009,-0.020000000000000018,0.020000000000000018,0.010000000000000009,0.0,0.0,0.0,0.0,,,,,0.0,0.0,0.10000000000000009,0.09999999999999964,0.10000000000000009,0.20000000000000018,-0.6000000000000001,0.0,0.0,0.0,,,
1988-08-10,4.5,6.1,3.4,3.1,3.1,1.8,3.6,2.5,2.0,2.0,,,,,3.1,2.4,1.7,4.1,4.0,4.2,4.0,3.8,3.7,3.6,,,,,6.0,5.9,5.7,5.5,5.4,5.4,5.4,5.5,5.6,5.7,,,,,3.6,3.9,3.2,4.9,4.3,5.1,5.3,4.9,4.8,4.8,,,,,3.6,4.2,4.4,5.0,4.5,5.3,5.2,5.2,5.2,5.2,,,,,,,,,,,,,,,,,,,,,,,,,,,,,,,,,4.6,-2.1,4.5,2.3,2.6,2.3,1.3,1.3,1.3,1.3,,,,,28.4,1.7,7.6,14.0,8.6,5.1,6.2,5.1,3.7,2.5,,,,,-10.7,1.3,-6.5,2.8,-0.2,-2.3,-6.4,-5.7,-2.5,-0.8,,,,,12.6,6.7,-21.0,-3.0,-3.1,4.8,5.0,1.6,2.2,4.2,,,,,0.6,3.8,3.5,2.9,1.9,2.0,2.0,2.0,2.2,2.3,,,,,7.7,8.6,5.4,7.2,7.3,6.1,7.7,6.4,5.8,5.8,,,,,1.62,1.53,1.48,1.47,1.47,1.41,1.37,1.35,1.34,1.34,,,,,8.8,7.0,3.9,4.7,6.4,4.1,2.6,2.4,2.5,2.5,,,,,2.0,1.7999999999999998,-1.4,-0.7999999999999998,-0.19999999999999973,-0.30000000000000004,1.3000000000000003,0.5,0.30000000000000004,-0.3999999999999999,,,,,-0.3999999999999999,-0.3999999999999999,-1.0000000000000002,2.3999999999999995,-0.7000000000000002,0.0,-0.2999999999999998,-0.6000000000000005,0.0,0.10000000000000009,,,,,-0.2999999999999998,-0.09999999999999964,-0.20000000000000018,-0.20000000000000018,-0.1999999999999993,-0.2999999999999998,-0.2999999999999998,-0.20000000000000018,-0.20000000000000018,-0.09999999999999964,,,,,,0.2999999999999998,-0.6999999999999997,1.7000000000000002,-0.5,0.2999999999999998,0.2999999999999998,0.3000000000000007,0.0,0.20000000000000018,,,,,,0.6000000000000001,0.20000000000000018,0.5999999999999996,-0.20000000000000018,0.7999999999999998,0.0,0.10000000000000053,0.10000000000000053,0.20000000000000018,,,,,,,,,,,,,,,,,,,,,,,,,,,,,,,,,,-7.5,7.0,-2.0,1.1,-0.7000000000000002,-0.9000000000000001,-0.30000000000000004,0.7000000000000001,0.4,,,,,,-24.1,6.0,-6.800000000000001,8.6,-4.700000000000001,1.5,1.9999999999999996,2.1,-0.2999999999999998,,,,,,7.8,-13.9,12.2,1.5,0.20000000000000018,-4.0,-0.2999999999999998,2.0,-0.4,,,,,,2.2,-35.1,18.2,-11.299999999999999,13.899999999999999,5.0,0.10000000000000009,3.3000000000000003,4.9,,,,,,2.5999999999999996,-2.0,1.4,-0.20000000000000018,-0.5,-0.5,-0.5,-0.2999999999999998,-0.30000000000000027,,,,,1.4000000000000004,1.2999999999999998,-2.1999999999999993,1.7999999999999998,-0.8999999999999995,-0.20000000000000018,1.0,-0.09999999999999964,0.2999999999999998,-0.2999999999999998,,,,,,-0.09000000000000008,-0.050000000000000044,-0.020000000000000018,-0.020000000000000018,-0.06000000000000005,-0.039999999999999813,-0.039999999999999813,-0.039999999999999813,-0.039999999999999813,,,,,,-1.8000000000000007,-3.1,0.8000000000000003,1.8000000000000007,0.39999999999999947,0.0,0.3999999999999999,-0.20000000000000018,-0.5,,,,
1988-09-14,4.5,6.1,3.4,3.3,2.5,1.6,4.4,2.7,2.4,2.4,,,,,3.1,2.4,1.7,5.1,3.8,4.4,3.9,3.8,3.6,3.4,,,,,6.0,5.9,5.7,5.5,5.5,5.5,5.5,5.6,5.7,5.7,,,,,3.6,3.9,3.2,4.9,4.8,4.7,5.0,4.8,4.7,4.8,,,,,3.6,4.2,4.4,5.0,4.4,5.3,5.1,5.1,5.2,5.3,,,,,,,,,,,,,,,,,,,,,,,,,,,,,,,,,4.6,-2.1,4.5,2.7,3.1,2.5,1.7,1.3,1.3,1.3,,,,,28.4,1.7,7.6,16.3,6.1,5.4,5.6,5.4,3.9,2.6,,,,,-10.7,1.3,-6.5,1.1,-5.3,-0.1,-2.2,-3.9,-3.3,-0.7,,,,,12.6,6.7,-21.0,4.0,-3.7,0.5,1.8,2.3,2.7,4.3,,,,,0.6,3.8,3.5,3.2,2.7,2.0,2.0,2.0,2.1,2.2,,,,,7.7,8.6,5.4,8.3,6.5,6.1,8.5,6.6,6.2,5.9,,,,,1.62,1.53,1.48,1.48,1.47,1.44,1.42,1.4,1.38,1.37,,,,,8.8,7.0,3.9,4.6,6.7,4.1,3.1,2.8,2.5,2.2,,,,,0.0,0.0,0.0,0.19999999999999973,-0.6000000000000001,-0.19999999999999996,0.8000000000000003,0.20000000000000018,0.3999999999999999,0.3999999999999999,,,,,0.0,0.0,0.0,1.0,-0.20000000000000018,0.20000000000000018,-0.10000000000000009,0.0,-0.10000000000000009,-0.20000000000000018,,,,,0.0,0.0,0.0,0.0,0.09999999999999964,0.09999999999999964,0.09999999999999964,0.09999999999999964,0.10000000000000053,0.0,,,,,0.0,0.0,0.0,0.0,0.5,-0.39999999999999947,-0.2999999999999998,-0.10000000000000053,-0.09999999999999964,0.0,,,,,0.0,0.0,0.0,0.0,-0.09999999999999964,0.0,-0.10000000000000053,-0.10000000000000053,0.0,0.09999999999999964,,,,,,,,,,,,,,,,,,,,,,,,,,,,,,,,,0.0,0.0,0.0,0.40000000000000036,0.5,0.20000000000000018,0.3999999999999999,0.0,0.0,0.0,,,,,0.0,0.0,0.0,2.3000000000000007,-2.5,0.3000000000000007,-0.6000000000000005,0.3000000000000007,0.19999999999999973,0.10000000000000009,,,,,0.0,0.0,0.0,-1.6999999999999997,-5.1,2.1999999999999997,4.2,1.8000000000000003,-0.7999999999999998,0.10000000000000009,,,,,0.0,0.0,0.0,7.0,-0.6000000000000001,-4.3,-3.2,0.6999999999999997,0.5,0.09999999999999964,,,,,0.0,0.0,0.0,0.30000000000000027,0.8000000000000003,0.0,0.0,0.0,-0.10000000000000009,-0.09999999999999964,,,,,0.0,0.0,0.0,1.1000000000000005,-0.7999999999999998,0.0,0.7999999999999998,0.1999999999999993,0.40000000000000036,0.10000000000000053,,,,,0.0,0.0,0.0,0.010000000000000009,0.0,0.030000000000000027,0.04999999999999982,0.04999999999999982,0.039999999999999813,0.030000000000000027,,,,,0.0,0.0,0.0,-0.10000000000000053,0.2999999999999998,0.0,0.5,0.3999999999999999,0.0,-0.2999999999999998,,,,
1988-10-26,6.1,3.4,3.0,2.2,1.6,4.8,2.8,2.4,2.3,,,,,,2.4,1.7,5.5,4.4,5.0,3.9,3.8,3.6,3.5,,,,,,5.9,5.7,5.5,5.5,5.4,5.4,5.5,5.5,5.6,,,,,,3.9,3.2,4.9,4.8,4.5,4.3,4.3,4.2,4.4,,,,,,4.4,4.4,5.0,4.0,5.0,4.8,4.9,5.0,5.0,,,,,,,,,,,,,,,,,,,,,,,,,,,,,,,,,,-2.1,4.5,3.0,3.9,2.0,2.4,1.9,1.9,1.8,,,,,,1.7,7.6,15.0,1.3,3.7,3.8,4.1,3.4,3.3,,,,,,1.3,-6.5,0.2,-1.8,3.7,0.0,-2.2,-3.8,-1.6,,,,,,6.7,-21.0,4.7,-3.6,0.2,1.8,2.3,2.7,4.3,,,,,,3.8,3.5,3.2,1.7,2.0,2.0,2.0,2.1,2.2,,,,,,8.6,5.4,8.7,6.6,6.7,8.9,6.7,6.0,5.8,,,,,,1.53,1.48,1.48,1.45,1.46,1.45,1.43,1.4,1.39,,,,,,7.0,3.9,4.6,6.8,2.7,3.6,3.1,2.3,2.0,,,,,,1.5999999999999996,-2.6999999999999997,-0.3999999999999999,-1.0999999999999996,-0.8999999999999999,3.1999999999999997,-1.6000000000000005,-0.30000000000000027,-0.10000000000000009,,,,,,-0.7000000000000002,-0.7,3.8,-0.6999999999999993,1.2000000000000002,-0.5000000000000004,-0.10000000000000009,-0.19999999999999973,-0.10000000000000009,,,,,,-0.09999999999999964,-0.20000000000000018,-0.20000000000000018,0.0,-0.09999999999999964,-0.09999999999999964,0.0,-0.09999999999999964,-0.10000000000000053,,,,,,0.2999999999999998,-0.6999999999999997,1.7000000000000002,-0.10000000000000053,-0.2999999999999998,-0.40000000000000036,-0.7000000000000002,-0.5999999999999996,-0.2999999999999998,,,,,,0.8000000000000003,0.20000000000000018,0.5999999999999996,-1.0,0.5999999999999996,-0.5,-0.1999999999999993,-0.09999999999999964,-0.20000000000000018,,,,,,,,,,,,,,,,,,,,,,,,,,,,,,,,,,-6.699999999999999,6.6,-1.5,1.1999999999999997,-1.1,-0.10000000000000009,0.19999999999999996,0.5999999999999999,0.5,,,,,,-26.7,5.8999999999999995,7.4,-15.0,-2.3999999999999995,-1.6000000000000005,-1.5,-2.0000000000000004,-0.6000000000000001,,,,,,12.0,-7.8,6.7,-2.9000000000000004,9.0,0.1,0.0,0.10000000000000009,1.6999999999999997,,,,,,-5.8999999999999995,-27.7,25.7,-7.6,3.9000000000000004,1.3,0.4999999999999998,0.40000000000000036,1.5999999999999996,,,,,,3.1999999999999997,-0.2999999999999998,-0.2999999999999998,-1.5000000000000002,-0.7000000000000002,0.0,0.0,0.10000000000000009,0.10000000000000009,,,,,,0.8999999999999995,-3.1999999999999993,3.299999999999999,-1.700000000000001,0.20000000000000018,2.8000000000000007,-1.7999999999999998,-0.5999999999999996,-0.40000000000000036,,,,,,-0.09000000000000008,-0.050000000000000044,0.0,-0.030000000000000027,-0.010000000000000009,0.010000000000000009,0.010000000000000009,0.0,0.010000000000000009,,,,,,-1.8000000000000007,-3.1,0.6999999999999997,2.2,-4.0,-0.49999999999999956,0.0,-0.5,-0.5,,,,,
1988-12-07,,3.4,3.0,2.6,2.2,5.8,2.7,2.4,2.0,0.9,0.8,1.3,1.4,,,1.7,5.5,4.7,4.6,2.9,4.1,3.7,3.8,4.9,3.9,4.2,4.2,,,5.7,5.5,5.5,5.3,5.3,5.3,5.4,5.5,5.7,5.9,6.0,6.1,,,,,4.8,4.5,4.1,4.8,4.7,4.9,4.8,4.8,4.7,4.7,,,,,4.0,5.1,4.7,5.2,5.3,5.4,5.3,5.2,5.1,5.1,,,,,,,,,,,,,,,,,,,,,,,,,,,,,,,,,4.0,2.4,3.5,2.4,2.4,1.8,0.8,0.6,0.4,0.7,,,,,4.8,0.6,5.4,4.2,3.5,2.7,1.7,1.1,0.4,0.1,,,,,3.2,5.4,1.5,-3.1,-2.4,-2.9,-3.6,-2.2,-1.6,-0.5,,,,,-9.2,4.2,2.0,1.8,2.7,1.6,0.0,-0.4,-0.3,0.1,,,,,1.7,2.1,2.2,2.2,2.1,2.2,2.2,2.2,2.1,2.0,,,5.4,8.7,7.3,7.0,8.8,7.0,6.2,5.9,5.9,4.7,5.6,5.7,,,,,1.46,1.51,1.48,1.44,1.42,1.39,1.38,1.36,1.34,1.34,,,,,7.2,4.6,3.5,3.0,2.6,1.9,0.4,0.5,1.5,1.7,,,0.0,0.0,0.3999999999999999,0.6000000000000001,1.0,-0.09999999999999964,0.0,-0.2999999999999998,,,,,,,0.0,0.0,0.2999999999999998,-0.40000000000000036,-1.0,0.2999999999999998,0.10000000000000009,0.2999999999999998,,,,,,,0.0,0.0,0.0,-0.10000000000000053,-0.10000000000000053,-0.20000000000000018,-0.09999999999999964,-0.09999999999999964,,,,,,,,,0.0,0.0,-0.20000000000000018,0.5,0.5,0.5,,,,,,,,,0.0,0.09999999999999964,-0.09999999999999964,0.2999999999999998,0.2999999999999998,0.40000000000000036,,,,,,,,,,,,,,,,,,,,,,,,,,,,,,,,,,,,,0.10000000000000009,0.3999999999999999,1.1,0.5,0.5,0.0,,,,,,,,,3.5,-3.1,1.6000000000000005,0.10000000000000053,0.10000000000000009,-0.5999999999999996,,,,,,,,,5.0,1.7000000000000002,1.5,-0.8999999999999999,1.4,-1.2999999999999998,,,,,,,,,-5.6,4.0,0.19999999999999996,-0.4999999999999998,0.0,-2.6999999999999997,,,,,,,,,0.0,0.10000000000000009,0.20000000000000018,0.20000000000000018,0.0,0.0,,,,,,,0.0,0.0,0.7000000000000002,0.2999999999999998,-0.09999999999999964,0.2999999999999998,0.20000000000000018,0.10000000000000053,,,,,,,,,0.010000000000000009,0.050000000000000044,0.030000000000000027,0.010000000000000009,0.020000000000000018,0.0,,,,,,,,,0.40000000000000036,1.8999999999999995,-0.10000000000000009,-0.10000000000000009,0.30000000000000027,-0.10000000000000009,,,,,
1989-02-01,3.4,3.0,2.5,2.0,5.0,2.8,2.4,2.0,0.9,0.8,1.3,1.6,,,1.7,5.5,4.7,4.7,3.9,4.4,3.7,4.0,4.8,4.3,4.3,4.3,,,5.7,5.5,5.5,5.3,5.3,5.3,5.4,5.5,5.7,5.9,6.0,6.1,,,,,4.8,4.1,4.7,4.9,4.7,5.1,5.1,5.2,5.1,5.1,,,,,4.0,4.6,4.8,5.2,5.3,5.6,5.7,5.7,5.6,5.6,,,,,,,,,,,,,,,,,,,,,,,,,,,,,,,,,3.9,2.8,3.5,3.0,2.2,1.6,0.8,0.5,0.6,0.9,,,,,4.0,-3.7,2.5,5.4,4.2,3.4,2.4,1.0,0.8,0.2,,,,,4.3,12.7,2.1,-3.1,-1.2,-1.4,-3.1,-3.7,-0.9,1.4,,,,,-13.2,17.0,-2.7,0.8,2.2,0.2,-1.6,-1.6,-1.4,-1.2,,,,,1.1,4.1,2.1,2.1,2.0,2.1,2.1,2.1,2.1,2.0,,,5.4,8.7,7.3,6.8,8.9,7.3,6.1,6.0,5.7,5.1,5.7,5.9,,,,,1.47,1.54,1.5,1.47,1.46,1.43,1.41,1.39,1.39,1.39,,,,,7.1,4.2,3.7,3.1,2.4,2.2,0.6,0.6,1.6,2.5,,,,-0.3999999999999999,-0.5,-0.6000000000000001,2.8,-3.0,-0.30000000000000027,-0.3999999999999999,-1.1,-0.09999999999999998,0.5,0.30000000000000004,,,,3.8,-0.7999999999999998,0.0,-0.6999999999999997,1.5000000000000004,-0.39999999999999947,0.2999999999999998,1.0,-0.6000000000000005,0.3999999999999999,0.09999999999999964,,,,-0.20000000000000018,0.0,-0.20000000000000018,0.0,0.0,0.10000000000000053,0.09999999999999964,0.20000000000000018,0.20000000000000018,0.09999999999999964,0.09999999999999964,,,,,,-0.7000000000000002,0.20000000000000018,0.8000000000000007,-0.09999999999999964,0.39999999999999947,0.1999999999999993,0.40000000000000036,0.2999999999999998,0.39999999999999947,,,,,,0.5999999999999996,-0.2999999999999998,0.5,0.09999999999999964,0.2999999999999998,0.2999999999999998,0.40000000000000036,0.39999999999999947,0.5,,,,,,,,,,,,,,,,,,,,,,,,,,,,,,,,,,-1.2000000000000002,1.1,-0.5,-0.19999999999999973,-0.7999999999999998,-1.0,-0.30000000000000004,0.0,0.5,,,,,,-8.5,1.9,0.0,0.0,-0.10000000000000009,-0.30000000000000027,-0.7,-0.30000000000000004,-0.2,,,,,,9.5,-3.3000000000000003,-4.6,1.9000000000000001,1.0,-0.20000000000000018,-0.10000000000000009,1.3000000000000003,3.0,,,,,,26.2,-6.9,-1.2,0.40000000000000013,-2.5,-3.2,-1.6,-0.9999999999999999,-0.8999999999999999,,,,,,2.3999999999999995,0.0,-0.10000000000000009,-0.20000000000000018,0.0,-0.10000000000000009,-0.10000000000000009,-0.10000000000000009,-0.10000000000000009,,,,3.299999999999999,-1.3999999999999995,-0.5,1.9000000000000004,-1.5000000000000009,-0.9000000000000004,-0.20000000000000018,-0.20000000000000018,-0.8000000000000007,1.0,0.3000000000000007,,,,,,0.08000000000000007,-0.010000000000000009,-0.010000000000000009,0.020000000000000018,0.010000000000000009,0.020000000000000018,0.010000000000000009,0.029999999999999805,0.04999999999999982,,,,,,-3.0,-0.8999999999999995,-0.3999999999999999,-0.6000000000000001,-0.3999999999999999,-1.2999999999999998,0.19999999999999996,1.1,1.0,,
1989-03-22,3.4,3.0,2.5,2.0,5.2,3.0,2.0,1.6,0.4,0.8,1.2,1.7,,,1.7,5.5,4.7,5.3,3.9,4.7,4.3,4.2,5.2,4.4,4.4,4.3,,,5.7,5.5,5.5,5.3,5.2,5.2,5.3,5.4,5.6,5.8,6.0,6.1,,,,,4.5,4.4,5.4,5.4,5.0,4.8,5.2,5.2,5.2,5.1,,,,,4.0,4.9,5.2,5.2,5.3,5.6,5.8,5.8,5.7,5.7,,,,,,,,,,,,,,,,,,,,,,,,,,,,,,,,,3.9,3.5,2.6,4.1,2.7,1.3,1.0,0.7,0.6,0.9,,,,,4.0,-4.6,7.9,2.6,3.3,2.8,1.4,0.9,0.5,0.2,,,,,4.3,10.9,2.4,-6.4,-2.3,-1.6,-2.6,-2.0,-0.2,0.9,,,,,-13.2,16.8,-2.6,0.8,2.2,0.6,-1.1,-1.3,-1.5,-0.9,,,,,1.1,5.1,2.4,2.2,2.1,2.1,2.0,2.1,2.1,2.1,,,5.4,8.7,7.3,7.2,9.4,7.8,6.3,5.9,5.6,5.2,5.6,6.0,,,,,1.47,1.56,1.56,1.49,1.47,1.46,1.43,1.44,1.44,1.44,,,,,7.1,4.7,3.6,2.2,1.9,1.6,0.3,0.5,1.5,2.3,,,0.0,0.0,0.0,0.0,0.20000000000000018,0.20000000000000018,-0.3999999999999999,-0.3999999999999999,-0.5,0.0,-0.10000000000000009,0.09999999999999987,,,0.0,0.0,0.0,0.5999999999999996,0.0,0.2999999999999998,0.5999999999999996,0.20000000000000018,0.40000000000000036,0.10000000000000053,0.10000000000000053,0.0,,,0.0,0.0,0.0,0.0,-0.09999999999999964,-0.09999999999999964,-0.10000000000000053,-0.09999999999999964,-0.10000000000000053,-0.10000000000000053,0.0,0.0,,,,,-0.2999999999999998,0.3000000000000007,0.7000000000000002,0.5,0.2999999999999998,-0.2999999999999998,0.10000000000000053,0.0,0.10000000000000053,0.0,,,,,0.0,0.3000000000000007,0.40000000000000036,0.0,0.0,0.0,0.09999999999999964,0.09999999999999964,0.10000000000000053,0.10000000000000053,,,,,,,,,,,,,,,,,,,,,,,,,,,,,,,,,0.0,0.7000000000000002,-0.8999999999999999,1.0999999999999996,0.5,-0.30000000000000004,0.19999999999999996,0.19999999999999996,0.0,0.0,,,,,0.0,-0.8999999999999995,5.4,-2.8000000000000003,-0.9000000000000004,-0.6000000000000001,-1.0,-0.09999999999999998,-0.30000000000000004,0.0,,,,,0.0,-1.799999999999999,0.2999999999999998,-3.3000000000000003,-1.0999999999999999,-0.20000000000000018,0.5,1.7000000000000002,0.7,-0.4999999999999999,,,,,0.0,-0.1999999999999993,0.10000000000000009,0.0,0.0,0.39999999999999997,0.5,0.30000000000000004,-0.10000000000000009,0.29999999999999993,,,,,0.0,1.0,0.2999999999999998,0.10000000000000009,0.10000000000000009,0.0,-0.10000000000000009,0.0,0.0,0.10000000000000009,,,0.0,0.0,0.0,0.40000000000000036,0.5,0.5,0.20000000000000018,-0.09999999999999964,-0.10000000000000053,0.10000000000000053,-0.10000000000000053,0.09999999999999964,,,,,0.0,0.020000000000000018,0.06000000000000005,0.020000000000000018,0.010000000000000009,0.030000000000000027,0.020000000000000018,0.050000000000000044,0.050000000000000044,0.050000000000000044,,,,,0.0,0.5,-0.10000000000000009,-0.8999999999999999,-0.5,-0.6000000000000001,-0.3,-0.09999999999999998,-0.10000000000000009,-0.20000000000000018,,
1989-05-10,3.0,2.5,2.4,5.5,2.3,2.0,1.6,1.2,0.6,1.0,1.6,,,,5.5,4.7,5.3,3.9,4.8,4.1,3.9,5.1,4.5,4.5,4.3,,,,5.5,5.5,5.3,5.2,5.3,5.3,5.4,5.5,5.7,5.9,6.1,,,,,4.5,4.4,5.4,6.1,4.7,4.2,5.1,5.1,5.0,5.0,,,,,4.0,4.9,5.1,5.0,5.1,5.4,5.6,5.6,5.4,5.4,,,,,,,,,,,,,,,,,,,,,,,,,,,,,,,,,3.9,3.5,1.3,3.1,2.4,1.4,1.6,0.9,0.8,1.1,,,,,4.0,-2.9,9.6,6.6,5.5,3.0,1.9,1.5,0.8,0.5,,,,,4.3,10.9,-3.6,-11.6,-4.6,-2.9,-2.5,-0.2,1.0,2.8,,,,,-13.2,20.7,-2.7,1.3,1.1,0.4,-1.2,-1.3,-1.6,-0.7,,,,,1.1,6.0,4.0,2.3,2.2,2.0,2.0,2.0,1.9,1.9,,,,8.7,7.3,7.6,9.7,7.3,6.2,5.6,6.4,5.2,5.5,5.9,,,,,1.47,1.56,1.52,1.44,1.42,1.4,1.39,1.4,1.41,1.42,,,,,7.1,4.6,3.0,1.5,1.8,1.2,1.0,0.4,0.8,2.0,,,,-0.3999999999999999,-0.5,-0.10000000000000009,3.5,-2.9000000000000004,-1.0,-0.3999999999999999,-0.40000000000000013,0.19999999999999996,0.19999999999999996,0.40000000000000013,,,,3.8,-0.7999999999999998,0.5999999999999996,-1.4,0.8999999999999999,-0.6000000000000005,-0.3999999999999999,0.8999999999999995,-0.7000000000000002,0.09999999999999964,-0.10000000000000053,,,,-0.20000000000000018,0.0,-0.20000000000000018,-0.09999999999999964,0.09999999999999964,0.09999999999999964,0.10000000000000053,0.09999999999999964,0.10000000000000053,0.10000000000000053,0.09999999999999964,,,,,,-0.09999999999999964,1.0,0.6999999999999993,-0.7000000000000002,-0.7999999999999998,0.2999999999999998,-0.10000000000000053,-0.20000000000000018,-0.20000000000000018,,,,,,0.9000000000000004,0.1999999999999993,-0.20000000000000018,-0.10000000000000053,0.10000000000000053,0.0,-0.20000000000000018,-0.39999999999999947,-0.2999999999999998,,,,,,,,,,,,,,,,,,,,,,,,,,,,,,,,,,-0.3999999999999999,-2.2,0.5,-1.6999999999999997,-1.3000000000000003,0.30000000000000004,-0.09999999999999998,0.10000000000000009,0.5000000000000001,,,,,,-6.9,14.2,-1.3000000000000007,2.9,-0.2999999999999998,-0.8999999999999999,0.10000000000000009,-0.09999999999999998,0.0,,,,,,6.6000000000000005,-14.5,-14.0,1.8000000000000007,-0.6000000000000001,-0.8999999999999999,2.4,3.0,3.0,,,,,,33.9,-19.5,3.9000000000000004,0.30000000000000004,-1.8000000000000003,-1.7999999999999998,-0.19999999999999996,-0.30000000000000004,0.8,,,,,,4.9,-1.0999999999999996,-0.10000000000000009,0.0,-0.10000000000000009,-0.10000000000000009,0.0,-0.20000000000000018,-0.20000000000000018,,,,3.299999999999999,-1.3999999999999995,0.2999999999999998,2.499999999999999,-2.1000000000000005,-1.5999999999999996,-0.7000000000000002,0.5,-0.39999999999999947,0.2999999999999998,0.3000000000000007,,,,,,0.09000000000000008,-0.040000000000000036,-0.1200000000000001,-0.07000000000000006,-0.07000000000000006,-0.07000000000000006,-0.030000000000000027,-0.030000000000000027,-0.020000000000000018,,,,,,-2.5,-1.7000000000000002,-2.1,-0.40000000000000013,-0.7,-0.6000000000000001,0.10000000000000003,0.30000000000000004,0.5,,,
1989-06-28,3.0,2.5,2.4,4.4,1.7,1.5,1.3,1.2,1.4,1.7,2.0,,,,5.5,4.7,5.3,3.6,5.4,3.5,3.8,4.6,4.3,4.2,4.2,,,,5.5,5.5,5.3,5.2,5.3,5.4,5.6,5.8,5.9,6.0,6.1,,,,,4.5,4.4,5.4,6.6,4.0,3.8,4.5,4.8,4.7,4.6,,,,,4.0,4.9,5.2,4.3,4.6,5.0,5.1,5.1,5.0,4.9,,,,,,,,,,,,,,,,,,,,,,,,,,,,,,,,,3.9,3.5,1.3,1.4,2.2,1.3,1.6,1.3,1.3,1.5,,,,,4.0,-2.9,7.6,8.9,3.8,2.6,2.2,1.8,1.9,1.9,,,,,4.3,10.9,-4.6,-15.2,0.8,7.4,0.5,1.5,4.7,2.7,,,,,-13.2,20.7,0.4,-1.0,0.7,0.0,-0.1,-1.0,-1.6,-1.0,,,,,1.1,6.0,2.1,2.3,2.2,2.0,2.0,2.0,2.0,2.0,,,,8.7,7.3,7.6,8.2,7.4,5.1,5.1,5.8,5.7,6.0,6.3,,,,,1.47,1.56,1.52,1.34,1.4,1.42,1.42,1.44,1.45,1.45,,,,,7.1,4.6,2.0,2.4,1.2,1.2,0.8,1.4,2.4,2.7,,,,0.0,0.0,0.0,-1.0999999999999996,-0.5999999999999999,-0.5,-0.30000000000000004,0.0,0.7999999999999999,0.7,0.3999999999999999,,,,0.0,0.0,0.0,-0.2999999999999998,0.6000000000000005,-0.5999999999999996,-0.10000000000000009,-0.5,-0.20000000000000018,-0.2999999999999998,-0.09999999999999964,,,,0.0,0.0,0.0,0.0,0.0,0.10000000000000053,0.1999999999999993,0.2999999999999998,0.20000000000000018,0.09999999999999964,0.0,,,,,0.0,0.0,0.0,0.5,-0.7000000000000002,-0.40000000000000036,-0.5999999999999996,-0.2999999999999998,-0.2999999999999998,-0.40000000000000036,,,,,0.0,0.0,0.10000000000000053,-0.7000000000000002,-0.5,-0.40000000000000036,-0.5,-0.5,-0.40000000000000036,-0.5,,,,,,,,,,,,,,,,,,,,,,,,,,,,,,,,,0.0,0.0,0.0,-1.7000000000000002,-0.19999999999999973,-0.09999999999999987,0.0,0.4,0.5,0.3999999999999999,,,,,0.0,0.0,-2.0,2.3000000000000007,-1.7000000000000002,-0.3999999999999999,0.30000000000000027,0.30000000000000004,1.0999999999999999,1.4,,,,,0.0,0.0,-0.9999999999999996,-3.5999999999999996,5.3999999999999995,10.3,3.0,1.7,3.7,-0.09999999999999964,,,,,0.0,0.0,3.1,-2.3,-0.40000000000000013,-0.4,1.0999999999999999,0.30000000000000004,0.0,-0.30000000000000004,,,,,0.0,0.0,-1.9,0.0,0.0,0.0,0.0,0.0,0.10000000000000009,0.10000000000000009,,,,0.0,0.0,0.0,-1.5,0.10000000000000053,-1.1000000000000005,-0.5,-0.6000000000000005,0.5,0.5,0.39999999999999947,,,,,0.0,0.0,0.0,-0.09999999999999987,-0.020000000000000018,0.020000000000000018,0.030000000000000027,0.040000000000000036,0.040000000000000036,0.030000000000000027,,,,,0.0,0.0,-1.0,0.8999999999999999,-0.6000000000000001,0.0,-0.19999999999999996,0.9999999999999999,1.5999999999999999,0.7000000000000002,,,
1989-08-16,3.2,2.7,3.7,1.7,2.2,2.1,1.8,1.7,1.7,1.8,,,,,4.4,4.7,4.0,4.9,3.4,3.7,4.6,4.2,4.1,3.9,,,,,5.5,5.3,5.2,5.3,5.3,5.3,5.4,5.5,5.6,5.7,,,,,4.5,4.4,5.4,6.4,3.0,3.6,4.2,4.5,4.7,4.7,,,,,4.0,4.9,5.2,4.1,4.2,4.7,4.8,4.9,5.0,5.0,,,,,,,,,,,,,,,,,,,,,,,,,,,,,,,,,3.3,3.0,2.0,1.1,3.8,1.9,2.6,1.5,1.6,1.7,,,,,2.6,-6.5,6.9,7.6,4.9,3.7,3.3,2.1,1.1,1.0,,,,,1.9,6.3,-5.0,-13.6,2.6,8.6,0.2,0.1,0.1,0.2,,,,,-9.5,33.7,-9.4,7.1,-3.4,-3.9,0.7,0.2,-3.7,-0.8,,,,,0.9,5.7,1.5,1.8,2.0,2.0,1.9,2.0,2.0,2.0,,,,,7.5,7.5,7.9,6.6,5.8,5.9,6.5,5.9,5.8,5.8,,,,,1.47,1.56,1.52,1.35,1.43,1.43,1.42,1.41,1.42,1.42,,,,,7.1,4.6,2.1,2.6,2.0,2.8,1.9,1.5,2.0,1.9,,,,,0.20000000000000018,0.20000000000000018,1.3000000000000003,-2.7,0.5000000000000002,0.6000000000000001,0.5,0.5,0.30000000000000004,0.10000000000000009,,,,,-1.0999999999999996,0.0,-1.2999999999999998,1.3000000000000003,-2.0000000000000004,0.20000000000000018,0.7999999999999998,-0.39999999999999947,-0.20000000000000018,-0.30000000000000027,,,,,0.0,-0.20000000000000018,-0.09999999999999964,0.09999999999999964,0.0,-0.10000000000000053,-0.1999999999999993,-0.2999999999999998,-0.3000000000000007,-0.2999999999999998,,,,,,-0.09999999999999964,1.0,1.0,-3.5999999999999996,-0.3999999999999999,0.40000000000000036,0.0,-0.09999999999999964,0.0,,,,,,0.9000000000000004,0.2999999999999998,-1.1000000000000005,-0.09999999999999964,0.10000000000000053,-0.20000000000000018,-0.1999999999999993,-0.09999999999999964,0.0,,,,,,,,,,,,,,,,,,,,,,,,,,,,,,,,,,-0.8999999999999999,-1.5,-0.19999999999999996,2.4,-0.30000000000000027,1.3,-0.10000000000000009,0.30000000000000004,0.3999999999999999,,,,,,-10.5,9.8,0.0,-4.0,-0.09999999999999964,0.6999999999999997,-0.10000000000000009,-0.7,-0.8999999999999999,,,,,,2.0,-15.9,-9.0,17.8,7.8,-7.2,-0.4,-1.4,-4.5,,,,,,46.900000000000006,-30.1,6.699999999999999,-2.4,-4.6,0.7,0.30000000000000004,-2.7,0.8,,,,,,4.6,-4.5,-0.30000000000000004,-0.2999999999999998,-0.20000000000000018,-0.10000000000000009,0.0,0.0,0.0,,,,,-1.1999999999999993,0.20000000000000018,0.3000000000000007,-1.5999999999999996,-1.6000000000000005,0.8000000000000007,1.4000000000000004,0.10000000000000053,0.09999999999999964,-0.20000000000000018,,,,,,0.09000000000000008,-0.040000000000000036,-0.16999999999999993,0.08999999999999986,0.030000000000000027,0.0,-0.010000000000000009,-0.020000000000000018,-0.030000000000000027,,,,,,-2.5,-2.4999999999999996,0.6000000000000001,-0.3999999999999999,1.5999999999999999,0.7,0.7,0.6000000000000001,-0.5,,,,
1989-09-27,3.2,2.7,3.7,2.5,2.5,2.1,1.8,1.5,1.3,1.5,1.6,2.1,2.2,2.2,4.4,4.7,4.0,4.6,3.4,3.1,4.5,4.1,3.9,3.8,4.1,3.6,3.7,3.5,5.5,5.3,5.2,5.3,5.2,5.3,5.4,5.5,5.7,5.9,6.0,6.1,6.2,6.2,4.5,4.4,5.4,6.4,2.6,3.3,3.9,4.2,4.2,4.3,4.5,4.3,4.3,4.3,4.0,4.9,5.2,4.1,3.7,4.4,4.3,4.4,4.4,4.5,4.8,4.5,4.5,4.5,,,,,,,,,,,,,,,,,,,,,,,,,,,,,3.3,3.0,2.0,1.9,4.7,1.6,2.6,1.6,1.6,1.6,1.4,1.4,1.2,1.2,2.6,-6.5,6.9,8.6,5.2,3.6,3.1,1.7,0.7,0.5,1.8,2.7,3.3,3.8,1.9,6.3,-5.0,-12.3,-2.0,12.8,1.0,0.0,0.8,0.6,-2.2,-0.6,0.0,0.0,-9.5,33.7,-9.4,10.0,-5.1,-3.6,-0.7,0.0,-3.7,-1.1,0.2,0.0,-0.3,-0.1,0.9,5.7,1.5,2.2,2.0,2.0,1.9,2.0,1.9,1.9,1.9,1.8,1.8,1.7,7.5,7.5,7.9,7.1,6.1,5.3,6.4,5.7,5.2,5.3,5.8,5.7,6.0,5.8,1.47,1.56,1.52,1.35,1.4,1.43,1.44,1.43,1.42,1.42,1.42,1.41,1.4,1.39,7.1,4.6,2.1,3.2,1.8,1.6,1.5,1.2,1.7,1.7,1.9,2.5,3.0,3.0,0.0,0.0,0.0,0.8,0.2999999999999998,0.0,0.0,-0.19999999999999996,-0.3999999999999999,-0.30000000000000004,,,,,0.0,0.0,0.0,-0.3000000000000007,0.0,-0.6000000000000001,-0.09999999999999964,-0.10000000000000053,-0.19999999999999973,-0.10000000000000009,,,,,0.0,0.0,0.0,0.0,-0.09999999999999964,0.0,0.0,0.0,0.10000000000000053,0.20000000000000018,,,,,0.0,0.0,0.0,0.0,-0.3999999999999999,-0.30000000000000027,-0.30000000000000027,-0.2999999999999998,-0.5,-0.40000000000000036,,,,,0.0,0.0,0.0,0.0,-0.5,-0.2999999999999998,-0.5,-0.5,-0.5999999999999996,-0.5,,,,,,,,,,,,,,,,,,,,,,,,,,,,,,,,,0.0,0.0,0.0,0.7999999999999998,0.9000000000000004,-0.2999999999999998,0.0,0.10000000000000009,0.0,-0.09999999999999987,,,,,0.0,0.0,0.0,1.0,0.2999999999999998,-0.10000000000000009,-0.19999999999999973,-0.40000000000000013,-0.40000000000000013,-0.5,,,,,0.0,0.0,0.0,1.299999999999999,-4.6,4.200000000000001,0.8,-0.1,0.7000000000000001,0.39999999999999997,,,,,0.0,0.0,0.0,2.9000000000000004,-1.6999999999999997,0.2999999999999998,-1.4,-0.2,0.0,-0.30000000000000004,,,,,0.0,0.0,0.0,0.40000000000000013,0.0,0.0,0.0,0.0,-0.10000000000000009,-0.10000000000000009,,,,,0.0,0.0,0.0,0.5,0.2999999999999998,-0.6000000000000005,-0.09999999999999964,-0.20000000000000018,-0.5999999999999996,-0.5,,,,,0.0,0.0,0.0,0.0,-0.030000000000000027,0.0,0.020000000000000018,0.020000000000000018,0.0,0.0,,,,,0.0,0.0,0.0,0.6000000000000001,-0.19999999999999996,-1.1999999999999997,-0.3999999999999999,-0.30000000000000004,-0.30000000000000004,-0.19999999999999996,,,,
1989-11-08,2.7,3.7,2.5,2.5,1.7,2.2,1.3,1.5,1.5,1.7,2.1,2.2,2.3,,4.7,4.0,4.6,2.9,3.2,4.2,4.1,3.9,3.7,4.4,3.7,3.6,3.6,,5.3,5.2,5.3,5.2,5.3,5.4,5.5,5.7,5.9,6.0,6.1,6.2,6.2,,4.4,5.4,6.4,2.6,3.3,3.7,4.1,4.2,4.3,4.6,4.4,4.4,4.4,,4.9,5.2,4.1,3.5,4.0,4.2,4.3,4.4,4.5,4.8,4.5,4.5,4.5,,,,,,,,,,,,,,,,,,,,,,,,,,,,,,3.0,2.0,1.9,5.8,1.8,2.9,1.8,1.5,1.5,1.4,1.3,1.2,1.3,,-6.5,6.9,8.6,5.3,1.0,6.6,2.0,1.5,1.4,1.6,2.9,3.3,3.4,,6.3,-5.0,-12.3,-4.8,6.6,2.6,1.7,1.7,-0.8,-2.2,-2.2,-1.5,-0.9,,33.7,-9.4,10.0,-8.7,1.5,0.8,-0.5,-4.0,0.0,0.1,-0.3,-0.9,-0.3,,5.7,1.5,2.2,2.8,3.2,1.9,1.9,1.7,1.8,1.8,1.8,1.7,1.6,,7.5,7.9,7.1,5.6,4.9,6.4,5.4,5.4,5.2,6.2,5.8,5.9,5.9,,1.56,1.52,1.35,1.34,1.38,1.38,1.38,1.38,1.37,1.36,1.35,1.35,1.34,,4.6,2.1,3.3,1.3,-1.8,2.8,1.0,1.5,1.5,2.0,3.0,3.1,3.1,,-0.5,1.0,-1.2000000000000002,0.0,-0.8,0.10000000000000009,-0.5,0.0,0.19999999999999996,0.19999999999999996,0.5,0.10000000000000009,0.09999999999999964,,0.2999999999999998,-0.7000000000000002,0.5999999999999996,-1.6999999999999997,-0.19999999999999973,1.1,-0.40000000000000036,-0.19999999999999973,-0.19999999999999973,0.6000000000000005,-0.39999999999999947,0.0,-0.10000000000000009,,-0.20000000000000018,-0.09999999999999964,0.09999999999999964,-0.09999999999999964,0.09999999999999964,0.10000000000000053,0.09999999999999964,0.20000000000000018,0.20000000000000018,0.09999999999999964,0.09999999999999964,0.10000000000000053,0.0,,-0.09999999999999964,1.0,1.0,-3.8000000000000003,0.6999999999999997,0.40000000000000036,0.19999999999999973,0.0,0.09999999999999964,0.2999999999999998,-0.09999999999999964,0.10000000000000053,0.10000000000000053,,0.9000000000000004,0.2999999999999998,-1.1000000000000005,-0.5999999999999996,0.2999999999999998,-0.20000000000000018,0.0,0.0,0.09999999999999964,0.2999999999999998,-0.2999999999999998,0.0,0.0,,,,,,,,,,,,,,,,,,,,,,,,,,,,,,-0.2999999999999998,-1.0,-0.10000000000000009,3.9,-2.9000000000000004,1.2999999999999998,-0.8,-0.10000000000000009,-0.10000000000000009,-0.20000000000000018,-0.09999999999999987,-0.19999999999999996,0.10000000000000009,,-9.1,13.4,1.6999999999999993,-3.3,-4.2,2.9999999999999996,-1.1,-0.19999999999999996,0.7,1.1,1.0999999999999999,0.5999999999999996,0.10000000000000009,,4.4,-11.3,-7.300000000000001,7.500000000000001,8.6,-10.200000000000001,0.7,1.7,-1.6,-2.8000000000000003,0.0,-0.9,-0.9,,43.2,-43.1,19.4,-18.7,6.6,4.4,0.19999999999999996,-4.0,3.7,1.2000000000000002,-0.5,-0.9,0.0,,4.8,-4.2,0.7000000000000002,0.5999999999999996,1.2000000000000002,-0.10000000000000009,0.0,-0.30000000000000004,-0.09999999999999987,-0.09999999999999987,-0.09999999999999987,-0.10000000000000009,-0.19999999999999996,,0.0,0.40000000000000036,-0.8000000000000007,-1.5,-1.1999999999999993,1.1000000000000005,-1.0,-0.2999999999999998,0.0,0.9000000000000004,0.0,0.20000000000000018,-0.09999999999999964,,0.09000000000000008,-0.040000000000000036,-0.16999999999999993,-0.010000000000000009,-0.020000000000000018,-0.050000000000000044,-0.06000000000000005,-0.050000000000000044,-0.04999999999999982,-0.05999999999999983,-0.06999999999999984,-0.05999999999999983,-0.05999999999999983,,-2.5,-2.4999999999999996,1.1999999999999997,-1.9000000000000001,-3.6,1.1999999999999997,-0.5,0.30000000000000004,-0.19999999999999996,0.30000000000000004,1.1,0.6000000000000001,0.10000000000000009,
1989-12-13,2.7,3.7,2.5,2.7,0.7,2.1,1.2,1.6,1.6,1.9,2.2,2.3,2.4,,4.7,4.0,4.6,3.2,3.8,3.9,4.2,4.0,4.0,4.6,3.8,3.8,3.7,,5.3,5.2,5.3,5.2,5.4,5.6,5.8,5.9,6.0,6.1,6.1,6.2,6.2,,4.4,5.4,6.4,2.6,3.6,3.6,4.2,4.3,4.3,4.6,4.4,4.4,4.4,,4.9,5.2,4.1,3.5,4.2,4.0,4.4,4.5,4.5,4.8,4.5,4.5,4.5,,,,,,,,,,,,,,,,,,,,,,,,,,,,,,3.0,2.0,1.9,6.2,-0.3,4.5,2.0,1.5,1.4,1.5,1.6,1.6,1.7,,-6.5,6.9,8.6,4.6,-3.3,4.7,-0.3,0.0,0.4,1.7,2.6,2.9,3.1,,6.3,-5.0,-12.3,-8.4,6.4,4.4,0.8,0.9,-1.2,-1.8,-1.5,-1.1,-0.4,,33.7,-9.4,10.0,-7.9,1.4,-0.8,-2.2,-3.9,-0.9,-0.9,-1.8,-1.8,-1.4,,5.7,1.5,2.2,2.3,2.8,1.9,2.0,1.7,1.8,1.8,1.8,1.8,1.6,,7.5,7.9,7.1,6.1,4.5,6.1,5.5,5.7,5.6,6.6,6.1,6.2,6.2,,1.56,1.52,1.35,1.34,1.39,1.37,1.37,1.36,1.36,1.36,1.36,1.35,1.35,,4.6,2.1,3.3,1.3,-1.9,0.8,1.2,2.0,2.0,2.0,2.8,3.0,3.2,,0.0,0.0,0.0,0.20000000000000018,-1.0,-0.10000000000000009,-0.10000000000000009,0.10000000000000009,0.10000000000000009,0.19999999999999996,0.10000000000000009,0.09999999999999964,0.10000000000000009,,0.0,0.0,0.0,0.30000000000000027,0.5999999999999996,-0.30000000000000027,0.10000000000000053,0.10000000000000009,0.2999999999999998,0.1999999999999993,0.09999999999999964,0.19999999999999973,0.10000000000000009,,0.0,0.0,0.0,0.0,0.10000000000000053,0.1999999999999993,0.2999999999999998,0.20000000000000018,0.09999999999999964,0.09999999999999964,0.0,0.0,0.0,,0.0,0.0,0.0,0.0,0.30000000000000027,-0.10000000000000009,0.10000000000000053,0.09999999999999964,0.0,0.0,0.0,0.0,0.0,,0.0,0.0,0.0,0.0,0.20000000000000018,-0.20000000000000018,0.10000000000000053,0.09999999999999964,0.0,0.0,0.0,0.0,0.0,,,,,,,,,,,,,,,,,,,,,,,,,,,,,,0.0,0.0,0.0,0.40000000000000036,-2.1,1.6,0.19999999999999996,0.0,-0.10000000000000009,0.10000000000000009,0.30000000000000004,0.40000000000000013,0.3999999999999999,,0.0,0.0,0.0,-0.7000000000000002,-4.3,-1.8999999999999995,-2.3,-1.5,-0.9999999999999999,0.09999999999999987,-0.2999999999999998,-0.3999999999999999,-0.2999999999999998,,0.0,0.0,0.0,-3.6000000000000005,-0.1999999999999993,1.8000000000000003,-0.8999999999999999,-0.7999999999999999,-0.3999999999999999,0.40000000000000013,0.7000000000000002,0.3999999999999999,0.5,,0.0,0.0,0.0,0.7999999999999989,-0.10000000000000009,-1.6,-1.7000000000000002,0.10000000000000009,-0.9,-1.0,-1.5,-0.9,-1.0999999999999999,,0.0,0.0,0.0,-0.5,-0.40000000000000036,0.0,0.10000000000000009,0.0,0.0,0.0,0.0,0.10000000000000009,0.0,,0.0,0.0,0.0,0.5,-0.40000000000000036,-0.3000000000000007,0.09999999999999964,0.2999999999999998,0.39999999999999947,0.39999999999999947,0.2999999999999998,0.2999999999999998,0.2999999999999998,,0.0,0.0,0.0,0.0,0.010000000000000009,-0.009999999999999787,-0.009999999999999787,-0.019999999999999796,-0.010000000000000009,0.0,0.010000000000000009,0.0,0.010000000000000009,,0.0,0.0,0.0,0.0,-0.09999999999999987,-1.9999999999999998,0.19999999999999996,0.5,0.5,0.0,-0.20000000000000018,-0.10000000000000009,0.10000000000000009,
1990-01-31,3.7,2.5,3.0,0.5,0.7,2.6,1.6,1.7,2.1,2.3,2.4,2.5,,,,,3.2,3.5,4.6,3.6,4.2,3.8,4.6,4.0,3.9,3.8,,,5.2,5.3,5.3,5.3,5.5,5.6,5.8,5.9,6.0,6.0,6.1,6.1,,,5.4,6.4,2.6,3.9,5.6,3.7,4.2,4.3,4.6,4.5,4.5,4.5,,,,,3.5,4.7,4.3,4.7,4.7,4.6,4.8,4.7,4.6,4.6,,,,,,,,,,,,,,,,,,,,,,,,,,,,,,,,,5.6,-0.1,2.2,2.7,1.5,1.5,1.6,1.6,1.7,1.7,,,,,5.2,-3.0,4.1,1.3,0.1,-0.2,0.9,1.9,2.2,2.4,,,,,-9.2,2.6,4.8,0.3,0.2,-0.4,-2.1,-1.9,-0.6,-0.2,,,,,-8.4,-2.9,2.7,0.4,-3.5,-1.6,-0.9,-1.7,-1.5,-1.6,,,,,2.2,4.3,1.9,1.9,1.7,1.8,1.8,1.8,1.8,1.6,,,7.9,7.1,6.2,4.3,5.2,6.3,5.8,5.6,6.8,6.4,6.4,6.5,,,,,1.34,1.33,1.37,1.33,1.33,1.33,1.33,1.33,1.33,1.33,,,,,1.3,0.2,-0.9,2.8,1.8,2.0,2.5,3.0,3.2,3.4,,,1.0,-1.2000000000000002,0.5,-2.2,0.0,0.5,0.40000000000000013,0.09999999999999987,0.5,0.3999999999999999,0.19999999999999973,0.20000000000000018,,,,,-1.3999999999999995,0.2999999999999998,0.7999999999999998,-0.2999999999999998,0.0,-0.20000000000000018,0.5999999999999996,-0.5999999999999996,0.10000000000000009,0.0,,,-0.09999999999999964,0.09999999999999964,0.0,0.09999999999999964,0.09999999999999964,0.0,0.0,0.0,0.0,-0.09999999999999964,0.0,-0.10000000000000053,,,1.0,1.0,-3.8000000000000003,1.2999999999999998,1.9999999999999996,0.10000000000000009,0.0,0.0,0.2999999999999998,-0.09999999999999964,0.09999999999999964,0.09999999999999964,,,,,-0.5999999999999996,1.2000000000000002,0.09999999999999964,0.7000000000000002,0.2999999999999998,0.09999999999999964,0.2999999999999998,-0.09999999999999964,0.09999999999999964,0.09999999999999964,,,,,,,,,,,,,,,,,,,,,,,,,,,,,,,,,3.6999999999999997,-6.3,2.5,-1.7999999999999998,-0.5,0.0,0.20000000000000018,0.10000000000000009,0.09999999999999987,0.09999999999999987,,,,,-3.3999999999999995,-7.6,7.3999999999999995,-3.4000000000000004,0.4,-0.2,0.5,0.19999999999999996,-0.3999999999999999,-0.5,,,,,3.1000000000000014,11.0,-1.6000000000000005,-4.1000000000000005,-0.6000000000000001,-1.3,-0.9000000000000001,-0.09999999999999987,0.9,0.9000000000000001,,,,,-18.4,5.0,1.3000000000000003,1.2000000000000002,-1.2999999999999998,2.3,0.0,-0.7999999999999999,0.30000000000000004,0.19999999999999996,,,,,0.0,2.0,-0.8999999999999999,0.0,-0.30000000000000004,0.10000000000000009,0.0,0.0,0.0,-0.19999999999999996,,,0.40000000000000036,-0.8000000000000007,-0.8999999999999995,-1.7999999999999998,0.7000000000000002,0.20000000000000018,0.2999999999999998,-0.10000000000000053,1.2000000000000002,-0.1999999999999993,0.3000000000000007,0.2999999999999998,,,,,-0.010000000000000009,-0.010000000000000009,-0.019999999999999796,-0.040000000000000036,-0.040000000000000036,-0.030000000000000027,-0.030000000000000027,-0.030000000000000027,-0.030000000000000027,-0.020000000000000018,,,,,-1.9999999999999998,-1.1,0.9999999999999999,1.9999999999999998,0.6000000000000001,0.0,0.5,1.0,0.40000000000000036,0.3999999999999999,,
1990-03-21,3.7,2.5,3.0,0.9,2.0,2.6,1.7,1.7,1.7,1.8,2.2,2.2,,,,,3.2,3.2,5.6,3.4,4.1,4.2,4.4,4.1,4.1,4.0,,,5.2,5.3,5.3,5.3,5.3,5.4,5.6,5.7,5.8,5.9,6.0,6.0,,,5.4,6.0,2.9,3.9,7.7,3.0,4.2,4.5,4.7,4.5,4.5,4.5,,,,,3.8,4.4,5.8,4.1,4.7,4.7,4.9,4.7,4.6,4.6,,,,,,,,,,,,,,,,,,,,,,,,,,,,,,,,,5.6,0.4,1.7,3.3,2.3,1.8,1.4,1.5,1.5,1.5,,,,,5.2,-6.4,9.7,-0.4,0.2,0.3,0.3,1.5,2.0,2.1,,,,,-9.2,-0.6,17.5,-6.2,-4.0,-0.5,-1.8,-4.5,-0.8,0.9,,,,,-8.4,-4.9,7.5,-0.5,-4.0,-1.9,0.7,-1.8,-2.0,-2.1,,,,,2.2,5.9,2.0,1.9,1.7,1.8,1.8,1.8,1.8,1.6,,,7.9,7.1,6.2,4.4,7.6,6.1,5.9,5.9,6.2,6.0,6.3,6.2,,,,,1.34,1.34,1.47,1.34,1.32,1.32,1.31,1.3,1.3,1.3,,,,,1.3,-0.1,-1.4,3.2,1.8,1.8,1.7,2.0,2.1,2.3,,,0.0,0.0,0.0,0.4,1.3,0.0,0.09999999999999987,0.0,-0.40000000000000013,-0.4999999999999998,-0.19999999999999973,-0.2999999999999998,,,,,0.0,-0.2999999999999998,1.0,-0.20000000000000018,-0.10000000000000053,0.40000000000000036,-0.1999999999999993,0.09999999999999964,0.19999999999999973,0.20000000000000018,,,0.0,0.0,0.0,0.0,-0.20000000000000018,-0.1999999999999993,-0.20000000000000018,-0.20000000000000018,-0.20000000000000018,-0.09999999999999964,-0.09999999999999964,-0.09999999999999964,,,0.0,-0.40000000000000036,0.2999999999999998,0.0,2.1000000000000005,-0.7000000000000002,0.0,0.20000000000000018,0.10000000000000053,0.0,0.0,0.0,,,,,0.2999999999999998,-0.2999999999999998,1.5,-0.6000000000000005,0.0,0.10000000000000053,0.10000000000000053,0.0,0.0,0.0,,,,,,,,,,,,,,,,,,,,,,,,,,,,,,,,,0.0,0.5,-0.5000000000000002,0.5999999999999996,0.7999999999999998,0.30000000000000004,-0.20000000000000018,-0.10000000000000009,-0.19999999999999996,-0.19999999999999996,,,,,0.0,-3.4000000000000004,5.6,-1.7000000000000002,0.1,0.5,-0.6000000000000001,-0.3999999999999999,-0.20000000000000018,-0.2999999999999998,,,,,0.0,-3.2,12.7,-6.5,-4.2,-0.09999999999999998,0.30000000000000004,-2.6,-0.20000000000000007,1.1,,,,,0.0,-2.0000000000000004,4.8,-0.9,-0.5,-0.2999999999999998,1.6,-0.10000000000000009,-0.5,-0.5,,,,,0.0,1.6000000000000005,0.10000000000000009,0.0,0.0,0.0,0.0,0.0,0.0,0.0,,,0.0,0.0,0.0,0.10000000000000053,2.3999999999999995,-0.20000000000000018,0.10000000000000053,0.3000000000000007,-0.5999999999999996,-0.40000000000000036,-0.10000000000000053,-0.2999999999999998,,,,,0.0,0.010000000000000009,0.09999999999999987,0.010000000000000009,-0.010000000000000009,-0.010000000000000009,-0.020000000000000018,-0.030000000000000027,-0.030000000000000027,-0.030000000000000027,,,,,0.0,-0.30000000000000004,-0.4999999999999999,0.40000000000000036,0.0,-0.19999999999999996,-0.8,-1.0,-1.1,-1.1,,
1990-05-09,2.5,3.0,1.1,2.1,2.2,2.0,1.8,1.5,1.1,1.4,1.7,,,,,3.2,3.2,5.7,4.4,3.8,4.1,4.6,4.0,3.8,3.7,,,,5.3,5.3,5.3,5.2,5.4,5.5,5.6,5.7,5.9,6.1,6.2,,,,6.0,2.9,3.9,8.2,3.3,3.8,4.3,4.6,4.4,4.3,4.3,,,,,3.8,4.4,6.2,4.7,4.5,4.5,4.8,4.5,4.4,4.4,,,,,,,,,,,,,,,,,,,,,,,,,,,,,,,,,5.6,0.5,2.5,2.1,2.4,2.0,1.7,1.5,1.6,1.8,,,,,5.2,-5.4,7.6,1.3,2.7,2.2,1.5,0.9,0.6,0.7,,,,,-9.2,-1.1,8.5,-4.9,-11.3,-4.5,-3.3,-5.4,-1.2,1.9,,,,,-8.4,-3.3,2.3,6.0,-3.2,-2.9,-1.3,-0.9,-0.4,-0.8,,,,,2.2,6.8,3.3,1.7,1.7,1.8,1.8,1.8,1.8,1.6,,,,7.1,6.2,4.6,7.8,6.8,6.0,6.1,6.3,5.2,5.3,5.5,,,,,1.34,1.35,1.45,1.3,1.28,1.27,1.26,1.24,1.24,1.25,,,,,-1.2,0.2,-0.4,3.6,2.4,1.4,0.8,0.6,0.6,1.0,,,,-1.2000000000000002,0.5,-1.9,1.2000000000000002,0.20000000000000018,-0.6000000000000001,0.10000000000000009,-0.19999999999999996,-0.5999999999999999,-0.40000000000000013,-0.5000000000000002,,,,,,0.0,2.5,-1.1999999999999993,0.3999999999999999,0.0,0.39999999999999947,-0.40000000000000036,-0.2999999999999998,-0.39999999999999947,,,,0.09999999999999964,0.0,0.0,-0.09999999999999964,0.10000000000000053,0.09999999999999964,0.0,0.0,0.10000000000000053,0.1999999999999993,0.20000000000000018,,,,0.5999999999999996,-3.1,1.0,4.299999999999999,-4.4,0.7999999999999998,0.09999999999999964,0.09999999999999964,-0.2999999999999998,-0.20000000000000018,-0.20000000000000018,,,,,,0.6000000000000005,1.7999999999999998,-1.0999999999999996,0.40000000000000036,-0.20000000000000018,0.09999999999999964,-0.40000000000000036,-0.2999999999999998,-0.1999999999999993,,,,,,,,,,,,,,,,,,,,,,,,,,,,,,,,,,-5.1,2.1,0.40000000000000013,-0.8999999999999999,-0.2999999999999998,-0.10000000000000009,0.10000000000000009,0.10000000000000009,0.30000000000000004,,,,,,-10.600000000000001,14.0,-8.399999999999999,3.1,2.0,1.2,0.6000000000000001,-0.9,-1.3,,,,,,8.1,9.1,-22.4,-5.1000000000000005,-0.5,-2.8,-3.6000000000000005,3.3,2.7,,,,,,5.1000000000000005,7.2,-1.5,-2.7,1.1,0.5999999999999999,-1.6,1.4,1.2,,,,,,4.6,-2.6000000000000005,-0.30000000000000004,-0.19999999999999996,0.10000000000000009,0.0,0.0,0.0,-0.19999999999999996,,,,-0.8000000000000007,-0.8999999999999995,-1.6000000000000005,3.3999999999999995,-0.7999999999999998,-0.09999999999999964,0.1999999999999993,0.39999999999999947,-1.0,-0.7000000000000002,-0.7999999999999998,,,,,,0.010000000000000009,0.10999999999999988,-0.16999999999999993,-0.06000000000000005,-0.050000000000000044,-0.06000000000000005,-0.07000000000000006,-0.06000000000000005,-0.050000000000000044,,,,,,-1.1,-0.30000000000000004,5.0,-0.8000000000000003,-0.40000000000000013,-1.0,-1.1,-1.4,-1.1,,,
1990-06-27,2.5,3.0,1.1,1.9,1.3,1.6,1.6,1.8,2.1,2.3,2.4,,,,,3.2,3.2,5.4,4.3,3.9,3.6,4.7,4.2,3.9,3.7,,,,5.3,5.3,5.3,5.2,5.4,5.6,5.8,5.8,5.9,6.0,6.1,,,,6.0,2.9,3.9,8.2,3.3,3.7,4.1,4.6,4.5,4.4,4.4,,,,,3.8,4.4,6.2,4.7,4.7,4.4,4.6,4.6,4.5,4.4,,,,,,,,,,,,,,,,,,,,,,,,,,,,,,,,,5.6,0.5,1.6,0.6,2.0,1.7,1.7,1.9,2.0,2.1,,,,,5.2,-5.4,7.7,-2.1,2.5,1.4,1.5,1.5,2.0,2.0,,,,,-9.2,-1.1,9.7,-11.7,-13.3,-3.8,1.0,0.6,3.5,3.4,,,,,-8.4,-3.3,2.3,4.8,-3.2,-4.0,-2.3,-2.5,-1.9,-2.1,,,,,2.2,6.8,4.3,0.5,1.7,1.8,1.8,1.8,1.8,1.8,,,,7.1,6.2,4.6,7.1,5.8,5.7,5.3,6.7,6.4,6.3,6.2,,,,,1.34,1.35,1.45,1.21,1.21,1.23,1.24,1.25,1.26,1.27,,,,,-1.2,0.2,0.7,4.4,1.8,1.0,1.4,2.2,2.4,2.8,,,,0.0,0.0,0.0,-0.20000000000000018,-0.9000000000000001,-0.3999999999999999,-0.19999999999999996,0.30000000000000004,1.0,0.8999999999999999,0.7,,,,,0.0,0.0,-0.2999999999999998,-0.10000000000000053,0.10000000000000009,-0.49999999999999956,0.10000000000000053,0.20000000000000018,0.10000000000000009,0.0,,,,0.0,0.0,0.0,0.0,0.0,0.09999999999999964,0.20000000000000018,0.09999999999999964,0.0,-0.09999999999999964,-0.10000000000000053,,,,0.0,0.0,0.0,0.0,0.0,-0.09999999999999964,-0.20000000000000018,0.0,0.09999999999999964,0.10000000000000053,0.10000000000000053,,,,,0.0,0.0,0.0,0.0,0.20000000000000018,-0.09999999999999964,-0.20000000000000018,0.09999999999999964,0.09999999999999964,0.0,,,,,,,,,,,,,,,,,,,,,,,,,,,,,,,,,0.0,0.0,-0.8999999999999999,-1.5,-0.3999999999999999,-0.30000000000000004,0.0,0.3999999999999999,0.3999999999999999,0.30000000000000004,,,,,0.0,0.0,0.10000000000000053,-3.4000000000000004,-0.20000000000000018,-0.8000000000000003,0.0,0.6,1.4,1.3,,,,,0.0,0.0,1.1999999999999993,-6.799999999999999,-2.0,0.7000000000000002,4.3,6.0,4.7,1.5,,,,,0.0,0.0,0.0,-1.2000000000000002,0.0,-1.1,-0.9999999999999998,-1.6,-1.5,-1.3,,,,,0.0,0.0,1.0,-1.2,0.0,0.0,0.0,0.0,0.0,0.19999999999999996,,,,0.0,0.0,0.0,-0.7000000000000002,-1.0,-0.2999999999999998,-0.7999999999999998,0.40000000000000036,1.2000000000000002,1.0,0.7000000000000002,,,,,0.0,0.0,0.0,-0.09000000000000008,-0.07000000000000006,-0.040000000000000036,-0.020000000000000018,0.010000000000000009,0.020000000000000018,0.020000000000000018,,,,,0.0,0.0,1.1,0.8000000000000003,-0.5999999999999999,-0.3999999999999999,0.5999999999999999,1.6,1.7999999999999998,1.7999999999999998,,,
1990-08-15,1.7,0.3,1.7,1.2,1.2,0.5,1.3,2.0,2.3,2.4,2.4,2.4,2.5,2.5,3.2,3.8,4.8,4.4,4.6,3.4,4.9,4.6,4.0,3.8,4.6,3.8,3.8,3.7,5.3,5.3,5.2,5.3,5.6,5.9,6.0,6.1,6.1,6.1,6.1,6.1,6.1,6.1,2.9,3.9,8.2,3.8,6.1,5.3,4.4,4.3,4.4,4.5,4.5,4.4,4.3,4.3,3.8,4.4,6.2,4.9,5.0,5.1,5.0,4.8,4.7,4.6,4.6,4.5,4.4,4.4,,,,,,,,,,,,,,,,,,,,,,,,,,,,,4.6,-0.8,1.1,-0.3,1.7,0.6,1.5,1.8,2.0,1.8,2.0,2.0,2.1,2.0,6.3,-3.8,5.0,-6.1,2.0,-1.1,-1.8,0.4,2.1,2.7,3.1,3.2,3.4,3.5,-7.6,-5.5,15.1,-13.5,-12.0,-2.0,-1.5,0.7,3.8,2.4,1.3,1.2,2.9,3.4,-7.9,-0.4,0.4,15.2,-4.6,-2.6,-3.5,-3.6,-2.9,-2.3,-6.9,-1.8,-2.1,-2.1,1.8,5.6,4.8,0.2,1.7,1.9,1.8,1.8,1.8,1.8,1.6,1.6,1.6,1.6,5.1,3.9,6.7,5.8,5.7,3.9,6.2,6.7,6.3,6.3,7.1,6.3,6.4,6.3,1.34,1.35,1.45,1.2,1.19,1.21,1.23,1.25,1.26,1.27,1.29,1.3,1.32,1.33,-1.2,0.2,0.6,4.0,2.6,-0.3,1.4,1.8,2.8,3.1,3.3,3.4,3.4,3.4,-0.8,-2.7,0.5999999999999999,-0.7,-0.10000000000000009,-1.1,-0.30000000000000004,0.19999999999999996,0.19999999999999973,0.10000000000000009,0.0,,,,,0.5999999999999996,1.5999999999999996,-1.0,0.2999999999999998,-0.5,1.3000000000000003,-0.10000000000000053,-0.20000000000000018,-0.10000000000000009,0.8999999999999995,,,,0.0,0.0,-0.09999999999999964,0.09999999999999964,0.1999999999999993,0.3000000000000007,0.20000000000000018,0.2999999999999998,0.1999999999999993,0.09999999999999964,0.0,,,,-3.1,1.0,4.299999999999999,-4.3999999999999995,2.8,1.5999999999999996,0.3000000000000007,-0.2999999999999998,-0.09999999999999964,0.09999999999999964,0.09999999999999964,,,,,0.6000000000000005,1.7999999999999998,-1.2999999999999998,0.2999999999999998,0.39999999999999947,0.5999999999999996,0.20000000000000018,0.10000000000000053,0.09999999999999964,0.1999999999999993,,,,,,,,,,,,,,,,,,,,,,,,,,,,,,,,,-6.3999999999999995,0.6000000000000001,-1.9000000000000001,1.1,-1.4,-0.19999999999999996,0.10000000000000009,0.10000000000000009,-0.19999999999999996,-0.10000000000000009,,,,,-9.0,10.4,-13.8,4.1,-3.6,-3.2,-1.1,0.6000000000000001,0.7000000000000002,1.1,,,,,3.6999999999999993,16.2,-23.2,-0.3000000000000007,11.3,2.3,-0.30000000000000004,3.1999999999999997,-1.1,-2.0999999999999996,,,,,8.0,3.6999999999999997,12.899999999999999,-9.399999999999999,0.6000000000000001,0.5,-1.3000000000000003,-0.3999999999999999,-0.3999999999999999,-4.800000000000001,,,,,3.3999999999999995,-2.0,-4.1,1.2,0.19999999999999996,0.0,0.0,0.0,0.0,-0.19999999999999996,,,,-2.0,-2.3000000000000003,2.1000000000000005,-1.2999999999999998,-0.09999999999999964,-1.8000000000000003,0.9000000000000004,0.0,-0.10000000000000053,0.0,0.8999999999999995,,,,,0.010000000000000009,0.09999999999999987,-0.25,-0.020000000000000018,0.0,0.0,0.010000000000000009,0.010000000000000009,0.010000000000000009,0.020000000000000018,,,,,1.4,0.39999999999999997,3.3,-1.8000000000000003,-2.1,0.3999999999999999,0.40000000000000013,0.5999999999999996,0.7000000000000002,0.5,,,
1990-09-26,1.7,0.3,1.7,0.4,1.4,-1.0,-0.4,2.0,2.3,2.4,2.5,2.5,2.5,2.5,3.2,3.8,4.8,4.7,4.2,3.6,5.5,5.0,4.5,4.5,4.6,4.0,3.9,3.9,5.3,5.3,5.2,5.3,5.6,6.0,6.3,6.4,6.5,6.5,6.5,6.5,6.5,6.5,2.9,3.9,8.2,3.8,6.4,7.1,5.4,4.1,4.4,4.7,5.1,4.4,4.2,4.1,3.8,4.4,6.2,4.9,5.9,4.9,6.4,5.2,5.1,5.0,4.8,4.5,4.3,4.2,,,,,,,,,,,,,,,,,,,,,,,,,,,,,4.6,-0.8,1.1,0.2,2.6,-0.7,0.5,1.7,1.8,1.4,1.6,1.6,1.7,1.6,6.3,-3.8,5.0,-4.7,-0.5,-4.7,-7.2,-2.9,1.2,2.1,2.8,3.7,3.9,4.0,-7.6,-5.5,15.1,-11.2,-14.4,-11.3,-7.9,-1.2,6.1,6.8,5.8,7.0,6.1,6.5,-7.9,-0.4,0.4,16.4,-3.7,-7.9,4.2,-3.4,-4.3,-3.2,-2.7,-2.9,-2.5,-2.5,1.8,5.6,4.8,-0.6,1.6,1.4,1.5,1.6,1.7,1.7,1.7,1.7,1.7,1.7,5.1,3.9,6.7,5.1,5.7,2.6,5.1,7.1,6.9,7.1,7.2,6.7,6.4,6.5,1.34,1.35,1.45,1.2,1.13,1.09,1.1,1.13,1.16,1.2,1.23,1.26,1.28,1.31,-1.2,0.2,0.6,4.1,2.3,-2.0,-3.6,2.5,3.5,3.5,3.6,3.7,3.7,3.7,0.0,0.0,0.0,-0.7999999999999999,0.19999999999999996,-1.5,-1.7000000000000002,0.0,0.0,0.0,0.10000000000000009,0.10000000000000009,0.0,0.0,0.0,0.0,0.0,0.2999999999999998,-0.39999999999999947,0.20000000000000018,0.5999999999999996,0.40000000000000036,0.5,0.7000000000000002,0.0,0.20000000000000018,0.10000000000000009,0.19999999999999973,0.0,0.0,0.0,0.0,0.0,0.09999999999999964,0.2999999999999998,0.3000000000000007,0.40000000000000036,0.40000000000000036,0.40000000000000036,0.40000000000000036,0.40000000000000036,0.40000000000000036,0.0,0.0,0.0,0.0,0.3000000000000007,1.7999999999999998,1.0,-0.20000000000000018,0.0,0.20000000000000018,0.5999999999999996,0.0,-0.09999999999999964,-0.20000000000000018,0.0,0.0,0.0,0.0,0.9000000000000004,-0.1999999999999993,1.4000000000000004,0.40000000000000036,0.39999999999999947,0.40000000000000036,0.20000000000000018,0.0,-0.10000000000000053,-0.20000000000000018,,,,,,,,,,,,,,,,,,,,,,,,,,,,,0.0,0.0,0.0,0.5,0.9000000000000001,-1.2999999999999998,-1.0,-0.10000000000000009,-0.19999999999999996,-0.40000000000000013,-0.3999999999999999,-0.3999999999999999,-0.40000000000000013,-0.3999999999999999,0.0,0.0,0.0,1.3999999999999995,-2.5,-3.6,-5.4,-3.3,-0.9000000000000001,-0.6000000000000001,-0.30000000000000027,0.5,0.5,0.5,0.0,0.0,0.0,2.3000000000000007,-2.4000000000000004,-9.3,-6.4,-1.9,2.3,4.4,4.5,5.8,3.1999999999999997,3.1,0.0,0.0,0.0,1.1999999999999993,0.8999999999999995,-5.300000000000001,7.7,0.20000000000000018,-1.4,-0.9000000000000004,4.2,-1.0999999999999999,-0.3999999999999999,-0.3999999999999999,0.0,0.0,0.0,-0.8,-0.09999999999999987,-0.5,-0.30000000000000004,-0.19999999999999996,-0.10000000000000009,-0.10000000000000009,0.09999999999999987,0.09999999999999987,0.09999999999999987,0.09999999999999987,0.0,0.0,0.0,-0.7000000000000002,0.0,-1.2999999999999998,-1.1000000000000005,0.39999999999999947,0.6000000000000005,0.7999999999999998,0.10000000000000053,0.40000000000000036,0.0,0.20000000000000018,0.0,0.0,0.0,0.0,-0.06000000000000005,-0.11999999999999988,-0.1299999999999999,-0.1200000000000001,-0.10000000000000009,-0.07000000000000006,-0.06000000000000005,-0.040000000000000036,-0.040000000000000036,-0.020000000000000018,0.0,0.0,0.0,0.09999999999999964,-0.30000000000000027,-1.7,-5.0,0.7,0.7000000000000002,0.3999999999999999,0.30000000000000027,0.30000000000000027,0.30000000000000027,0.30000000000000027
1990-11-07,0.3,1.7,0.4,1.8,-2.1,-1.1,1.4,2.2,2.4,2.5,2.5,2.5,2.5,,3.8,4.8,4.7,3.4,3.6,5.6,4.6,4.1,3.5,4.0,3.6,3.6,3.4,,5.3,5.2,5.3,5.6,5.9,6.4,6.7,6.8,6.8,6.8,6.8,6.8,6.8,,3.9,8.2,3.8,6.3,8.0,5.0,4.2,3.9,4.3,4.2,4.1,3.9,3.8,,4.4,6.2,4.9,5.8,5.0,5.8,5.6,4.9,4.5,4.4,4.2,4.0,3.9,,,,,,,,,,,,,,,,,,,,,,,,,,,,,,-0.8,1.1,0.2,3.6,-1.7,-1.5,1.5,1.4,1.5,1.6,1.7,1.6,1.6,,-3.8,5.0,-4.7,7.4,-7.4,-6.6,-3.6,-0.9,0.3,1.5,2.4,3.3,3.2,,-5.5,15.1,-11.2,-15.4,-15.2,-7.4,-0.9,6.4,7.0,6.5,7.5,6.7,5.8,,-0.4,0.4,16.4,-0.3,-10.3,1.1,-3.0,-2.8,-2.9,-1.6,-2.5,-2.7,-2.5,,5.6,4.8,-0.6,2.5,1.4,1.3,0.9,1.0,1.4,1.9,2.0,2.1,2.1,,3.9,6.7,5.1,5.3,1.3,4.5,6.1,6.4,6.0,6.5,6.2,6.2,6.0,,1.35,1.45,1.2,1.14,1.1,1.09,1.11,1.14,1.17,1.2,1.22,1.24,1.26,,0.2,0.6,4.2,3.8,-4.2,-4.4,1.7,3.3,3.6,3.3,3.5,3.5,3.7,,-1.4,1.4,-1.2999999999999998,1.4,-3.5,-0.10000000000000009,1.7999999999999998,0.20000000000000018,0.10000000000000009,0.10000000000000009,0.0,0.0,0.0,,0.5999999999999996,1.0,-0.09999999999999964,-1.3000000000000003,-0.6000000000000001,1.9999999999999996,-0.9000000000000004,-0.9000000000000004,-1.0,-0.5,-0.9999999999999996,-0.3999999999999999,-0.5,,0.0,-0.09999999999999964,0.09999999999999964,0.2999999999999998,0.3000000000000007,0.40000000000000036,0.40000000000000036,0.39999999999999947,0.2999999999999998,0.2999999999999998,0.2999999999999998,0.2999999999999998,0.2999999999999998,,1.0,4.299999999999999,-4.3999999999999995,2.5,1.5999999999999996,-2.0999999999999996,-1.2000000000000002,-0.19999999999999973,-0.10000000000000053,-0.5,-1.0,-0.5000000000000004,-0.40000000000000036,,0.6000000000000005,1.7999999999999998,-1.2999999999999998,0.8999999999999995,-0.9000000000000004,0.8999999999999995,-0.8000000000000007,-0.2999999999999998,-0.5999999999999996,-0.5999999999999996,-0.5999999999999996,-0.5,-0.3999999999999999,,,,,,,,,,,,,,,,,,,,,,,,,,,,,,-5.3999999999999995,1.9000000000000001,-0.9000000000000001,3.4,-4.3,-0.8,1.0,-0.30000000000000004,-0.30000000000000004,0.20000000000000018,0.09999999999999987,0.0,-0.09999999999999987,,-10.1,8.8,-9.7,12.100000000000001,-6.9,-1.8999999999999995,3.6,2.0,-0.8999999999999999,-0.6000000000000001,-0.3999999999999999,-0.40000000000000036,-0.6999999999999997,,2.0999999999999996,20.6,-26.299999999999997,-4.200000000000001,-0.7999999999999989,3.9000000000000004,7.0,7.6000000000000005,0.9000000000000004,-0.2999999999999998,1.7000000000000002,-0.2999999999999998,-0.2999999999999998,,7.5,0.8,15.999999999999998,-16.7,-6.6000000000000005,9.0,-7.2,0.6000000000000001,1.4,1.6,0.20000000000000018,0.19999999999999973,0.0,,3.8,-0.7999999999999998,-5.3999999999999995,3.1,-0.20000000000000018,-0.09999999999999987,-0.6,-0.6000000000000001,-0.30000000000000004,0.19999999999999996,0.30000000000000004,0.40000000000000013,0.40000000000000013,,-1.1999999999999997,2.8000000000000003,-1.6000000000000005,0.20000000000000018,-4.4,1.9,1.0,-0.6999999999999993,-0.9000000000000004,-0.5999999999999996,-1.0,-0.5,-0.40000000000000036,,0.010000000000000009,0.09999999999999987,-0.25,-0.06000000000000005,-0.029999999999999805,0.0,0.010000000000000009,0.010000000000000009,0.010000000000000009,0.0,-0.010000000000000009,-0.020000000000000018,-0.020000000000000018,,1.4,0.39999999999999997,3.6,-0.2999999999999998,-6.5,-2.4000000000000004,5.3,0.7999999999999998,0.10000000000000009,-0.20000000000000018,-0.10000000000000009,-0.20000000000000018,0.0,
1990-12-12,0.3,1.7,0.4,1.7,-3.1,-0.9,3.2,2.5,2.3,2.4,2.4,2.4,2.4,,3.8,4.8,4.7,4.0,4.1,5.2,4.0,3.5,3.4,3.7,3.5,3.4,3.3,,5.3,5.2,5.3,5.6,5.9,6.4,6.4,6.5,6.5,6.5,6.5,6.5,6.5,,3.9,8.2,3.8,6.3,7.2,4.2,4.0,4.1,4.0,4.0,4.0,3.7,3.7,,4.4,6.2,4.9,5.8,4.2,5.4,5.0,4.6,4.2,4.1,4.1,3.8,3.8,,,,,,,,,,,,,,,,,,,,,,,,,,,,,,-0.8,1.1,0.2,3.2,-2.5,-1.6,2.5,1.4,1.5,1.7,1.8,1.8,1.8,,-3.8,5.0,-4.7,8.2,-6.5,-6.2,-2.7,-0.3,0.4,1.6,2.5,3.3,3.4,,-5.5,15.1,-11.2,-19.2,-17.6,-9.2,1.2,5.2,5.8,6.0,6.4,8.4,7.0,,-0.4,0.4,16.4,-1.5,-4.1,-1.9,-4.8,-5.2,-1.6,-1.5,-2.8,-2.6,-2.3,,5.6,4.8,-0.6,2.2,2.3,0.9,0.8,0.9,1.4,2.0,2.0,2.1,2.1,,3.9,6.7,5.1,5.8,0.9,4.3,7.4,6.1,5.8,6.2,6.0,5.9,5.8,,1.35,1.45,1.2,1.13,1.02,1.04,1.08,1.11,1.14,1.18,1.2,1.22,1.24,,0.2,0.6,4.2,3.7,-8.5,-6.0,5.2,4.7,4.2,3.3,3.3,3.5,3.5,,0.0,0.0,0.0,-0.10000000000000009,-1.0,0.20000000000000007,1.8000000000000003,0.2999999999999998,-0.10000000000000009,-0.10000000000000009,-0.10000000000000009,-0.10000000000000009,-0.10000000000000009,,0.0,0.0,0.0,0.6000000000000001,0.49999999999999956,-0.39999999999999947,-0.5999999999999996,-0.5999999999999996,-0.10000000000000009,-0.2999999999999998,-0.10000000000000009,-0.20000000000000018,-0.10000000000000009,,0.0,0.0,0.0,0.0,0.0,0.0,-0.2999999999999998,-0.2999999999999998,-0.2999999999999998,-0.2999999999999998,-0.2999999999999998,-0.2999999999999998,-0.2999999999999998,,0.0,0.0,0.0,0.0,-0.7999999999999998,-0.7999999999999998,-0.20000000000000018,0.19999999999999973,-0.2999999999999998,-0.20000000000000018,-0.09999999999999964,-0.19999999999999973,-0.09999999999999964,,0.0,0.0,0.0,0.0,-0.7999999999999998,-0.39999999999999947,-0.5999999999999996,-0.3000000000000007,-0.2999999999999998,-0.3000000000000007,-0.10000000000000053,-0.20000000000000018,-0.10000000000000009,,,,,,,,,,,,,,,,,,,,,,,,,,,,,,0.0,0.0,0.0,-0.3999999999999999,-0.8,-0.10000000000000009,1.0,0.0,0.0,0.09999999999999987,0.10000000000000009,0.19999999999999996,0.19999999999999996,,0.0,0.0,0.0,0.7999999999999989,0.9000000000000004,0.39999999999999947,0.8999999999999999,0.6000000000000001,0.10000000000000003,0.10000000000000009,0.10000000000000009,0.0,0.19999999999999973,,0.0,0.0,0.0,-3.799999999999999,-2.400000000000002,-1.799999999999999,2.1,-1.2000000000000002,-1.2000000000000002,-0.5,-1.0999999999999996,1.7000000000000002,1.2000000000000002,,0.0,0.0,0.0,-1.2,6.200000000000001,-3.0,-1.7999999999999998,-2.4000000000000004,1.2999999999999998,0.10000000000000009,-0.2999999999999998,0.10000000000000009,0.20000000000000018,,0.0,0.0,0.0,-0.2999999999999998,0.8999999999999999,-0.4,-0.09999999999999998,-0.09999999999999998,0.0,0.10000000000000009,0.0,0.0,0.0,,0.0,0.0,0.0,0.5,-0.4,-0.20000000000000018,1.3000000000000007,-0.3000000000000007,-0.20000000000000018,-0.2999999999999998,-0.20000000000000018,-0.2999999999999998,-0.20000000000000018,,0.0,0.0,0.0,-0.010000000000000009,-0.08000000000000007,-0.050000000000000044,-0.030000000000000027,-0.029999999999999805,-0.030000000000000027,-0.020000000000000018,-0.020000000000000018,-0.020000000000000018,-0.020000000000000018,,0.0,0.0,0.0,-0.09999999999999964,-4.3,-1.5999999999999996,3.5,1.4000000000000004,0.6000000000000001,0.0,-0.20000000000000018,0.0,-0.20000000000000018,
1991-01-30,1.7,0.4,1.4,-2.1,-1.5,2.8,3.1,3.1,2.8,2.6,2.5,2.4,,,4.8,4.7,3.7,2.8,4.7,3.8,3.7,3.5,3.9,3.4,3.4,3.3,,,5.3,5.3,5.6,5.9,6.4,6.4,6.2,6.1,6.1,6.1,6.0,6.0,,,8.2,3.8,6.3,6.9,3.4,3.8,4.3,4.1,4.1,4.0,3.8,3.7,,,6.2,4.9,5.8,3.9,5.2,4.5,4.7,4.6,4.3,4.1,3.9,3.8,,,,,,,,,,,,,,,,,,,,,,,,,,,,,,,1.1,0.2,2.7,-3.1,-1.5,2.5,1.7,2.0,2.1,2.2,2.2,2.2,,,5.0,-4.7,8.9,-4.6,-9.3,-4.5,0.4,1.6,3.1,3.6,4.0,4.1,,,15.1,-11.2,-19.8,-15.4,-15.7,-2.8,8.8,8.2,5.6,7.5,9.5,6.9,,,0.4,16.4,0.1,6.0,0.2,2.6,-0.9,-1.9,-3.2,-3.1,-3.7,-3.1,,,4.8,-0.6,2.0,4.0,0.7,0.7,0.3,0.3,1.2,1.7,1.9,2.2,,,6.7,5.1,5.3,0.3,3.3,6.7,6.8,6.7,6.8,6.0,6.0,5.9,,,1.45,1.2,1.13,1.05,1.0,1.04,1.09,1.11,1.15,1.17,1.2,1.22,,,0.6,4.2,3.9,-7.9,-4.6,4.0,4.9,5.0,4.1,3.5,3.5,3.2,,,1.4,-1.2999999999999998,0.9999999999999999,-3.8,1.6,3.6999999999999997,-0.10000000000000009,0.6000000000000001,0.5,0.20000000000000018,0.10000000000000009,0.0,,,1.0,-0.09999999999999964,-1.0,-1.2000000000000002,0.6000000000000005,-1.4000000000000004,-0.2999999999999998,0.0,0.5,-0.30000000000000027,-0.10000000000000009,-0.10000000000000009,,,0.0,0.09999999999999964,0.2999999999999998,0.3000000000000007,0.5,0.0,-0.20000000000000018,-0.40000000000000036,-0.40000000000000036,-0.40000000000000036,-0.5,-0.5,,,4.299999999999999,-4.3999999999999995,2.5,0.6000000000000005,-3.8000000000000003,-0.40000000000000036,0.2999999999999998,0.0,0.09999999999999964,0.0,-0.20000000000000018,0.0,,,1.7999999999999998,-1.2999999999999998,0.8999999999999995,-1.9,1.0,-0.9000000000000004,-0.2999999999999998,0.0,0.09999999999999964,0.0,-0.19999999999999973,0.0,,,,,,,,,,,,,,,,,,,,,,,,,,,,,,,1.9000000000000001,-0.9000000000000001,2.5,-6.300000000000001,1.0,4.1,-0.8,0.6000000000000001,0.6000000000000001,0.5000000000000002,0.40000000000000013,0.40000000000000013,,,8.8,-9.7,13.600000000000001,-12.799999999999999,-2.8000000000000007,1.7000000000000002,3.1,1.9000000000000001,2.7,2.0,1.5,0.7999999999999998,,,20.6,-26.299999999999997,-8.600000000000001,3.799999999999999,1.9000000000000021,6.3999999999999995,7.6000000000000005,2.999999999999999,-0.20000000000000018,1.5,3.0999999999999996,-1.5,,,0.8,15.999999999999998,-16.299999999999997,7.5,4.3,4.5,3.9,3.3000000000000003,-1.6,-1.6,-0.9000000000000004,-0.5,,,-0.7999999999999998,-5.3999999999999995,2.6,1.7999999999999998,-1.5999999999999999,-0.20000000000000007,-0.5,-0.6000000000000001,-0.19999999999999996,-0.30000000000000004,-0.10000000000000009,0.10000000000000009,,,2.8000000000000003,-1.6000000000000005,0.20000000000000018,-5.5,2.4,2.4000000000000004,-0.6000000000000005,0.6000000000000005,1.0,-0.20000000000000018,0.0,0.0,,,0.09999999999999987,-0.25,-0.07000000000000006,-0.07999999999999985,-0.020000000000000018,0.0,0.010000000000000009,0.0,0.010000000000000009,-0.010000000000000009,0.0,0.0,,,0.39999999999999997,3.6,-0.30000000000000027,-11.600000000000001,3.9000000000000004,10.0,-0.2999999999999998,0.2999999999999998,-0.10000000000000053,0.20000000000000018,0.20000000000000018,-0.2999999999999998,,
1991-03-20,1.7,0.4,1.4,-2.0,-2.4,1.9,3.9,3.8,3.0,2.9,2.6,2.6,,,4.8,4.7,3.7,2.8,4.5,3.7,3.5,3.3,3.6,3.0,2.9,2.8,,,5.3,5.3,5.6,5.9,6.5,6.8,6.5,6.3,6.2,6.2,6.1,6.0,,,7.5,3.8,7.0,6.9,3.7,2.7,4.2,4.0,4.2,3.8,3.5,3.5,,,5.9,4.9,6.1,4.2,7.0,3.9,4.2,4.1,4.3,3.8,3.5,3.5,,,,,,,,,,,,,,,,,,,,,,,,,,,,,,,1.1,0.2,2.7,-2.9,-3.5,3.6,3.0,2.6,2.6,2.6,2.5,2.5,,,5.0,-4.7,8.9,-1.3,-10.5,-1.4,1.3,1.9,3.1,4.3,5.2,5.5,,,15.1,-11.2,-19.8,-18.5,-19.1,0.6,10.3,8.5,8.9,7.4,8.1,7.0,,,0.4,16.4,0.1,2.8,9.2,-0.6,-3.9,-3.6,-3.1,-4.1,-3.9,-5.3,,,4.8,-0.6,2.0,5.3,-1.8,-0.6,-0.1,0.9,1.1,1.5,1.7,1.8,,,6.7,5.1,5.3,0.5,2.1,5.7,7.6,7.2,6.7,6.0,5.6,5.5,,,1.43,1.2,1.13,1.04,0.95,1.04,1.09,1.11,1.15,1.17,1.2,1.22,,,0.6,4.2,3.9,-7.1,-9.2,1.9,7.0,6.5,4.5,4.2,3.9,3.9,,,0.0,0.0,0.0,0.10000000000000009,-0.8999999999999999,-0.8999999999999999,0.7999999999999998,0.6999999999999997,0.20000000000000018,0.2999999999999998,0.10000000000000009,0.20000000000000018,,,0.0,0.0,0.0,0.0,-0.20000000000000018,-0.09999999999999964,-0.20000000000000018,-0.20000000000000018,-0.2999999999999998,-0.3999999999999999,-0.5,-0.5,,,0.0,0.0,0.0,0.0,0.09999999999999964,0.39999999999999947,0.2999999999999998,0.20000000000000018,0.10000000000000053,0.10000000000000053,0.09999999999999964,0.0,,,-0.6999999999999993,0.0,0.7000000000000002,0.0,0.30000000000000027,-1.0999999999999996,-0.09999999999999964,-0.09999999999999964,0.10000000000000053,-0.20000000000000018,-0.2999999999999998,-0.20000000000000018,,,-0.2999999999999998,0.0,0.2999999999999998,0.30000000000000027,1.7999999999999998,-0.6000000000000001,-0.5,-0.5,0.0,-0.2999999999999998,-0.3999999999999999,-0.2999999999999998,,,,,,,,,,,,,,,,,,,,,,,,,,,,,,,0.0,0.0,0.0,0.20000000000000018,-2.0,1.1,1.3,0.6000000000000001,0.5,0.3999999999999999,0.2999999999999998,0.2999999999999998,,,0.0,0.0,0.0,3.3,-1.1999999999999993,3.1,0.9,0.2999999999999998,0.0,0.6999999999999997,1.2000000000000002,1.4000000000000004,,,0.0,0.0,0.0,-3.0999999999999996,-3.400000000000002,3.4,1.5,0.3000000000000007,3.3000000000000007,-0.09999999999999964,-1.4000000000000004,0.09999999999999964,,,0.0,0.0,0.0,-3.2,9.0,-3.2,-3.0,-1.7000000000000002,0.10000000000000009,-0.9999999999999996,-0.19999999999999973,-2.1999999999999997,,,0.0,0.0,0.0,1.2999999999999998,-2.5,-1.2999999999999998,-0.4,0.6000000000000001,-0.09999999999999987,-0.19999999999999996,-0.19999999999999996,-0.40000000000000013,,,0.0,0.0,0.0,0.2,-1.1999999999999997,-1.0,0.7999999999999998,0.5,-0.09999999999999964,0.0,-0.40000000000000036,-0.40000000000000036,,,-0.020000000000000018,0.0,0.0,-0.010000000000000009,-0.050000000000000044,0.0,0.0,0.0,0.0,0.0,0.0,0.0,,,0.0,0.0,0.0,0.8000000000000007,-4.6,-2.1,2.0999999999999996,1.5,0.40000000000000036,0.7000000000000002,0.3999999999999999,0.6999999999999997,,
1991-05-08,0.4,1.4,-1.6,-2.8,-0.2,4.1,4.0,3.5,3.1,2.8,2.6,,,,4.7,3.7,2.8,5.5,3.1,3.3,3.2,3.6,2.9,2.6,2.4,,,,5.3,5.6,5.9,6.5,6.8,6.8,6.6,6.4,6.3,6.3,6.2,,,,3.8,7.0,6.9,3.6,2.7,4.0,3.6,3.8,3.5,3.1,3.1,,,,4.9,6.1,4.2,6.8,3.7,3.9,3.9,4.0,3.5,3.1,3.1,,,,,,,,,,,,,,,,,,,,,,,,,,,,,,,,0.2,2.7,-3.4,-1.4,1.5,2.7,2.5,2.8,2.8,2.7,2.6,,,,-4.7,8.9,0.1,-14.4,-7.5,0.6,2.6,4.3,5.2,5.5,5.3,,,,-11.2,-19.8,-20.6,-26.5,-4.1,12.5,11.2,9.5,9.7,9.8,9.6,,,,16.4,0.1,4.6,-3.5,9.4,-4.2,-4.8,-4.1,-4.2,-4.1,-4.4,,,,-0.6,2.0,4.9,-1.4,-0.6,-0.1,0.9,1.1,1.5,1.7,1.8,,,,5.1,5.3,0.9,2.6,3.0,7.5,7.4,7.2,6.0,5.4,5.1,,,,1.2,1.13,1.04,0.91,1.01,1.06,1.08,1.12,1.14,1.17,1.2,,,,4.2,3.9,-7.0,-9.3,-1.6,5.3,5.3,5.1,4.9,4.3,4.2,,,,-1.2999999999999998,0.9999999999999999,-3.0,-0.7999999999999998,2.1999999999999997,2.1999999999999997,0.10000000000000009,-0.2999999999999998,0.10000000000000009,-0.10000000000000009,0.0,,,,-0.09999999999999964,-1.0,-0.9000000000000004,2.7,-1.4,-0.40000000000000036,-0.2999999999999998,0.30000000000000027,-0.7000000000000002,-0.3999999999999999,-0.5,,,,0.0,0.2999999999999998,0.3000000000000007,0.5999999999999996,0.2999999999999998,0.0,0.09999999999999964,0.10000000000000053,0.09999999999999964,0.09999999999999964,0.10000000000000053,,,,-3.7,3.2,-0.09999999999999964,-3.3000000000000003,-1.0,1.2999999999999998,-0.6000000000000001,-0.20000000000000018,-0.7000000000000002,-0.6999999999999997,-0.3999999999999999,,,,-1.0,1.1999999999999993,-1.8999999999999995,2.5999999999999996,-3.3,0.0,-0.30000000000000027,-0.09999999999999964,-0.7999999999999998,-0.6999999999999997,-0.3999999999999999,,,,,,,,,,,,,,,,,,,,,,,,,,,,,,,,-0.9000000000000001,2.5,-6.1,1.5,5.0,-0.8999999999999999,-0.5,0.19999999999999973,0.19999999999999973,0.10000000000000009,0.10000000000000009,,,,-9.7,13.600000000000001,-8.8,-13.1,3.0,2.0,1.3,2.4,2.1,1.2000000000000002,0.09999999999999964,,,,-26.299999999999997,-8.600000000000001,-0.8000000000000007,-8.0,15.000000000000002,11.9,0.8999999999999986,1.0,0.7999999999999989,2.4000000000000004,1.5,,,,15.999999999999998,-16.299999999999997,4.5,-6.3,0.20000000000000107,-3.6,-0.8999999999999999,-0.49999999999999956,-1.1,0.0,-0.5000000000000004,,,,-5.3999999999999995,2.6,2.9000000000000004,-6.699999999999999,1.2000000000000002,0.5,1.0,0.20000000000000007,0.3999999999999999,0.19999999999999996,0.10000000000000009,,,,-1.6000000000000005,0.20000000000000018,-4.3999999999999995,2.1,0.8999999999999999,1.7999999999999998,-0.1999999999999993,0.0,-0.7000000000000002,-0.5999999999999996,-0.5,,,,-0.22999999999999998,-0.07000000000000006,-0.08999999999999986,-0.13,0.06000000000000005,0.020000000000000018,-0.010000000000000009,0.010000000000000009,-0.010000000000000009,0.0,0.0,,,,3.6,-0.30000000000000027,-10.9,-2.200000000000001,7.6,3.4,-1.7000000000000002,-1.4000000000000004,0.40000000000000036,0.09999999999999964,0.30000000000000027,,,
1991-06-28,0.4,1.4,-1.6,-2.8,0.2,4.8,4.1,3.3,2.7,2.6,2.5,,,,4.7,3.7,2.8,5.2,3.0,3.2,3.3,3.8,3.2,3.0,3.0,,,,5.3,5.6,5.9,6.5,6.8,6.8,6.6,6.5,6.4,6.4,6.3,,,,3.8,7.0,6.9,3.6,2.2,4.0,3.8,4.1,3.6,3.5,3.5,,,,4.9,6.1,4.2,6.8,3.2,4.1,4.1,4.3,3.7,3.5,3.5,,,,,,,,,,,,,,,,,,,,,,,,,,,,,,,,0.2,2.7,-3.4,-1.5,3.4,2.2,2.5,3.0,2.8,2.7,2.7,,,,-4.7,8.9,0.1,-16.3,-2.8,1.5,3.5,4.4,5.9,6.5,6.8,,,,-11.2,-19.8,-20.6,-25.3,3.7,12.1,9.6,8.2,9.1,9.6,8.3,,,,16.4,0.1,4.6,-0.5,4.2,-0.8,-4.6,-4.7,-4.6,-4.4,-4.5,,,,-0.6,2.0,4.9,-1.9,-0.4,-0.1,0.9,1.1,1.5,1.7,2.0,,,,5.1,5.3,0.9,2.2,3.3,8.1,7.5,7.3,6.0,5.6,5.5,,,,1.2,1.13,1.04,0.92,0.99,1.05,1.07,1.11,1.13,1.16,1.19,,,,4.2,3.9,-7.0,-9.6,0.0,7.2,5.7,5.1,4.8,3.8,3.7,,,,0.0,0.0,0.0,0.0,0.4,0.7000000000000002,0.09999999999999964,-0.20000000000000018,-0.3999999999999999,-0.19999999999999973,-0.10000000000000009,,,,0.0,0.0,0.0,-0.2999999999999998,-0.10000000000000009,-0.09999999999999964,0.09999999999999964,0.19999999999999973,0.30000000000000027,0.3999999999999999,0.6000000000000001,,,,0.0,0.0,0.0,0.0,0.0,0.0,0.0,0.09999999999999964,0.10000000000000053,0.10000000000000053,0.09999999999999964,,,,0.0,0.0,0.0,0.0,-0.5,0.0,0.19999999999999973,0.2999999999999998,0.10000000000000009,0.3999999999999999,0.3999999999999999,,,,0.0,0.0,0.0,0.0,-0.5,0.19999999999999973,0.19999999999999973,0.2999999999999998,0.20000000000000018,0.3999999999999999,0.3999999999999999,,,,,,,,,,,,,,,,,,,,,,,,,,,,,,,,0.0,0.0,0.0,-0.10000000000000009,1.9,-0.5,0.0,0.20000000000000018,0.0,0.0,0.10000000000000009,,,,0.0,0.0,0.0,-1.9000000000000004,4.7,0.9,0.8999999999999999,0.10000000000000053,0.7000000000000002,1.0,1.5,,,,0.0,0.0,0.0,1.1999999999999993,7.8,-0.40000000000000036,-1.5999999999999996,-1.3000000000000007,-0.5999999999999996,-0.20000000000000107,-1.299999999999999,,,,0.0,0.0,0.0,3.0,-5.2,3.4000000000000004,0.20000000000000018,-0.6000000000000005,-0.39999999999999947,-0.3000000000000007,-0.09999999999999964,,,,0.0,0.0,0.0,-0.5,0.19999999999999996,0.0,0.0,0.0,0.0,0.0,0.19999999999999996,,,,0.0,0.0,0.0,-0.3999999999999999,0.2999999999999998,0.5999999999999996,0.09999999999999964,0.09999999999999964,0.0,0.1999999999999993,0.40000000000000036,,,,0.0,0.0,0.0,0.010000000000000009,-0.020000000000000018,-0.010000000000000009,-0.010000000000000009,-0.010000000000000009,-0.010000000000000009,-0.010000000000000009,-0.010000000000000009,,,,0.0,0.0,0.0,-0.29999999999999893,1.6,1.9000000000000004,0.40000000000000036,0.0,-0.10000000000000053,-0.5,-0.5,,,
1991-08-14,1.4,-1.6,-2.8,0.4,2.9,3.6,3.9,3.1,2.8,2.7,3.0,2.8,2.9,2.7,3.7,2.8,5.2,3.9,2.0,3.3,3.8,3.4,2.9,2.8,3.3,2.7,2.5,2.5,5.6,5.9,6.5,6.8,6.8,6.8,6.6,6.5,6.5,6.4,6.3,6.2,6.1,6.0,7.0,6.9,3.6,2.1,3.3,4.1,4.1,3.6,3.6,3.5,3.4,3.3,3.2,3.1,6.1,4.2,6.8,3.5,4.2,3.9,4.2,3.8,3.6,3.5,3.4,3.3,3.2,3.1,,,,,,,,,,,,,,,,,,,,,,,,,,,,,2.7,-3.4,-1.5,3.6,2.1,2.1,2.8,3.0,2.9,2.8,2.7,2.6,2.6,2.5,8.9,0.1,-16.3,-2.3,-2.2,1.3,4.1,5.2,7.2,7.6,6.5,6.2,6.3,6.3,-19.8,-20.6,-25.3,3.7,18.8,9.1,6.9,7.9,8.8,7.8,8.6,8.3,7.6,5.6,0.1,4.6,-0.5,5.0,-3.3,-4.7,-5.0,-4.9,-4.7,-4.6,-2.8,-1.8,-2.1,-2.1,2.0,4.9,-1.9,0.0,-0.1,0.9,1.1,1.5,1.7,2.0,2.3,2.8,3.4,3.6,5.3,0.9,2.2,4.6,4.9,7.0,7.9,6.6,5.8,5.5,6.4,5.5,5.5,5.2,1.13,1.04,0.92,1.0,1.05,1.08,1.11,1.14,1.16,1.2,1.22,1.25,1.27,1.3,3.9,-7.0,-9.7,1.7,6.1,5.0,6.1,5.3,4.2,4.0,3.4,3.3,3.3,3.3,0.9999999999999999,-3.0,-1.1999999999999997,3.1999999999999997,2.6999999999999997,-1.1999999999999997,-0.19999999999999973,-0.19999999999999973,0.09999999999999964,0.10000000000000009,0.5,,,,-1.0,-0.9000000000000004,2.4000000000000004,-1.3000000000000003,-1.0,0.09999999999999964,0.5,-0.3999999999999999,-0.30000000000000027,-0.20000000000000018,0.2999999999999998,,,,0.2999999999999998,0.3000000000000007,0.5999999999999996,0.2999999999999998,0.0,0.0,0.0,0.0,0.09999999999999964,0.0,0.0,,,,3.2,-0.09999999999999964,-3.3000000000000003,-1.5,1.0999999999999996,0.09999999999999964,0.2999999999999998,-0.49999999999999956,0.0,0.0,-0.10000000000000009,,,,1.1999999999999993,-1.8999999999999995,2.5999999999999996,-3.3,1.0,-0.19999999999999973,0.10000000000000053,-0.5,-0.10000000000000009,0.0,-0.10000000000000009,,,,,,,,,,,,,,,,,,,,,,,,,,,,,,,,2.5,-6.1,1.9,5.1,-1.2999999999999998,-0.10000000000000009,0.2999999999999998,0.0,0.10000000000000009,0.09999999999999964,0.0,,,,13.600000000000001,-8.8,-16.400000000000002,14.0,0.5999999999999996,-0.19999999999999996,0.5999999999999996,0.7999999999999998,1.2999999999999998,1.0999999999999996,-0.2999999999999998,,,,-8.600000000000001,-0.8000000000000007,-4.699999999999999,29.0,15.100000000000001,-3.0,-2.6999999999999993,-0.29999999999999893,-0.29999999999999893,-1.7999999999999998,0.29999999999999893,,,,-16.299999999999997,4.5,-5.1,5.5,-7.5,-3.9000000000000004,-0.40000000000000036,-0.20000000000000018,-0.10000000000000053,-0.1999999999999993,1.7000000000000002,,,,2.6,2.9000000000000004,-6.800000000000001,1.9,0.30000000000000004,1.0,0.20000000000000007,0.3999999999999999,0.19999999999999996,0.30000000000000004,0.2999999999999998,,,,0.20000000000000018,-4.3999999999999995,1.3000000000000003,2.3999999999999995,1.6000000000000005,-1.0999999999999996,0.40000000000000036,-0.7000000000000002,-0.20000000000000018,-0.09999999999999964,0.9000000000000004,,,,-0.07000000000000006,-0.08999999999999986,-0.12,0.07999999999999996,0.06000000000000005,0.030000000000000027,0.040000000000000036,0.029999999999999805,0.030000000000000027,0.040000000000000036,0.030000000000000027,,,,-0.30000000000000027,-10.9,-2.6999999999999993,11.299999999999999,6.1,-2.2,0.39999999999999947,0.20000000000000018,-0.5999999999999996,0.20000000000000018,-0.30000000000000027,,,
1991-09-25,1.4,-1.6,-2.8,-0.1,2.8,3.2,3.6,3.5,3.4,3.1,3.1,3.0,3.2,2.8,3.7,2.8,5.2,4.2,1.6,2.5,3.5,3.1,2.8,2.6,3.3,2.6,2.5,2.5,5.6,5.9,6.5,6.8,6.8,6.8,6.7,6.7,6.6,6.5,6.4,6.3,6.2,6.1,7.0,6.9,3.6,2.1,2.8,3.8,4.1,3.6,3.4,3.4,3.4,3.3,3.2,3.2,6.1,4.2,6.8,3.5,4.2,3.8,4.1,3.7,3.6,3.4,3.4,3.3,3.2,3.2,,,,,,,,,,,,,,,,,,,,,,,,,,,,,2.7,-3.4,-1.5,2.8,3.8,1.7,2.5,2.9,3.1,2.9,2.8,2.7,2.7,2.6,8.9,0.1,-16.3,-1.8,-2.2,1.6,4.3,5.3,6.1,6.1,6.2,6.2,6.4,6.4,-19.8,-20.6,-25.3,2.7,20.0,11.3,7.0,10.0,12.3,9.8,9.7,9.4,8.6,5.1,0.1,4.6,-0.5,8.1,-5.7,-4.7,-4.5,-4.5,-4.6,-4.6,-2.7,-1.8,-2.1,-2.1,2.0,4.9,-1.9,-0.6,-0.7,0.6,1.0,1.3,1.5,1.8,2.2,2.6,3.4,3.6,5.3,0.9,2.2,4.2,4.5,5.8,7.2,6.8,6.3,5.8,6.5,5.7,5.7,5.3,1.13,1.04,0.92,1.0,1.06,1.08,1.12,1.16,1.2,1.24,1.27,1.3,1.32,1.35,3.9,-7.0,-9.7,2.6,7.8,6.4,6.1,6.1,5.5,5.3,3.9,3.9,3.9,3.7,0.0,0.0,0.0,-0.5,-0.10000000000000009,-0.3999999999999999,-0.2999999999999998,0.3999999999999999,0.6000000000000001,0.3999999999999999,0.10000000000000009,0.20000000000000018,0.30000000000000027,0.09999999999999964,0.0,0.0,0.0,0.30000000000000027,-0.3999999999999999,-0.7999999999999998,-0.2999999999999998,-0.2999999999999998,-0.10000000000000009,-0.19999999999999973,0.0,-0.10000000000000009,0.0,0.0,0.0,0.0,0.0,0.0,0.0,0.0,0.10000000000000053,0.20000000000000018,0.09999999999999964,0.09999999999999964,0.10000000000000053,0.09999999999999964,0.10000000000000053,0.09999999999999964,0.0,0.0,0.0,0.0,-0.5,-0.2999999999999998,0.0,0.0,-0.20000000000000018,-0.10000000000000009,0.0,0.0,0.0,0.10000000000000009,0.0,0.0,0.0,0.0,0.0,-0.10000000000000009,-0.10000000000000053,-0.09999999999999964,0.0,-0.10000000000000009,0.0,0.0,0.0,0.10000000000000009,,,,,,,,,,,,,,,,,,,,,,,,,,,,,0.0,0.0,0.0,-0.8000000000000003,1.6999999999999997,-0.40000000000000013,-0.2999999999999998,-0.10000000000000009,0.20000000000000018,0.10000000000000009,0.09999999999999964,0.10000000000000009,0.10000000000000009,0.10000000000000009,0.0,0.0,0.0,0.4999999999999998,0.0,0.30000000000000004,0.20000000000000018,0.09999999999999964,-1.1000000000000005,-1.5,-0.2999999999999998,0.0,0.10000000000000053,0.10000000000000053,0.0,0.0,0.0,-1.0,1.1999999999999993,2.200000000000001,0.09999999999999964,2.0999999999999996,3.5,2.000000000000001,1.0999999999999996,1.0999999999999996,1.0,-0.5,0.0,0.0,0.0,3.0999999999999996,-2.4000000000000004,0.0,0.5,0.40000000000000036,0.10000000000000053,0.0,0.09999999999999964,0.0,0.0,0.0,0.0,0.0,0.0,-0.6,-0.6,-0.30000000000000004,-0.10000000000000009,-0.19999999999999996,-0.19999999999999996,-0.19999999999999996,-0.09999999999999964,-0.19999999999999973,0.0,0.0,0.0,0.0,0.0,-0.39999999999999947,-0.40000000000000036,-1.2000000000000002,-0.7000000000000002,0.20000000000000018,0.5,0.2999999999999998,0.09999999999999964,0.20000000000000018,0.20000000000000018,0.09999999999999964,0.0,0.0,0.0,0.0,0.010000000000000009,0.0,0.010000000000000009,0.020000000000000018,0.040000000000000036,0.040000000000000036,0.050000000000000044,0.050000000000000044,0.050000000000000044,0.050000000000000044,0.0,0.0,0.0,0.9000000000000001,1.7000000000000002,1.4000000000000004,0.0,0.7999999999999998,1.2999999999999998,1.2999999999999998,0.5,0.6000000000000001,0.6000000000000001,0.40000000000000036
1991-10-30,-1.6,-2.8,-0.5,2.4,1.2,1.8,3.0,3.8,3.9,3.5,3.2,3.3,3.0,,2.8,5.2,4.5,1.8,2.2,3.7,2.9,2.7,2.6,3.2,2.6,2.5,2.5,,5.9,6.5,6.8,6.8,6.9,7.0,7.0,6.9,6.7,6.6,6.5,6.4,6.3,,6.9,3.6,2.1,3.0,3.8,4.5,3.6,3.3,3.5,3.4,3.3,3.2,3.2,,4.2,6.8,3.5,4.0,3.9,4.2,3.8,3.7,3.6,3.4,3.3,3.2,3.2,,,,,,,,,,,,,,,,,,,,,,,,,,,,,,-3.4,-1.5,2.5,3.8,0.6,1.7,2.5,3.3,3.7,3.3,3.1,3.0,2.9,,0.1,-16.3,1.4,6.6,0.3,1.7,2.2,4.2,5.3,5.4,5.4,5.1,5.2,,-20.6,-25.3,1.6,20.6,6.8,8.3,9.1,12.8,10.5,11.2,10.2,9.6,5.6,,4.6,-0.5,5.5,-14.3,0.2,-3.0,-2.9,-4.1,-3.9,-3.6,-3.4,-2.8,-2.1,,4.9,-1.9,-0.8,-0.3,0.2,0.7,1.2,1.5,1.9,2.3,2.6,3.2,3.5,,0.9,2.2,4.0,4.2,3.5,5.6,6.0,6.6,6.6,6.8,5.9,5.9,5.6,,1.04,0.92,1.0,1.05,1.02,1.08,1.12,1.17,1.21,1.26,1.28,1.31,1.33,,-7.0,-9.7,2.6,6.2,1.4,2.5,5.0,6.2,6.2,4.5,4.4,4.3,4.2,,-3.0,-1.1999999999999997,2.3,2.5,-1.5999999999999999,-1.4000000000000001,-0.6000000000000001,0.2999999999999998,0.5,0.3999999999999999,0.10000000000000009,0.2999999999999998,-0.20000000000000018,,-0.9000000000000004,2.4000000000000004,-0.7000000000000002,-2.4000000000000004,0.6000000000000001,1.2000000000000002,-0.6000000000000001,-0.3999999999999999,-0.19999999999999973,0.6000000000000001,-0.6999999999999997,-0.10000000000000009,0.0,,0.3000000000000007,0.5999999999999996,0.2999999999999998,0.0,0.10000000000000053,0.20000000000000018,0.2999999999999998,0.20000000000000018,0.10000000000000053,0.09999999999999964,0.09999999999999964,0.10000000000000053,0.09999999999999964,,-0.09999999999999964,-3.3000000000000003,-1.5,0.8999999999999999,1.0,0.7000000000000002,-0.49999999999999956,-0.30000000000000027,0.10000000000000009,0.0,-0.10000000000000009,-0.09999999999999964,0.0,,-1.8999999999999995,2.5999999999999996,-3.3,0.5,-0.30000000000000027,0.40000000000000036,-0.2999999999999998,0.0,0.0,0.0,-0.10000000000000009,-0.09999999999999964,0.0,,,,,,,,,,,,,,,,,,,,,,,,,,,,,,-6.1,1.9,4.0,1.0,-3.1999999999999997,0.0,0.0,0.3999999999999999,0.6000000000000001,0.3999999999999999,0.30000000000000027,0.2999999999999998,0.19999999999999973,,-8.8,-16.400000000000002,17.7,8.4,2.5,0.09999999999999987,-2.0999999999999996,-1.0999999999999996,-0.7999999999999998,-0.6999999999999993,-0.7999999999999998,-1.1000000000000005,-1.2000000000000002,,-0.8000000000000007,-4.699999999999999,26.900000000000002,17.900000000000002,-13.2,-3.0,2.0999999999999996,2.8000000000000007,-1.8000000000000007,1.3999999999999986,0.5,0.1999999999999993,-3.0,,4.5,-5.1,6.0,-22.4,5.9,1.7000000000000002,1.6,0.40000000000000036,0.6999999999999997,0.9999999999999996,-0.6999999999999997,-0.9999999999999998,0.0,,2.9000000000000004,-6.800000000000001,1.0999999999999999,0.3,0.8999999999999999,0.09999999999999998,0.19999999999999996,0.19999999999999996,0.3999999999999999,0.4999999999999998,0.3999999999999999,0.6000000000000001,0.10000000000000009,,-4.3999999999999995,1.3000000000000003,1.7999999999999998,0.0,-1.0,-0.20000000000000018,-1.2000000000000002,-0.20000000000000018,0.2999999999999998,1.0,-0.5999999999999996,0.20000000000000018,-0.10000000000000053,,-0.08999999999999986,-0.12,0.07999999999999996,0.050000000000000044,-0.040000000000000036,0.0,0.0,0.010000000000000009,0.010000000000000009,0.020000000000000018,0.010000000000000009,0.010000000000000009,0.010000000000000009,,-10.9,-2.6999999999999993,12.299999999999999,3.6,-6.4,-3.9000000000000004,-1.0999999999999996,0.10000000000000053,0.7000000000000002,-0.7999999999999998,0.5000000000000004,0.3999999999999999,0.30000000000000027,
1991-12-11,-3.9,-2.5,1.4,1.7,-0.2,-0.8,2.6,2.6,3.2,3.4,3.4,3.5,3.5,,3.2,5.0,3.1,2.1,2.9,4.1,2.9,2.7,2.6,3.1,2.5,2.4,2.4,,5.9,6.5,6.8,6.8,6.9,7.1,7.2,7.2,7.1,7.0,6.9,6.8,6.7,,6.9,3.6,2.1,3.0,3.4,4.0,3.5,3.3,3.2,3.2,2.9,2.8,2.8,,4.2,6.8,3.5,4.0,3.4,3.9,3.5,3.3,3.2,3.2,2.9,2.8,2.7,,,,,,,,,,,,,,,,,,,,,,,,,,,,,,-3.5,-1.3,1.4,2.3,-1.0,0.8,1.9,2.6,3.1,3.5,3.6,3.6,3.6,,-7.7,-17.4,-3.3,-3.5,-4.6,-6.4,-1.1,1.0,3.0,3.6,4.2,4.9,5.2,,-15.0,-24.8,3.1,11.9,9.0,6.0,6.8,9.0,11.0,10.0,9.0,9.0,9.0,,4.5,9.9,1.0,-8.5,-2.3,-2.8,-3.0,-3.8,-3.7,-3.6,-2.8,-2.5,-2.2,,4.6,-1.9,-0.7,-0.5,1.8,-0.9,-0.8,-0.5,0.3,0.8,1.3,1.8,2.0,,-0.9,2.3,4.6,3.9,2.7,3.2,5.7,5.4,5.9,6.7,6.0,6.0,6.0,,1.04,0.92,1.0,1.04,1.08,1.1,1.15,1.2,1.25,1.3,1.33,1.35,1.38,,-7.0,-9.7,2.6,6.4,-1.2,-2.8,5.6,5.0,5.9,5.4,5.2,5.0,5.0,,-2.3,0.2999999999999998,1.9,-0.7,-1.4,-2.6,-0.3999999999999999,-1.1999999999999997,-0.6999999999999997,-0.10000000000000009,0.19999999999999973,0.20000000000000018,0.5,,0.40000000000000036,-0.20000000000000018,-1.4,0.30000000000000004,0.6999999999999997,0.39999999999999947,0.0,0.0,0.0,-0.10000000000000009,-0.10000000000000009,-0.10000000000000009,-0.10000000000000009,,0.0,0.0,0.0,0.0,0.0,0.09999999999999964,0.20000000000000018,0.2999999999999998,0.39999999999999947,0.40000000000000036,0.40000000000000036,0.39999999999999947,0.40000000000000036,,0.0,0.0,0.0,0.0,-0.3999999999999999,-0.5,-0.10000000000000009,0.0,-0.2999999999999998,-0.19999999999999973,-0.3999999999999999,-0.40000000000000036,-0.40000000000000036,,0.0,0.0,0.0,0.0,-0.5,-0.30000000000000027,-0.2999999999999998,-0.40000000000000036,-0.3999999999999999,-0.19999999999999973,-0.3999999999999999,-0.40000000000000036,-0.5,,,,,,,,,,,,,,,,,,,,,,,,,,,,,,-0.10000000000000009,0.19999999999999996,-1.1,-1.5,-1.6,-0.8999999999999999,-0.6000000000000001,-0.6999999999999997,-0.6000000000000001,0.20000000000000018,0.5,0.6000000000000001,0.7000000000000002,,-7.8,-1.0999999999999979,-4.699999999999999,-10.1,-4.8999999999999995,-8.1,-3.3000000000000003,-3.2,-2.3,-1.8000000000000003,-1.2000000000000002,-0.1999999999999993,0.0,,5.600000000000001,0.5,1.5,-8.700000000000001,2.2,-2.3000000000000007,-2.3,-3.8000000000000007,0.5,-1.1999999999999993,-1.1999999999999993,-0.5999999999999996,3.4000000000000004,,-0.09999999999999964,10.4,-4.5,5.800000000000001,-2.5,0.20000000000000018,-0.10000000000000009,0.2999999999999998,0.19999999999999973,0.0,0.6000000000000001,0.2999999999999998,-0.10000000000000009,,-0.3000000000000007,0.0,0.10000000000000009,-0.2,1.6,-1.6,-2.0,-2.0,-1.5999999999999999,-1.4999999999999998,-1.3,-1.4000000000000001,-1.5,,-1.8,0.09999999999999964,0.5999999999999996,-0.30000000000000027,-0.7999999999999998,-2.3999999999999995,-0.2999999999999998,-1.1999999999999993,-0.6999999999999993,-0.09999999999999964,0.09999999999999964,0.09999999999999964,0.40000000000000036,,0.0,0.0,0.0,-0.010000000000000009,0.06000000000000005,0.020000000000000018,0.029999999999999805,0.030000000000000027,0.040000000000000036,0.040000000000000036,0.050000000000000044,0.040000000000000036,0.04999999999999982,,0.0,0.0,0.0,0.20000000000000018,-2.5999999999999996,-5.3,0.5999999999999996,-1.2000000000000002,-0.2999999999999998,0.9000000000000004,0.7999999999999998,0.7000000000000002,0.7999999999999998,
1992-01-30,-2.5,1.4,1.8,0.3,0.4,1.9,2.9,3.3,3.7,3.5,3.4,3.2,,,5.0,3.1,2.1,1.7,3.8,2.9,2.5,2.3,2.9,2.4,2.2,2.3,,,6.5,6.7,6.8,6.9,7.1,7.3,7.3,7.2,7.1,7.0,6.8,6.7,,,3.6,2.1,3.0,3.0,3.5,3.5,3.4,3.2,3.1,2.8,2.8,2.7,,,6.8,3.5,4.0,3.7,4.1,3.4,3.2,3.0,3.1,2.8,2.7,2.6,,,,,,,,,,,,,,,,,,,,,,,,,,,,,,,-1.3,1.4,2.3,-1.1,1.1,2.2,2.9,3.3,3.8,3.7,3.4,3.3,,,-17.4,-3.3,-3.7,-2.4,-1.9,0.7,2.6,3.3,3.8,4.0,4.0,4.1,,,-24.8,3.1,10.9,10.6,14.9,12.0,15.0,13.3,9.2,8.0,9.6,6.7,,,9.9,1.0,-8.1,-14.1,4.1,-1.2,-3.9,-3.8,-3.8,-2.9,-2.8,-2.2,,,-1.9,-0.7,-0.1,0.1,-0.9,-0.8,-0.5,0.3,0.8,1.3,1.8,2.0,,,2.3,4.6,4.1,1.9,4.3,4.9,5.5,5.7,6.7,5.9,5.7,5.6,,,0.92,1.0,1.04,1.09,1.14,1.2,1.25,1.3,1.34,1.37,1.39,1.41,,,-9.7,2.6,6.6,-0.5,-0.8,4.0,5.0,5.0,4.7,4.7,4.7,4.7,,,1.4,3.9,0.40000000000000013,-1.4,0.6000000000000001,2.7,0.2999999999999998,0.6999999999999997,0.5,0.10000000000000009,0.0,-0.2999999999999998,,,1.7999999999999998,-1.9,-1.0,-0.40000000000000013,0.8999999999999999,-1.1999999999999997,-0.3999999999999999,-0.40000000000000036,0.2999999999999998,-0.7000000000000002,-0.2999999999999998,-0.10000000000000009,,,0.5999999999999996,0.20000000000000018,0.0,0.10000000000000053,0.1999999999999993,0.20000000000000018,0.09999999999999964,0.0,0.0,0.0,-0.10000000000000053,-0.09999999999999964,,,-3.3000000000000003,-1.5,0.8999999999999999,0.0,0.10000000000000009,-0.5,-0.10000000000000009,-0.09999999999999964,-0.10000000000000009,-0.40000000000000036,-0.10000000000000009,-0.09999999999999964,,,2.5999999999999996,-3.3,0.5,-0.2999999999999998,0.6999999999999997,-0.5,-0.2999999999999998,-0.2999999999999998,-0.10000000000000009,-0.40000000000000036,-0.19999999999999973,-0.19999999999999973,,,,,,,,,,,,,,,,,,,,,,,,,,,,,,,2.2,2.7,0.8999999999999999,-3.4,2.1,1.4000000000000001,1.0,0.6999999999999997,0.6999999999999997,0.20000000000000018,-0.20000000000000018,-0.30000000000000027,,,-9.7,14.099999999999998,-0.40000000000000036,1.1,2.6999999999999997,7.1000000000000005,3.7,2.3,0.7999999999999998,0.3999999999999999,-0.20000000000000018,-0.8000000000000007,,,-9.8,27.900000000000002,7.800000000000001,-1.3000000000000007,5.9,6.0,8.2,4.300000000000001,-1.8000000000000007,-2.0,0.5999999999999996,-2.3,,,5.4,-8.9,-9.1,-5.6,6.3999999999999995,1.5999999999999999,-0.8999999999999999,0.0,-0.09999999999999964,0.7000000000000002,0.0,0.2999999999999998,,,-6.5,1.2,0.6,0.6,-2.7,0.09999999999999998,0.30000000000000004,0.8,0.5,0.5,0.5,0.19999999999999996,,,3.1999999999999997,2.3,-0.5,-2.0,1.5999999999999996,1.7000000000000002,-0.20000000000000018,0.2999999999999998,0.7999999999999998,-0.7999999999999998,-0.2999999999999998,-0.40000000000000036,,,-0.12,0.07999999999999996,0.040000000000000036,0.050000000000000044,0.05999999999999983,0.09999999999999987,0.10000000000000009,0.10000000000000009,0.09000000000000008,0.07000000000000006,0.05999999999999983,0.05999999999999983,,,-2.6999999999999993,12.299999999999999,3.9999999999999996,-6.9,0.3999999999999999,6.8,-0.5999999999999996,0.0,-1.2000000000000002,-0.7000000000000002,-0.5,-0.2999999999999998,,
1992-03-25,-2.5,1.4,1.8,0.8,1.6,2.9,3.1,3.2,3.0,2.9,2.8,2.7,,,5.0,3.1,2.1,1.7,3.2,2.7,2.6,2.5,3.0,2.4,2.3,2.3,,,6.5,6.7,6.8,6.9,7.2,7.3,7.2,7.1,7.1,7.0,6.8,6.7,,,3.3,2.4,2.7,3.6,2.6,3.6,3.4,3.3,3.2,2.9,2.8,2.7,,,6.5,3.8,4.0,3.7,3.8,3.8,3.3,3.1,3.1,2.9,2.8,2.7,,,,,,,,,,,,,,,,,,,,,,,,,,,,,,,-1.3,1.4,2.3,-0.2,4.3,2.4,3.1,3.7,3.4,3.1,2.9,2.8,,,-17.4,-3.3,-3.7,-4.5,2.2,0.6,2.8,4.5,4.5,4.7,5.0,4.8,,,-24.8,3.1,10.9,13.1,17.9,20.1,10.7,7.9,8.4,10.6,10.0,5.7,,,9.9,1.0,-8.1,-14.6,7.2,-1.2,-5.0,-5.0,-5.0,-4.9,-4.8,-4.7,,,-1.9,-0.7,-0.1,1.4,-1.9,-0.8,-0.6,0.2,0.8,1.3,1.8,2.0,,,2.3,4.6,4.1,2.7,4.7,5.6,5.8,5.9,6.1,5.3,5.2,5.0,,,0.92,1.0,1.04,1.1,1.25,1.27,1.3,1.34,1.39,1.43,1.45,1.46,,,-9.7,2.6,6.6,-0.7,-3.0,6.0,5.5,5.1,4.7,4.2,3.7,3.5,,,0.0,0.0,0.0,0.5,1.2000000000000002,1.0,0.20000000000000018,-0.09999999999999964,-0.7000000000000002,-0.6000000000000001,-0.6000000000000001,-0.5,,,0.0,0.0,0.0,0.0,-0.5999999999999996,-0.19999999999999973,0.10000000000000009,0.20000000000000018,0.10000000000000009,0.0,0.09999999999999964,0.0,,,0.0,0.0,0.0,0.0,0.10000000000000053,0.0,-0.09999999999999964,-0.10000000000000053,0.0,0.0,0.0,0.0,,,-0.30000000000000027,0.2999999999999998,-0.2999999999999998,0.6000000000000001,-0.8999999999999999,0.10000000000000009,0.0,0.09999999999999964,0.10000000000000009,0.10000000000000009,0.0,0.0,,,-0.2999999999999998,0.2999999999999998,0.0,0.0,-0.2999999999999998,0.3999999999999999,0.09999999999999964,0.10000000000000009,0.0,0.10000000000000009,0.09999999999999964,0.10000000000000009,,,,,,,,,,,,,,,,,,,,,,,,,,,,,,,0.0,0.0,0.0,0.9000000000000001,3.1999999999999997,0.19999999999999973,0.20000000000000018,0.40000000000000036,-0.3999999999999999,-0.6000000000000001,-0.5,-0.5,,,0.0,0.0,0.0,-2.1,4.1,-0.09999999999999998,0.19999999999999973,1.2000000000000002,0.7000000000000002,0.7000000000000002,1.0,0.7000000000000002,,,0.0,0.0,0.0,2.5,2.9999999999999982,8.100000000000001,-4.300000000000001,-5.4,-0.7999999999999989,2.5999999999999996,0.40000000000000036,-1.0,,,0.0,0.0,0.0,-0.5,3.1000000000000005,0.0,-1.1,-1.2000000000000002,-1.2000000000000002,-2.0000000000000004,-2.0,-2.5,,,0.0,0.0,0.0,1.2999999999999998,-0.9999999999999999,0.0,-0.09999999999999998,-0.09999999999999998,0.0,0.0,0.0,0.0,,,0.0,0.0,0.0,0.8000000000000003,0.40000000000000036,0.6999999999999993,0.2999999999999998,0.20000000000000018,-0.6000000000000005,-0.6000000000000005,-0.5,-0.5999999999999996,,,0.0,0.0,0.0,0.010000000000000009,0.1100000000000001,0.07000000000000006,0.050000000000000044,0.040000000000000036,0.04999999999999982,0.05999999999999983,0.06000000000000005,0.050000000000000044,,,0.0,0.0,0.0,-0.19999999999999996,-2.2,2.0,0.5,0.09999999999999964,0.0,-0.5,-1.0,-1.2000000000000002,,
1992-05-14,1.4,1.8,0.4,2.0,2.0,3.1,3.1,2.9,2.9,2.8,2.8,,,,3.1,2.1,1.7,3.1,2.7,2.8,2.7,3.0,2.5,2.4,2.3,,,,6.7,6.8,6.9,7.2,7.2,7.1,7.0,6.9,6.8,6.7,6.6,,,,2.4,2.7,3.6,2.9,3.8,3.7,3.4,3.3,3.2,3.1,3.1,,,,3.8,4.0,3.7,3.9,4.3,3.6,3.3,3.3,3.1,3.1,3.1,,,,,,,,,,,,,,,,,,,,,,,,,,,,,,,,1.4,2.3,0.0,5.3,1.9,3.1,3.4,3.2,3.0,2.8,2.7,,,,-3.3,-3.7,-3.4,-1.5,5.4,5.4,5.2,5.2,4.8,5.2,4.9,,,,3.1,10.9,12.3,15.8,5.1,3.3,5.8,8.3,9.2,9.9,10.4,,,,1.0,-8.1,-13.6,2.3,4.4,-5.6,-5.3,-4.9,-4.6,-4.3,-4.1,,,,-0.7,-0.1,0.8,3.2,-1.9,-1.0,-0.1,0.4,1.3,1.9,2.1,,,,4.6,4.1,2.2,4.9,4.9,6.0,5.9,6.0,5.5,5.3,5.2,,,,1.0,1.04,1.1,1.28,1.21,1.25,1.28,1.33,1.36,1.4,1.43,,,,2.6,6.6,-0.7,-4.1,5.4,5.5,5.1,4.7,4.2,3.7,3.5,,,,3.9,0.40000000000000013,-1.4,1.2,0.3999999999999999,0.20000000000000018,0.0,-0.30000000000000027,-0.10000000000000009,-0.10000000000000009,0.0,,,,-1.9,-1.0,-0.40000000000000013,1.4000000000000001,-0.5,0.09999999999999964,0.10000000000000009,0.5,-0.5,0.0,0.0,,,,0.20000000000000018,0.09999999999999964,0.10000000000000053,0.2999999999999998,0.0,-0.20000000000000018,-0.20000000000000018,-0.1999999999999993,-0.2999999999999998,-0.2999999999999998,-0.20000000000000018,,,,-0.8999999999999999,0.30000000000000027,0.8999999999999999,-0.7000000000000002,1.1999999999999997,0.10000000000000009,0.0,0.0,0.0,0.20000000000000018,0.30000000000000027,,,,-2.7,0.20000000000000018,-0.2999999999999998,0.19999999999999973,0.5,-0.19999999999999973,0.0,0.19999999999999973,0.0,0.20000000000000018,0.30000000000000027,,,,,,,,,,,,,,,,,,,,,,,,,,,,,,,,2.7,0.8999999999999999,-2.3,5.5,-2.4,0.7000000000000002,0.2999999999999998,-0.5,-0.3999999999999999,-0.30000000000000027,-0.19999999999999973,,,,14.099999999999998,-0.40000000000000036,0.30000000000000027,3.0,3.2,4.800000000000001,2.4000000000000004,0.7000000000000002,0.2999999999999998,0.5,-0.09999999999999964,,,,27.900000000000002,7.800000000000001,1.4000000000000004,2.700000000000001,-12.799999999999999,-16.8,-4.8999999999999995,0.40000000000000036,0.7999999999999989,-0.6999999999999993,0.40000000000000036,,,,-8.9,-9.1,-5.5,16.9,-2.8,-4.3999999999999995,-0.2999999999999998,0.09999999999999964,0.40000000000000036,0.6000000000000005,0.7000000000000002,,,,1.2,0.6,0.9,1.8000000000000003,0.0,-0.19999999999999996,0.5,0.2,0.5,0.5999999999999999,0.30000000000000004,,,,2.3,-0.5,-1.8999999999999995,2.2,0.20000000000000018,0.40000000000000036,0.10000000000000053,0.09999999999999964,-0.5999999999999996,0.0,0.0,,,,0.07999999999999996,0.040000000000000036,0.06000000000000005,0.17999999999999994,-0.040000000000000036,-0.020000000000000018,-0.020000000000000018,-0.010000000000000009,-0.029999999999999805,-0.030000000000000027,-0.020000000000000018,,,,12.299999999999999,3.9999999999999996,-7.3,-3.3999999999999995,8.4,-0.5,-0.40000000000000036,-0.39999999999999947,-0.5,-0.5,-0.20000000000000018,,,
1992-06-26,1.4,1.8,0.4,2.7,2.0,2.3,2.7,2.8,2.9,3.1,3.2,,,,3.1,2.1,1.7,3.1,2.7,2.5,2.8,3.2,2.5,2.5,2.4,,,,6.7,6.8,6.9,7.2,7.3,7.3,7.2,7.1,6.9,6.8,6.7,,,,2.4,2.7,3.6,2.9,3.6,4.1,3.4,3.0,3.1,3.1,3.1,,,,3.8,4.0,3.7,3.9,4.0,3.5,3.4,3.3,3.2,3.1,3.1,,,,,,,,,,,,,,,,,,,,,,,,,,,,,,,,1.4,2.3,0.0,5.0,1.0,2.3,2.8,2.8,2.8,2.8,2.9,,,,-3.3,-3.7,-3.4,3.1,6.4,5.9,5.4,5.4,5.3,5.9,5.9,,,,3.1,10.9,12.3,11.7,5.9,1.6,9.2,6.4,7.2,11.4,9.4,,,,1.0,-8.1,-13.6,1.1,-0.6,-0.9,-5.4,-5.1,-4.4,-3.8,-3.0,,,,-0.7,-0.1,0.8,4.1,-1.8,-1.0,-0.1,0.4,1.3,1.9,2.1,,,,4.6,4.1,2.2,5.8,4.9,4.9,5.6,6.1,5.6,5.7,5.7,,,,1.0,1.04,1.1,1.26,1.17,1.22,1.26,1.29,1.32,1.36,1.39,,,,2.6,6.6,-0.7,-2.8,5.8,4.2,5.0,4.7,4.2,3.7,3.5,,,,0.0,0.0,0.0,0.7000000000000002,0.0,-0.8000000000000003,-0.3999999999999999,-0.10000000000000009,0.0,0.30000000000000027,0.40000000000000036,,,,0.0,0.0,0.0,0.0,0.0,-0.2999999999999998,0.09999999999999964,0.20000000000000018,0.0,0.10000000000000009,0.10000000000000009,,,,0.0,0.0,0.0,0.0,0.09999999999999964,0.20000000000000018,0.20000000000000018,0.1999999999999993,0.10000000000000053,0.09999999999999964,0.10000000000000053,,,,0.0,0.0,0.0,0.0,-0.19999999999999973,0.39999999999999947,0.0,-0.2999999999999998,-0.10000000000000009,0.0,0.0,,,,0.0,0.0,0.0,0.0,-0.2999999999999998,-0.10000000000000009,0.10000000000000009,0.0,0.10000000000000009,0.0,0.0,,,,,,,,,,,,,,,,,,,,,,,,,,,,,,,,0.0,0.0,0.0,-0.2999999999999998,-0.8999999999999999,-0.8000000000000003,-0.6000000000000001,-0.40000000000000036,-0.20000000000000018,0.0,0.19999999999999973,,,,0.0,0.0,0.0,4.6,1.0,0.5,0.20000000000000018,0.20000000000000018,0.5,0.7000000000000002,1.0,,,,0.0,0.0,0.0,-4.100000000000001,0.8000000000000007,-1.6999999999999997,3.3999999999999995,-1.9000000000000004,-1.9999999999999991,1.5,-1.0,,,,0.0,0.0,0.0,-1.1999999999999997,-5.0,4.699999999999999,-0.10000000000000053,-0.1999999999999993,0.1999999999999993,0.5,1.0999999999999996,,,,0.0,0.0,0.0,0.8999999999999995,0.09999999999999987,0.0,0.0,0.0,0.0,0.0,0.0,,,,0.0,0.0,0.0,0.8999999999999995,0.0,-1.0999999999999996,-0.3000000000000007,0.09999999999999964,0.09999999999999964,0.40000000000000036,0.5,,,,0.0,0.0,0.0,-0.020000000000000018,-0.040000000000000036,-0.030000000000000027,-0.020000000000000018,-0.040000000000000036,-0.040000000000000036,-0.039999999999999813,-0.040000000000000036,,,,0.0,0.0,0.0,1.2999999999999998,0.39999999999999947,-1.2999999999999998,-0.09999999999999964,0.0,0.0,0.0,0.0,,,
1992-08-13,1.2,0.6,2.9,1.4,1.7,2.5,2.8,3.0,3.2,3.2,3.2,3.0,3.0,3.0,2.4,2.4,3.1,2.4,1.6,2.9,2.9,2.3,2.3,2.1,2.6,2.0,1.9,1.9,6.8,6.9,7.2,7.5,7.6,7.4,7.4,7.3,7.2,7.0,6.9,6.7,6.6,6.4,2.7,3.6,2.9,3.5,2.7,3.4,3.1,3.1,3.1,2.9,2.7,2.5,2.4,2.4,4.0,3.7,3.9,3.9,2.9,3.7,3.1,3.0,3.1,2.9,2.7,2.5,2.4,2.4,,,,,,,,,,,,,,,,,,,,,,,,,,,,,1.5,-0.3,5.1,-0.3,1.9,2.5,2.9,2.8,2.8,3.0,2.9,2.9,2.9,2.9,-3.4,-5.2,3.0,13.5,2.2,6.0,5.9,6.4,6.6,7.5,6.6,6.3,6.1,5.9,14.4,11.3,20.1,8.7,10.3,10.6,7.0,4.6,7.5,8.7,5.7,5.7,5.0,6.7,-6.5,-9.0,-3.0,0.3,0.2,-5.5,-5.3,-4.5,-3.9,-3.2,-3.2,-3.3,-3.3,-3.3,0.9,1.4,5.1,0.1,0.0,-1.4,0.0,0.6,0.6,1.2,1.3,1.4,1.4,1.4,4.0,2.8,6.2,3.7,3.4,5.5,5.8,5.4,5.5,5.4,5.9,5.1,4.9,4.9,1.04,1.1,1.26,1.15,1.23,1.28,1.31,1.34,1.38,1.41,1.44,1.47,1.49,1.52,6.6,-0.7,-2.9,5.2,3.2,4.0,4.2,4.3,4.4,4.6,4.5,4.3,3.9,3.8,-0.19999999999999996,-1.2000000000000002,2.5,-1.3000000000000003,-0.30000000000000004,0.20000000000000018,0.09999999999999964,0.20000000000000018,0.30000000000000027,0.10000000000000009,0.0,,,,-0.7000000000000002,0.2999999999999998,1.4000000000000001,-0.7000000000000002,-1.1,0.3999999999999999,0.10000000000000009,-0.9000000000000004,-0.20000000000000018,-0.3999999999999999,0.20000000000000018,,,,0.09999999999999964,0.10000000000000053,0.2999999999999998,0.2999999999999998,0.2999999999999998,0.10000000000000053,0.20000000000000018,0.20000000000000018,0.2999999999999998,0.20000000000000018,0.20000000000000018,,,,0.30000000000000027,0.8999999999999999,-0.7000000000000002,0.6000000000000001,-0.8999999999999999,-0.6999999999999997,-0.2999999999999998,0.10000000000000009,0.0,-0.20000000000000018,-0.3999999999999999,,,,0.20000000000000018,-0.2999999999999998,0.19999999999999973,0.0,-1.1,0.20000000000000018,-0.2999999999999998,-0.2999999999999998,-0.10000000000000009,-0.20000000000000018,-0.3999999999999999,,,,,,,,,,,,,,,,,,,,,,,,,,,,,,,,0.10000000000000009,-2.5999999999999996,5.1,-5.3,0.8999999999999999,0.20000000000000018,0.10000000000000009,0.0,0.0,0.20000000000000018,0.0,,,,-0.10000000000000009,-1.5,6.4,10.4,-4.2,0.09999999999999964,0.5,1.0,1.2999999999999998,1.5999999999999996,0.6999999999999993,,,,11.3,0.40000000000000036,7.800000000000001,-3.0,4.4,9.0,-2.1999999999999993,-1.8000000000000007,0.2999999999999998,-2.700000000000001,-3.7,,,,-7.5,-0.9000000000000004,10.6,-0.8,0.8,-4.6,0.10000000000000053,0.5999999999999996,0.5000000000000004,0.5999999999999996,-0.20000000000000018,,,,1.6,1.5,4.3,-3.9999999999999996,1.8,-0.3999999999999999,0.1,0.19999999999999996,-0.7000000000000001,-0.7,-0.8,,,,-0.5999999999999996,-1.2999999999999998,4.0,-2.0999999999999996,-1.5000000000000004,0.5999999999999996,0.20000000000000018,-0.6999999999999993,-0.09999999999999964,-0.2999999999999998,0.20000000000000018,,,,0.040000000000000036,0.06000000000000005,0.15999999999999992,-0.1100000000000001,0.06000000000000005,0.06000000000000005,0.050000000000000044,0.050000000000000044,0.05999999999999983,0.04999999999999982,0.050000000000000044,,,,3.9999999999999996,-7.3,-2.2,8.0,-2.5999999999999996,-0.20000000000000018,-0.7999999999999998,-0.40000000000000036,0.20000000000000018,0.8999999999999995,1.0,,,
1992-09-30,1.2,0.6,2.9,1.5,1.9,1.2,2.0,2.5,2.9,3.3,3.5,3.3,3.1,3.0,2.4,2.4,3.1,2.7,2.5,2.1,2.7,2.2,2.0,1.8,2.2,1.7,1.5,1.5,6.8,6.9,7.2,7.5,7.6,7.8,7.8,7.8,7.7,7.5,7.3,7.1,7.0,6.8,2.7,3.6,2.9,3.5,2.9,3.6,3.1,2.8,2.7,2.6,2.4,2.2,2.0,2.0,4.0,3.7,3.9,3.9,2.7,3.5,2.9,2.7,2.7,2.6,2.4,2.2,2.0,2.0,,,,,,,,,,,,,,,,,,,,,,,,,,,,,1.5,-0.3,5.1,-0.1,3.5,1.2,1.8,1.9,2.6,3.8,3.8,3.6,3.4,3.1,-3.4,-5.2,3.0,16.1,2.7,4.7,5.6,5.9,6.4,6.8,7.4,7.7,7.1,6.2,14.4,11.3,20.1,12.6,1.5,5.9,7.1,5.0,8.4,9.3,7.6,6.3,5.4,6.0,-6.5,-9.0,-3.0,-2.7,5.6,-5.5,-5.5,-5.5,-4.6,-3.5,-3.4,-3.5,-3.6,-3.7,0.9,1.4,5.1,-0.2,1.9,-0.6,-0.1,0.5,0.1,0.9,1.1,1.3,1.4,1.4,4.0,2.8,6.2,4.3,4.3,3.4,4.8,4.7,5.0,5.1,5.8,5.0,4.7,4.5,1.04,1.1,1.26,1.14,1.19,1.24,1.27,1.3,1.34,1.37,1.4,1.43,1.45,1.48,6.6,-0.7,-2.9,5.3,0.6,-2.0,3.6,4.2,4.3,4.5,4.8,4.5,3.9,3.8,0.0,0.0,0.0,0.10000000000000009,0.19999999999999996,-1.3,-0.7999999999999998,-0.5,-0.30000000000000027,0.09999999999999964,0.2999999999999998,0.2999999999999998,0.10000000000000009,0.0,0.0,0.0,0.0,0.30000000000000027,0.8999999999999999,-0.7999999999999998,-0.19999999999999973,-0.09999999999999964,-0.2999999999999998,-0.30000000000000004,-0.3999999999999999,-0.30000000000000004,-0.3999999999999999,-0.3999999999999999,0.0,0.0,0.0,0.0,0.0,0.39999999999999947,0.39999999999999947,0.5,0.5,0.5,0.39999999999999947,0.39999999999999947,0.40000000000000036,0.39999999999999947,0.0,0.0,0.0,0.0,0.19999999999999973,0.20000000000000018,0.0,-0.30000000000000027,-0.3999999999999999,-0.2999999999999998,-0.30000000000000027,-0.2999999999999998,-0.3999999999999999,-0.3999999999999999,0.0,0.0,0.0,0.0,-0.19999999999999973,-0.20000000000000018,-0.20000000000000018,-0.2999999999999998,-0.3999999999999999,-0.2999999999999998,-0.30000000000000027,-0.2999999999999998,-0.3999999999999999,-0.3999999999999999,,,,,,,,,,,,,,,,,,,,,,,,,,,,,0.0,0.0,0.0,0.19999999999999998,1.6,-1.3,-1.0999999999999999,-0.8999999999999999,-0.19999999999999973,0.7999999999999998,0.8999999999999999,0.7000000000000002,0.5,0.20000000000000018,0.0,0.0,0.0,2.6000000000000014,0.5,-1.2999999999999998,-0.3000000000000007,-0.5,-0.1999999999999993,-0.7000000000000002,0.8000000000000007,1.4000000000000004,1.0,0.2999999999999998,0.0,0.0,0.0,3.9000000000000004,-8.8,-4.699999999999999,0.09999999999999964,0.40000000000000036,0.9000000000000004,0.6000000000000014,1.8999999999999995,0.5999999999999996,0.40000000000000036,-0.7000000000000002,0.0,0.0,0.0,-3.0,5.3999999999999995,0.0,-0.20000000000000018,-1.0,-0.6999999999999997,-0.2999999999999998,-0.19999999999999973,-0.20000000000000018,-0.30000000000000027,-0.40000000000000036,0.0,0.0,0.0,-0.30000000000000004,1.9,0.7999999999999999,-0.1,-0.09999999999999998,-0.5,-0.29999999999999993,-0.19999999999999996,-0.09999999999999987,0.0,0.0,0.0,0.0,0.0,0.5999999999999996,0.8999999999999999,-2.1,-1.0,-0.7000000000000002,-0.5,-0.3000000000000007,-0.10000000000000053,-0.09999999999999964,-0.20000000000000018,-0.40000000000000036,0.0,0.0,0.0,-0.010000000000000009,-0.040000000000000036,-0.040000000000000036,-0.040000000000000036,-0.040000000000000036,-0.039999999999999813,-0.039999999999999813,-0.040000000000000036,-0.040000000000000036,-0.040000000000000036,-0.040000000000000036,0.0,0.0,0.0,0.09999999999999964,-2.6,-6.0,-0.6000000000000001,-0.09999999999999964,-0.10000000000000053,-0.09999999999999964,0.2999999999999998,0.20000000000000018,0.0,0.0
1992-11-12,0.6,2.9,1.5,2.7,2.0,2.0,2.0,2.5,2.9,3.1,3.2,3.2,3.3,,2.4,3.1,2.7,1.8,2.4,2.8,2.2,2.0,1.7,2.0,1.5,1.4,1.3,,6.9,7.2,7.5,7.6,7.5,7.6,7.6,7.6,7.5,7.3,7.2,7.0,6.8,,3.6,2.9,3.5,2.6,3.0,3.1,2.7,2.5,2.3,2.3,2.1,2.0,2.0,,3.7,3.9,3.9,2.5,2.7,2.8,2.5,2.5,2.3,2.2,2.0,1.9,1.9,,,,,,,,,,,,,,,,,,,,,,,,,,,,,,-0.3,5.1,-0.1,3.4,2.0,2.3,2.1,2.6,3.2,3.3,3.6,3.1,2.8,,-5.2,3.0,16.1,0.3,10.7,5.4,5.8,6.3,6.6,7.2,7.8,7.4,6.8,,11.3,20.1,12.6,0.4,19.0,5.4,2.5,6.6,8.7,9.5,9.7,9.3,10.5,,-9.0,-3.0,-2.7,4.4,-5.7,-6.1,-5.9,-5.4,-4.9,-4.4,-3.9,-3.9,-3.9,,1.4,5.1,-0.2,0.4,0.0,0.1,0.5,0.5,1.0,1.1,1.1,1.3,1.3,,2.8,6.2,4.3,4.5,4.5,4.9,4.2,4.5,4.7,5.2,4.7,4.6,4.6,,1.1,1.26,1.14,1.2,1.23,1.23,1.26,1.3,1.34,1.38,1.42,1.45,1.48,,-0.7,-2.9,5.2,1.6,0.0,3.4,3.2,3.7,4.2,4.6,4.4,4.6,4.7,,-0.6,2.3,-1.4,1.2000000000000002,0.10000000000000009,0.8,0.0,0.0,0.0,-0.19999999999999973,-0.2999999999999998,-0.09999999999999964,0.19999999999999973,,0.0,0.7000000000000002,-0.3999999999999999,-0.9000000000000001,-0.10000000000000009,0.6999999999999997,-0.5,-0.20000000000000018,-0.30000000000000004,0.19999999999999996,-0.7000000000000002,-0.30000000000000004,-0.19999999999999996,,0.10000000000000053,0.2999999999999998,0.2999999999999998,0.09999999999999964,-0.09999999999999964,-0.20000000000000018,-0.20000000000000018,-0.20000000000000018,-0.20000000000000018,-0.20000000000000018,-0.09999999999999964,-0.09999999999999964,-0.20000000000000018,,0.8999999999999999,-0.7000000000000002,0.6000000000000001,-0.8999999999999999,0.10000000000000009,-0.5,-0.3999999999999999,-0.2999999999999998,-0.40000000000000036,-0.30000000000000027,-0.2999999999999998,-0.20000000000000018,0.0,,-0.2999999999999998,0.19999999999999973,0.0,-1.4,0.0,-0.7000000000000002,-0.3999999999999999,-0.20000000000000018,-0.40000000000000036,-0.3999999999999999,-0.3999999999999999,-0.30000000000000027,-0.10000000000000009,,,,,,,,,,,,,,,,,,,,,,,,,,,,,,-1.8,5.3999999999999995,-5.199999999999999,3.5,-1.5,1.0999999999999999,0.30000000000000004,0.7000000000000002,0.6000000000000001,-0.5,-0.19999999999999973,-0.5,-0.6000000000000001,,-1.8000000000000003,8.2,13.100000000000001,-15.8,7.999999999999999,0.7000000000000002,0.20000000000000018,0.39999999999999947,0.1999999999999993,0.40000000000000036,0.39999999999999947,-0.2999999999999998,-0.2999999999999998,,-3.0999999999999996,8.8,-7.500000000000002,-12.2,17.5,-0.5,-4.6,1.5999999999999996,0.29999999999999893,0.1999999999999993,2.0999999999999996,3.000000000000001,5.1,,-2.5,6.0,0.2999999999999998,7.1000000000000005,-11.3,-0.5999999999999996,-0.40000000000000036,0.09999999999999964,-0.3000000000000007,-0.9000000000000004,-0.5,-0.3999999999999999,-0.2999999999999998,,0.4999999999999999,3.6999999999999997,-5.3,0.6000000000000001,-1.9,0.7,0.6,0.0,0.9,0.20000000000000007,0.0,0.0,-0.09999999999999987,,-1.2000000000000002,3.4000000000000004,-1.9000000000000004,0.20000000000000018,0.20000000000000018,1.5000000000000004,-0.5999999999999996,-0.20000000000000018,-0.2999999999999998,0.10000000000000053,-1.0999999999999996,-0.40000000000000036,-0.10000000000000053,,0.06000000000000005,0.15999999999999992,-0.1200000000000001,0.06000000000000005,0.040000000000000036,-0.010000000000000009,-0.010000000000000009,0.0,0.0,0.009999999999999787,0.020000000000000018,0.020000000000000018,0.030000000000000027,,-7.3,-2.2,8.1,-3.6999999999999997,-0.6,5.4,-0.3999999999999999,-0.5,-0.09999999999999964,0.09999999999999964,-0.39999999999999947,0.09999999999999964,0.8000000000000003,
1992-12-16,0.6,2.9,1.5,3.9,3.3,2.7,2.7,2.7,2.6,2.7,2.7,3.0,3.0,,2.4,3.1,2.7,1.7,2.8,3.2,2.2,2.4,2.2,2.5,2.1,1.9,1.8,,6.9,7.2,7.5,7.6,7.3,7.3,7.2,7.1,7.0,6.9,6.8,6.7,6.6,,3.6,2.9,3.5,2.6,3.5,2.4,3.0,2.9,2.6,2.5,2.4,2.3,2.2,,3.7,3.9,3.9,2.5,3.7,3.0,2.8,2.7,2.6,2.5,2.4,2.3,2.2,,,,,,,,,,,,,,,,,,,,,,,,,,,,,,-0.3,5.1,-0.1,3.7,4.7,3.0,2.9,3.1,3.3,3.2,3.3,3.2,3.0,,-5.2,3.0,16.1,1.9,7.9,7.8,10.1,6.8,7.1,7.5,7.8,7.8,7.9,,11.3,20.1,12.6,0.8,18.6,12.6,6.9,5.2,5.7,6.8,6.6,6.6,8.0,,-9.0,-3.0,-2.7,6.3,-6.6,-6.1,-5.9,-5.4,-5.0,-4.5,-4.0,-4.0,-4.1,,1.4,5.1,-0.2,1.4,0.0,0.6,0.8,1.2,1.8,1.9,2.0,2.1,2.2,,2.8,6.2,4.3,5.6,6.2,6.0,5.0,5.1,4.9,5.3,4.9,4.9,4.9,,1.1,1.26,1.14,1.19,1.24,1.28,1.31,1.34,1.37,1.4,1.43,1.45,1.48,,-0.7,-2.9,5.2,2.1,2.4,5.4,4.5,3.5,3.8,3.7,3.6,4.1,4.3,,0.0,0.0,0.0,1.1999999999999997,1.2999999999999998,0.7000000000000002,0.7000000000000002,0.20000000000000018,-0.2999999999999998,-0.3999999999999999,-0.5,-0.20000000000000018,-0.2999999999999998,,0.0,0.0,0.0,-0.10000000000000009,0.3999999999999999,0.40000000000000036,0.0,0.3999999999999999,0.5000000000000002,0.5,0.6000000000000001,0.5,0.5,,0.0,0.0,0.0,0.0,-0.20000000000000018,-0.2999999999999998,-0.39999999999999947,-0.5,-0.5,-0.39999999999999947,-0.40000000000000036,-0.2999999999999998,-0.20000000000000018,,0.0,0.0,0.0,0.0,0.5,-0.7000000000000002,0.2999999999999998,0.3999999999999999,0.30000000000000027,0.20000000000000018,0.2999999999999998,0.2999999999999998,0.20000000000000018,,0.0,0.0,0.0,0.0,1.0,0.20000000000000018,0.2999999999999998,0.20000000000000018,0.30000000000000027,0.2999999999999998,0.3999999999999999,0.3999999999999999,0.30000000000000027,,,,,,,,,,,,,,,,,,,,,,,,,,,,,,0.0,0.0,0.0,0.30000000000000027,2.7,0.7000000000000002,0.7999999999999998,0.5,0.09999999999999964,-0.09999999999999964,-0.30000000000000027,0.10000000000000009,0.20000000000000018,,0.0,0.0,0.0,1.5999999999999999,-2.799999999999999,2.3999999999999995,4.3,0.5,0.5,0.2999999999999998,0.0,0.39999999999999947,1.1000000000000005,,0.0,0.0,0.0,0.4,-0.3999999999999986,7.199999999999999,4.4,-1.3999999999999995,-2.999999999999999,-2.7,-3.0999999999999996,-2.700000000000001,-2.5,,0.0,0.0,0.0,1.8999999999999995,-0.8999999999999995,0.0,0.0,0.0,-0.09999999999999964,-0.09999999999999964,-0.10000000000000009,-0.10000000000000009,-0.19999999999999973,,0.0,0.0,0.0,0.9999999999999999,0.0,0.5,0.30000000000000004,0.7,0.8,0.7999999999999998,0.8999999999999999,0.8,0.9000000000000001,,0.0,0.0,0.0,1.0999999999999996,1.7000000000000002,1.0999999999999996,0.7999999999999998,0.5999999999999996,0.20000000000000018,0.09999999999999964,0.20000000000000018,0.3000000000000007,0.3000000000000007,,0.0,0.0,0.0,-0.010000000000000009,0.010000000000000009,0.050000000000000044,0.050000000000000044,0.040000000000000036,0.030000000000000027,0.020000000000000018,0.010000000000000009,0.0,0.0,,0.0,0.0,0.0,0.5,2.4,2.0000000000000004,1.2999999999999998,-0.20000000000000018,-0.40000000000000036,-0.8999999999999995,-0.8000000000000003,-0.5,-0.40000000000000036,
1993-01-27,,,,,,,,,,,,,,,,,,,,,,,,,,,,,,,,,,,,,,,,,,,,,,,,,,,,,,,,,,,,,,,,,,,,,,,,,,,,,,,,,,,,,,,,,,,,,,,,,,,,,,,,,,,,,,,,,,,,,,,,,,,,,,,,,,,,,,,,,,,,,,,,,,,,,,,,,,,,,,,,,,,,,,,,,,,,,,,,,,,,,,,,,,,,,,,,,,,,,,,,,,,,,,,,,,,,,,,,,,,,,,,,,,,,,,,,,,,,,,,,,,,,,,,,,,,,,,,,,,,,,,,,,,,,,,,,,,,,,,,,,,,,,,,,,,,,,,,,,,,,,,,,,,,,,,,,,,,,,,,,,,,,,,,,,,,,,,,,,,,,,,,,,,,,,,,,,,,,,,,,,,,,,,,,,,,,,,,,,,,,,,,,,,,,,,,,,,,,,,,,,,,,,,,,,,,,,,,,,,,,
1993-01-29,2.9,1.5,3.4,3.8,2.7,2.9,2.9,2.9,2.9,3.0,3.0,3.1,,,3.1,2.7,1.8,1.8,3.4,2.2,2.2,2.1,2.3,2.0,1.8,1.7,,,7.3,7.5,7.5,7.3,7.2,7.2,7.1,7.0,6.9,6.8,6.7,6.6,,,2.9,3.5,2.6,3.2,2.4,2.8,2.7,2.6,2.5,2.4,2.3,2.2,,,3.9,3.9,2.5,3.6,2.9,2.9,2.8,2.7,2.5,2.4,2.3,2.2,,,,,,,,,,,,,,,,,,,,,,,,,,,,,,,5.1,-0.1,3.7,4.3,2.6,3.3,3.1,3.3,3.1,3.5,3.2,3.3,,,3.0,16.1,3.1,9.7,6.4,9.7,9.2,8.7,7.7,7.8,7.7,7.8,,,20.1,12.6,0.2,29.1,12.7,7.9,6.4,6.3,5.3,5.0,4.3,4.0,,,-3.0,-2.7,7.5,-3.3,-7.1,-5.9,-5.4,-5.0,-4.5,-4.0,-4.0,-4.0,,,5.1,-0.2,1.4,-0.6,0.6,0.8,1.2,1.8,1.9,2.0,2.1,2.2,,,6.2,4.3,5.3,5.7,6.2,5.1,5.1,5.0,5.2,5.0,4.9,4.8,,,1.26,1.14,1.19,1.25,1.3,1.33,1.36,1.39,1.41,1.43,1.45,1.47,,,-2.9,5.2,2.3,3.7,5.9,5.1,3.3,3.4,4.0,3.8,3.7,3.8,,,,,,,,,,,,,,,,,,,,,,,,,,,,,,,,,,,,,,,,,,,,,,,,,,,,,,,,,,,,,,,,,,,,,,,,,,,,,,,,,,,,,,,,,,,,,,,,,,,,,,,,,,,,,,,,,,,,,,,,,,,,,,,,,,,,,,,,,,,,,,,,,,,,,,,,,,,,,,,,,,,,,,,,,,,,,,,,,,,,,,,,,,,,,,,,,,,,,,,,,,,,,,,,,,,,
1993-03-17,2.9,1.5,3.4,4.8,3.0,2.7,2.8,2.9,2.9,2.9,2.9,2.9,,,3.1,2.7,1.8,2.2,3.5,2.6,2.2,2.2,2.2,2.2,2.3,2.1,,,7.3,7.5,7.5,7.3,7.0,7.0,6.9,6.9,6.8,6.8,6.6,6.6,,,3.5,2.9,2.9,3.2,3.8,2.7,2.3,2.6,2.7,2.7,2.9,2.6,,,4.2,3.3,2.7,3.6,4.3,3.0,2.7,2.7,2.7,2.7,2.6,2.6,,,,,,,,,,,,,,,,,,,,,,,,,,,,,,,5.1,-0.1,3.7,4.8,3.2,3.3,2.7,2.9,2.9,3.1,2.8,2.9,,,3.0,16.1,3.1,9.9,9.6,10.3,9.7,10.0,9.1,9.5,9.9,11.6,,,20.1,12.6,0.2,26.1,6.7,7.5,9.6,7.7,6.3,4.6,3.1,3.7,,,-3.0,-2.7,7.5,-4.0,-5.9,-6.2,-6.0,-5.1,-5.0,-4.5,-3.4,-3.5,,,5.1,-0.2,1.4,-0.8,-1.3,0.7,4.7,1.0,2.5,2.5,2.7,1.6,,,6.2,4.3,5.3,7.1,6.7,5.4,5.0,5.2,5.2,5.1,5.2,5.1,,,1.26,1.14,1.18,1.25,1.22,1.32,1.37,1.39,1.41,1.43,1.45,1.47,,,-2.9,5.2,2.3,4.4,5.5,5.6,3.9,3.9,3.7,3.7,3.5,3.8,,,0.0,0.0,0.0,1.0,0.2999999999999998,-0.19999999999999973,-0.10000000000000009,0.0,0.0,-0.10000000000000009,-0.10000000000000009,-0.20000000000000018,,,0.0,0.0,0.0,0.40000000000000013,0.10000000000000009,0.3999999999999999,0.0,0.10000000000000009,-0.09999999999999964,0.20000000000000018,0.4999999999999998,0.40000000000000013,,,0.0,0.0,0.0,0.0,-0.20000000000000018,-0.20000000000000018,-0.1999999999999993,-0.09999999999999964,-0.10000000000000053,0.0,-0.10000000000000053,0.0,,,0.6000000000000001,-0.6000000000000001,0.2999999999999998,0.0,1.4,-0.09999999999999964,-0.40000000000000036,0.0,0.20000000000000018,0.30000000000000027,0.6000000000000001,0.3999999999999999,,,0.30000000000000027,-0.6000000000000001,0.20000000000000018,0.0,1.4,0.10000000000000009,-0.09999999999999964,0.0,0.20000000000000018,0.30000000000000027,0.30000000000000027,0.3999999999999999,,,,,,,,,,,,,,,,,,,,,,,,,,,,,,,0.0,0.0,0.0,0.5,0.6000000000000001,0.0,-0.3999999999999999,-0.3999999999999999,-0.20000000000000018,-0.3999999999999999,-0.40000000000000036,-0.3999999999999999,,,0.0,0.0,0.0,0.20000000000000107,3.1999999999999993,0.6000000000000014,0.5,1.3000000000000007,1.3999999999999995,1.7000000000000002,2.2,3.8,,,0.0,0.0,0.0,-3.0,-5.999999999999999,-0.40000000000000036,3.1999999999999993,1.4000000000000004,1.0,-0.40000000000000036,-1.1999999999999997,-0.2999999999999998,,,0.0,0.0,0.0,-0.7000000000000002,1.1999999999999993,-0.2999999999999998,-0.5999999999999996,-0.09999999999999964,-0.5,-0.5,0.6000000000000001,0.5,,,0.0,0.0,0.0,-0.20000000000000007,-1.9,-0.10000000000000009,3.5,-0.8,0.6000000000000001,0.5,0.6000000000000001,-0.6000000000000001,,,0.0,0.0,0.0,1.3999999999999995,0.5,0.3000000000000007,-0.09999999999999964,0.20000000000000018,0.0,0.09999999999999964,0.2999999999999998,0.2999999999999998,,,0.0,0.0,-0.010000000000000009,0.0,-0.08000000000000007,-0.010000000000000009,0.010000000000000009,0.0,0.0,0.0,0.0,0.0,,,0.0,0.0,0.0,0.7000000000000002,-0.40000000000000036,0.5,0.6000000000000001,0.5,-0.2999999999999998,-0.09999999999999964,-0.20000000000000018,0.0,,
1993-05-14,1.5,3.4,4.7,1.8,2.0,2.5,2.6,2.7,2.7,2.7,2.7,,,,2.7,1.8,2.3,3.3,2.2,2.2,2.4,2.4,2.4,2.5,2.2,,,,7.5,7.5,7.3,7.0,7.0,7.0,7.0,6.9,6.8,6.7,6.7,,,,2.9,2.9,3.2,3.7,2.9,2.7,3.1,3.1,3.0,3.3,2.9,,,,3.3,2.7,3.6,4.1,3.3,2.8,3.0,3.0,3.0,3.0,2.9,,,,,,,,,,,,,,,,,,,,,,,,,,,,,,,,-0.1,3.7,5.1,1.2,1.8,2.9,2.7,2.4,2.4,2.5,2.5,,,,16.1,3.1,9.7,5.6,15.3,8.4,8.5,8.6,9.0,9.1,9.3,,,,12.6,0.2,25.1,0.2,2.7,7.6,8.3,7.9,5.2,3.2,4.5,,,,-2.7,7.5,-4.7,-15.3,8.1,-6.3,-5.2,-4.6,-3.9,-3.7,-3.7,,,,-0.2,1.4,-1.1,-0.1,1.1,2.1,0.2,2.1,2.1,2.3,2.0,,,,4.3,5.3,7.1,5.2,4.2,4.7,5.0,5.1,5.1,5.2,4.9,,,,1.14,1.18,1.25,1.16,1.26,1.3,1.32,1.34,1.36,1.39,1.41,,,,4.8,0.8,6.7,5.3,2.2,3.7,3.7,3.7,3.6,3.6,3.5,,,,-1.4,1.9,1.3000000000000003,-3.0,-1.0,-0.20000000000000018,-0.19999999999999973,-0.19999999999999973,-0.19999999999999973,-0.19999999999999973,-0.19999999999999973,,,,-0.3999999999999999,-0.9000000000000001,0.4999999999999998,1.0999999999999996,-1.2999999999999998,-0.3999999999999999,0.19999999999999973,0.19999999999999973,0.19999999999999973,0.2999999999999998,-0.09999999999999964,,,,0.20000000000000018,0.0,-0.20000000000000018,-0.2999999999999998,0.0,0.0,0.09999999999999964,0.0,0.0,-0.09999999999999964,0.10000000000000053,,,,-0.6000000000000001,0.0,0.30000000000000027,0.5,-0.8999999999999999,0.0,0.8000000000000003,0.5,0.2999999999999998,0.5999999999999996,0.0,,,,-0.9000000000000004,-0.5999999999999996,0.8999999999999999,0.49999999999999956,-1.0,-0.20000000000000018,0.2999999999999998,0.2999999999999998,0.2999999999999998,0.2999999999999998,0.2999999999999998,,,,,,,,,,,,,,,,,,,,,,,,,,,,,,,,-5.199999999999999,3.8000000000000003,1.3999999999999995,-3.5999999999999996,-1.4000000000000001,-0.3999999999999999,0.0,-0.5,-0.5,-0.6000000000000001,-0.2999999999999998,,,,13.100000000000001,-13.000000000000002,6.6,-4.300000000000001,5.700000000000001,-1.9000000000000004,-1.1999999999999993,-1.4000000000000004,-0.09999999999999964,-0.40000000000000036,-0.5999999999999996,,,,-7.500000000000002,-12.4,24.900000000000002,-25.900000000000002,-4.0,0.09999999999999964,-1.299999999999999,0.20000000000000018,-1.0999999999999996,-1.3999999999999995,1.4,,,,0.2999999999999998,10.2,-12.2,-11.3,14.0,-0.09999999999999964,0.7999999999999998,0.5,1.1,0.7999999999999998,-0.30000000000000027,,,,-5.3,1.5999999999999999,-2.5,0.7000000000000001,2.4000000000000004,1.4000000000000001,-4.5,1.1,-0.3999999999999999,-0.20000000000000018,-0.7000000000000002,,,,-1.9000000000000004,1.0,1.7999999999999998,-1.8999999999999995,-2.5,-0.7000000000000002,0.0,-0.10000000000000053,-0.10000000000000053,0.10000000000000053,-0.2999999999999998,,,,-0.1200000000000001,0.040000000000000036,0.07000000000000006,-0.09000000000000008,0.040000000000000036,-0.020000000000000018,-0.050000000000000044,-0.04999999999999982,-0.04999999999999982,-0.040000000000000036,-0.040000000000000036,,,,7.699999999999999,-4.4,4.4,0.8999999999999995,-3.3,-1.8999999999999995,-0.19999999999999973,-0.19999999999999973,-0.10000000000000009,-0.10000000000000009,0.0,,,
1993-06-30,1.5,3.4,4.7,0.7,2.5,2.2,2.5,2.5,2.6,2.6,2.7,,,,,1.8,2.3,3.5,2.6,2.2,2.9,2.6,2.5,2.3,2.2,,,,7.5,7.5,7.3,7.0,7.0,7.0,6.9,6.9,6.9,6.8,6.8,,,,2.9,2.9,3.2,3.7,3.1,2.4,4.0,3.5,3.1,2.9,2.9,,,,,2.7,3.6,4.1,3.4,2.8,2.9,3.5,3.1,3.0,3.0,,,,,,,,,,,,,,,,,,,,,,,,,,,,,,,,,3.7,5.1,0.8,3.2,2.8,2.0,2.1,2.3,2.4,2.5,,,,,3.1,9.7,13.1,12.8,7.3,7.6,8.1,8.3,8.3,8.3,,,,,0.2,25.1,1.4,-2.5,2.9,12.9,10.3,6.4,3.5,4.6,,,,,7.5,-4.7,-17.9,5.4,-2.8,-5.3,-4.4,-3.6,-3.5,-3.7,,,,,1.4,-1.1,0.5,1.1,1.6,0.6,2.1,2.0,2.0,2.4,,,,4.3,5.3,7.1,4.3,5.2,4.4,5.5,5.1,5.1,4.9,4.9,,,,,1.18,1.25,1.16,1.22,1.28,1.31,1.34,1.36,1.39,1.41,,,,,0.8,6.7,5.5,1.8,1.8,3.2,3.2,3.2,3.2,3.2,,,,0.0,0.0,0.0,-1.1,0.5,-0.2999999999999998,-0.10000000000000009,-0.20000000000000018,-0.10000000000000009,-0.10000000000000009,0.0,,,,,0.0,0.0,0.20000000000000018,0.3999999999999999,0.0,0.5,0.20000000000000018,0.10000000000000009,-0.20000000000000018,0.0,,,,0.0,0.0,0.0,0.0,0.0,0.0,-0.09999999999999964,0.0,0.10000000000000053,0.09999999999999964,0.09999999999999964,,,,0.0,0.0,0.0,0.0,0.20000000000000018,-0.30000000000000027,0.8999999999999999,0.3999999999999999,0.10000000000000009,-0.3999999999999999,0.0,,,,,0.0,0.0,0.0,0.10000000000000009,0.0,-0.10000000000000009,0.5,0.10000000000000009,0.0,0.10000000000000009,,,,,,,,,,,,,,,,,,,,,,,,,,,,,,,,,0.0,0.0,-0.3999999999999999,1.4000000000000001,-0.10000000000000009,-0.7000000000000002,-0.2999999999999998,-0.10000000000000009,-0.10000000000000009,0.0,,,,,0.0,0.0,7.5,-2.5,-1.1000000000000005,-0.9000000000000004,-0.5,-0.6999999999999993,-0.7999999999999989,-1.0,,,,,0.0,0.0,1.2,-5.2,-4.699999999999999,4.6,2.4000000000000004,1.2000000000000002,0.2999999999999998,0.09999999999999964,,,,,0.0,0.0,-2.599999999999998,-2.6999999999999993,3.5,-0.09999999999999964,0.1999999999999993,0.2999999999999998,0.20000000000000018,0.0,,,,,0.0,0.0,0.6,0.0,-0.5,0.39999999999999997,0.0,-0.10000000000000009,-0.2999999999999998,0.3999999999999999,,,,0.0,0.0,0.0,-0.9000000000000004,1.0,-0.2999999999999998,0.5,0.0,0.0,-0.2999999999999998,0.0,,,,,0.0,0.0,0.0,-0.040000000000000036,-0.020000000000000018,-0.010000000000000009,0.0,0.0,0.0,0.0,,,,,0.0,0.0,0.20000000000000018,-0.40000000000000013,-1.9000000000000001,-0.5,-0.5,-0.3999999999999999,-0.3999999999999999,-0.2999999999999998,,,
1993-08-11,3.4,4.7,0.7,1.6,2.3,2.4,2.8,2.3,2.4,2.4,,,,,1.8,2.3,3.5,2.4,2.5,3.0,2.5,2.6,2.3,2.2,,,,,7.5,7.3,7.0,7.0,6.9,6.9,6.9,6.8,6.8,6.8,,,,,2.9,3.2,3.7,2.8,1.9,4.2,3.7,3.2,3.0,2.9,,,,,2.7,3.6,4.1,3.5,2.5,3.1,3.5,3.1,3.0,3.0,,,,,,,,,,,,,,,,,,,,,,,,,,,,,,,,,3.7,5.1,0.8,3.8,2.3,2.6,2.0,2.1,2.2,2.3,,,,,3.1,9.7,13.1,13.3,5.4,6.3,7.3,7.6,7.4,7.5,,,,,0.2,25.1,1.4,-9.5,6.7,11.5,14.3,5.5,4.4,2.0,,,,,7.5,-4.7,-17.9,-3.0,0.8,-5.3,-4.9,-4.0,-3.8,-3.7,,,,,1.4,-1.1,0.5,2.3,2.4,1.3,2.0,1.9,1.9,2.1,,,,,5.3,7.1,4.3,4.0,4.8,5.4,5.4,4.9,4.8,4.7,,,,,1.18,1.25,1.16,1.24,1.28,1.31,1.35,1.38,1.41,1.42,,,,,0.8,6.7,5.5,1.9,2.2,3.2,3.0,3.0,3.0,3.0,,,,,1.9,1.3000000000000003,-4.0,0.9000000000000001,-0.20000000000000018,0.19999999999999973,0.2999999999999998,-0.20000000000000018,-0.20000000000000018,-0.20000000000000018,,,,,,0.4999999999999998,1.2000000000000002,-1.1,-0.10000000000000009,0.7999999999999998,-0.3999999999999999,0.0,-0.20000000000000018,-0.09999999999999964,,,,,0.0,-0.20000000000000018,-0.2999999999999998,0.0,-0.09999999999999964,-0.09999999999999964,0.0,-0.10000000000000053,-0.10000000000000053,0.0,,,,,0.0,0.30000000000000027,0.5,-0.9000000000000004,-1.2000000000000002,1.8000000000000003,-0.2999999999999998,-0.2999999999999998,-0.10000000000000009,0.0,,,,,,0.8999999999999999,0.49999999999999956,-0.5999999999999996,-0.8999999999999999,0.30000000000000027,0.6000000000000001,-0.3999999999999999,-0.10000000000000009,0.0,,,,,,,,,,,,,,,,,,,,,,,,,,,,,,,,,,1.3999999999999995,-4.3,3.0,-0.9000000000000004,-0.19999999999999973,0.0,0.0,-0.09999999999999964,-0.10000000000000009,,,,,,6.6,3.4000000000000004,0.20000000000000107,-7.4,-1.0,-0.2999999999999998,-0.5,-0.9000000000000004,-0.8000000000000007,,,,,,24.900000000000002,-23.700000000000003,-10.9,9.2,8.6,1.4000000000000004,-4.800000000000001,-2.0,-1.5,,,,,,-12.2,-13.2,14.899999999999999,-4.6000000000000005,-2.5,0.39999999999999947,0.40000000000000036,-0.19999999999999973,-0.20000000000000018,,,,,,-2.5,1.6,1.7999999999999998,1.2999999999999998,-0.30000000000000004,1.4,-0.20000000000000018,-0.10000000000000009,0.10000000000000009,,,,,1.0,1.7999999999999998,-2.8,-0.2999999999999998,-0.40000000000000036,1.0,-0.09999999999999964,-0.1999999999999993,-0.2999999999999998,-0.20000000000000018,,,,,,0.07000000000000006,-0.09000000000000008,0.08000000000000007,0.06000000000000005,0.030000000000000027,0.040000000000000036,0.039999999999999813,0.04999999999999982,0.030000000000000027,,,,,,5.9,-1.2000000000000002,-3.6,0.40000000000000013,1.4000000000000001,-0.20000000000000018,-0.20000000000000018,-0.20000000000000018,-0.20000000000000018,,,,
1993-09-15,3.4,5.7,0.8,1.8,1.2,3.4,3.0,2.3,2.4,2.4,,,,,1.2,3.3,3.6,2.3,2.3,2.3,2.3,2.3,2.1,2.0,,,,,7.5,7.3,7.0,7.0,6.8,6.7,6.7,6.7,6.7,6.7,,,,,2.9,3.2,3.7,2.8,1.5,3.6,3.8,3.0,2.8,2.7,,,,,2.7,3.6,4.1,3.5,2.2,2.7,3.3,2.9,2.8,2.8,,,,,,,,,,,,,,,,,,,,,,,,,,,,,,,,,4.2,5.6,0.8,3.2,3.3,2.3,2.2,1.9,2.2,2.3,,,,,3.8,7.6,14.4,14.4,5.5,10.7,7.5,7.7,7.9,8.0,,,,,1.2,32.8,1.5,-8.4,4.6,17.1,14.7,3.9,2.7,1.7,,,,,8.7,-3.5,-16.2,3.1,-3.3,-5.6,-4.9,-4.0,-3.8,-3.7,,,,,1.2,0.0,0.3,5.0,3.7,1.8,2.0,1.8,1.8,2.0,,,,,4.6,9.2,4.4,4.2,3.5,5.8,5.4,4.7,4.6,4.5,,,,,1.18,1.25,1.16,1.23,1.28,1.34,1.37,1.39,1.42,1.43,,,,,0.8,6.7,5.5,2.3,2.8,4.3,4.3,2.7,3.2,2.9,,,,,0.0,1.0,0.10000000000000009,0.19999999999999996,-1.0999999999999999,1.0,0.20000000000000018,0.0,0.0,0.0,,,,,-0.6000000000000001,1.0,0.10000000000000009,-0.10000000000000009,-0.20000000000000018,-0.7000000000000002,-0.20000000000000018,-0.30000000000000027,-0.19999999999999973,-0.20000000000000018,,,,,0.0,0.0,0.0,0.0,-0.10000000000000053,-0.20000000000000018,-0.20000000000000018,-0.09999999999999964,-0.09999999999999964,-0.09999999999999964,,,,,0.0,0.0,0.0,0.0,-0.3999999999999999,-0.6000000000000001,0.09999999999999964,-0.20000000000000018,-0.20000000000000018,-0.19999999999999973,,,,,0.0,0.0,0.0,0.0,-0.2999999999999998,-0.3999999999999999,-0.20000000000000018,-0.20000000000000018,-0.20000000000000018,-0.20000000000000018,,,,,,,,,,,,,,,,,,,,,,,,,,,,,,,,,0.5,0.5,0.0,-0.5999999999999996,1.0,-0.30000000000000027,0.20000000000000018,-0.20000000000000018,0.0,0.0,,,,,0.6999999999999997,-2.0999999999999996,1.3000000000000007,1.0999999999999996,0.09999999999999964,4.3999999999999995,0.20000000000000018,0.10000000000000053,0.5,0.5,,,,,1.0,7.699999999999996,0.10000000000000009,1.0999999999999996,-2.1000000000000005,5.600000000000001,0.3999999999999986,-1.6,-1.7000000000000002,-0.30000000000000004,,,,,1.1999999999999993,1.2000000000000002,1.6999999999999993,6.1,-4.1,-0.2999999999999998,0.0,0.0,0.0,0.0,,,,,-0.19999999999999996,1.1,-0.2,2.7,1.3000000000000003,0.5,0.0,-0.09999999999999987,-0.09999999999999987,-0.10000000000000009,,,,,-0.7000000000000002,2.0999999999999996,0.10000000000000053,0.20000000000000018,-1.2999999999999998,0.39999999999999947,0.0,-0.20000000000000018,-0.20000000000000018,-0.20000000000000018,,,,,0.0,0.0,0.0,-0.010000000000000009,0.0,0.030000000000000027,0.020000000000000018,0.010000000000000009,0.010000000000000009,0.010000000000000009,,,,,0.0,0.0,0.0,0.3999999999999999,0.5999999999999996,1.0999999999999996,1.2999999999999998,-0.2999999999999998,0.20000000000000018,-0.10000000000000009,,,,
1993-11-10,5.7,0.8,1.9,2.8,4.0,2.7,2.3,2.4,2.4,2.5,2.5,2.5,2.5,,3.3,3.6,2.3,1.5,2.5,2.6,2.5,2.1,2.0,2.3,2.0,1.9,1.9,,7.3,7.0,7.0,6.7,6.8,6.7,6.7,6.7,6.7,6.7,6.7,6.6,6.6,,3.2,3.7,2.8,1.4,3.2,3.6,3.1,2.9,2.8,3.0,2.7,2.6,2.6,,3.6,4.1,3.5,1.9,2.8,3.2,2.8,2.8,2.8,3.1,2.7,2.6,2.6,,,,,,,,,,,,,,,,,,,,,,,,,,,,,,5.6,0.8,3.4,4.2,2.5,1.8,1.7,2.3,2.1,2.0,2.0,2.2,2.2,,7.6,14.4,16.6,6.3,15.1,9.5,8.9,8.1,8.2,8.3,8.4,8.3,8.4,,32.8,1.5,-9.5,10.1,19.1,13.7,7.6,5.1,4.0,3.2,2.0,1.3,0.5,,-3.5,-16.2,2.0,-6.1,-4.2,-3.7,-4.1,-3.8,-3.7,-2.8,-2.6,-2.5,-2.3,,0.0,0.3,5.6,2.1,1.0,2.0,1.8,1.8,2.0,2.2,2.2,2.2,2.3,,9.2,4.4,4.3,4.4,6.6,5.3,4.8,4.6,4.5,4.9,4.5,4.4,4.4,,1.25,1.16,1.23,1.3,1.36,1.37,1.39,1.39,1.41,1.41,1.43,1.43,1.43,,6.7,5.5,2.3,1.8,5.4,4.0,3.0,3.2,3.5,3.2,3.2,3.2,3.2,,2.3000000000000003,-4.9,1.0999999999999999,0.9999999999999998,2.8,-0.6999999999999997,-0.7000000000000002,0.10000000000000009,0.0,0.10000000000000009,,,,,2.0999999999999996,0.30000000000000027,-1.3000000000000003,-0.7999999999999998,0.20000000000000018,0.30000000000000027,0.20000000000000018,-0.19999999999999973,-0.10000000000000009,0.2999999999999998,,,,,-0.20000000000000018,-0.2999999999999998,0.0,-0.2999999999999998,0.0,0.0,0.0,0.0,0.0,0.0,,,,,0.30000000000000027,0.5,-0.9000000000000004,-1.4,1.7000000000000002,0.0,-0.6999999999999997,-0.10000000000000009,0.0,0.2999999999999998,,,,,0.8999999999999999,0.49999999999999956,-0.5999999999999996,-1.6,0.5999999999999996,0.5,-0.5,-0.10000000000000009,0.0,0.30000000000000027,,,,,,,,,,,,,,,,,,,,,,,,,,,,,,,,,1.3999999999999995,-4.8,2.5999999999999996,1.0,-0.7999999999999998,-0.4999999999999998,-0.5000000000000002,0.3999999999999999,-0.10000000000000009,-0.2999999999999998,,,,,3.8,6.800000000000001,2.200000000000001,-8.100000000000001,9.6,-1.1999999999999993,1.4000000000000004,0.39999999999999947,0.29999999999999893,0.3000000000000007,,,,,31.599999999999998,-31.299999999999997,-11.0,18.5,14.500000000000002,-3.400000000000002,-7.1,1.1999999999999997,1.2999999999999998,1.5000000000000002,,,,,-12.2,-12.7,18.2,-9.2,-0.9000000000000004,1.8999999999999995,0.8000000000000007,0.20000000000000018,0.09999999999999964,0.9000000000000004,,,,,-1.2,0.3,5.3,-2.9,-2.7,0.19999999999999996,-0.19999999999999996,0.0,0.19999999999999996,0.20000000000000018,,,,,4.6,-4.799999999999999,-0.10000000000000053,0.20000000000000018,3.0999999999999996,-0.5,-0.6000000000000005,-0.10000000000000053,-0.09999999999999964,0.40000000000000036,,,,,0.07000000000000006,-0.09000000000000008,0.07000000000000006,0.07000000000000006,0.08000000000000007,0.030000000000000027,0.019999999999999796,0.0,-0.010000000000000009,-0.020000000000000018,,,,,5.9,-1.2000000000000002,-3.2,-0.4999999999999998,2.6000000000000005,-0.2999999999999998,-1.2999999999999998,0.5,0.2999999999999998,0.30000000000000027,,,,
1993-12-15,5.7,0.8,1.9,2.7,5.0,3.6,2.0,2.5,2.5,2.5,2.5,2.5,2.5,,3.3,3.6,2.3,1.6,2.3,2.7,2.6,2.4,2.1,2.4,2.1,2.0,2.0,,7.3,7.0,7.0,6.7,6.6,6.5,6.5,6.4,6.4,6.4,6.4,6.4,6.4,,3.2,3.7,2.8,1.4,2.9,2.9,3.5,3.2,3.0,3.0,2.9,2.9,2.9,,3.6,4.1,3.5,1.9,2.7,3.3,2.9,2.9,2.9,3.0,2.9,2.8,2.8,,,,,,,,,,,,,,,,,,,,,,,,,,,,,,5.6,0.8,3.4,4.4,4.0,2.4,2.2,2.5,2.4,2.1,2.0,1.9,1.8,,7.6,14.4,16.6,7.4,16.2,12.9,10.0,9.3,8.8,8.7,8.8,8.8,8.9,,32.8,1.5,-9.5,10.9,25.4,14.0,4.2,3.2,2.5,3.2,1.5,0.6,0.0,,-3.5,-16.2,2.0,-4.9,-4.8,-4.4,-4.6,-4.5,-3.8,-2.9,-2.7,-2.6,-2.4,,0.0,0.3,5.6,3.6,2.6,2.3,2.2,2.4,2.5,2.6,2.7,2.7,2.8,,9.2,4.4,4.3,4.3,7.4,6.5,4.6,5.0,4.7,5.0,4.7,4.5,4.5,,1.25,1.16,1.23,1.31,1.4,1.41,1.43,1.44,1.44,1.44,1.45,1.44,1.43,,6.7,5.5,2.3,2.6,7.1,5.5,2.6,3.3,3.4,3.3,3.3,3.3,3.3,,0.0,0.0,0.0,-0.09999999999999964,1.0,0.8999999999999999,-0.2999999999999998,0.10000000000000009,0.10000000000000009,0.0,0.0,0.0,0.0,,0.0,0.0,0.0,0.10000000000000009,-0.20000000000000018,0.10000000000000009,0.10000000000000009,0.2999999999999998,0.10000000000000009,0.10000000000000009,0.10000000000000009,0.10000000000000009,0.10000000000000009,,0.0,0.0,0.0,0.0,-0.20000000000000018,-0.20000000000000018,-0.20000000000000018,-0.2999999999999998,-0.2999999999999998,-0.2999999999999998,-0.2999999999999998,-0.1999999999999993,-0.1999999999999993,,0.0,0.0,0.0,0.0,-0.30000000000000027,-0.7000000000000002,0.3999999999999999,0.30000000000000027,0.20000000000000018,0.0,0.19999999999999973,0.2999999999999998,0.2999999999999998,,0.0,0.0,0.0,0.0,-0.09999999999999964,0.09999999999999964,0.10000000000000009,0.10000000000000009,0.10000000000000009,-0.10000000000000009,0.19999999999999973,0.19999999999999973,0.19999999999999973,,,,,,,,,,,,,,,,,,,,,,,,,,,,,,0.0,0.0,0.0,0.20000000000000018,1.5,0.5999999999999999,0.5000000000000002,0.20000000000000018,0.2999999999999998,0.10000000000000009,0.0,-0.30000000000000027,-0.40000000000000013,,0.0,0.0,0.0,1.1000000000000005,1.0999999999999996,3.4000000000000004,1.0999999999999996,1.200000000000001,0.6000000000000014,0.3999999999999986,0.40000000000000036,0.5,0.5,,0.0,0.0,0.0,0.8000000000000007,6.299999999999997,0.3000000000000007,-3.3999999999999995,-1.8999999999999995,-1.5,0.0,-0.5,-0.7000000000000001,-0.5,,0.0,0.0,0.0,1.1999999999999993,-0.5999999999999996,-0.7000000000000002,-0.5,-0.7000000000000002,-0.09999999999999964,-0.10000000000000009,-0.10000000000000009,-0.10000000000000009,-0.10000000000000009,,0.0,0.0,0.0,1.5,1.6,0.2999999999999998,0.40000000000000013,0.5999999999999999,0.5,0.3999999999999999,0.5,0.5,0.5,,0.0,0.0,0.0,-0.10000000000000053,0.8000000000000007,1.2000000000000002,-0.20000000000000018,0.40000000000000036,0.20000000000000018,0.09999999999999964,0.20000000000000018,0.09999999999999964,0.09999999999999964,,0.0,0.0,0.0,0.010000000000000009,0.039999999999999813,0.039999999999999813,0.040000000000000036,0.050000000000000044,0.030000000000000027,0.030000000000000027,0.020000000000000018,0.010000000000000009,0.0,,0.0,0.0,0.0,0.8,1.6999999999999993,1.5,-0.3999999999999999,0.09999999999999964,-0.10000000000000009,0.09999999999999964,0.09999999999999964,0.09999999999999964,0.09999999999999964,
1994-01-31,0.8,1.9,2.9,5.9,4.0,3.0,2.5,2.4,2.4,2.4,2.5,2.5,,,3.6,2.3,1.5,1.4,3.0,2.3,2.2,2.1,2.6,2.1,1.9,1.9,,,7.0,7.0,6.7,6.5,7.0,6.9,6.9,6.8,6.8,6.8,6.8,6.8,,,3.7,2.8,1.4,2.8,3.6,3.6,3.0,2.8,3.4,3.1,2.9,2.9,,,4.1,3.5,1.9,2.9,3.4,3.1,2.8,2.8,3.1,2.9,2.9,2.9,,,,,,,,,,,,,,,,,,,,,,,,,,,,,,,0.8,3.4,4.4,4.0,2.7,1.9,2.5,2.4,2.3,2.3,2.3,2.3,,,14.4,16.6,7.4,21.0,15.1,12.1,9.9,8.9,8.6,8.6,8.7,8.9,,,1.5,-9.5,11.9,31.7,23.6,11.8,3.2,-1.7,-1.1,-0.3,-0.1,-0.5,,,-16.2,2.0,-6.2,-4.3,-5.7,-3.7,-3.5,-3.2,-2.9,-2.7,-2.6,-2.4,,,0.3,5.6,4.5,1.6,4.4,2.2,2.1,2.3,2.2,2.6,2.7,2.7,,,4.4,4.3,4.4,7.4,7.2,5.3,4.7,4.5,5.1,4.6,4.5,4.4,,,1.16,1.23,1.31,1.46,1.44,1.53,1.49,1.48,1.47,1.48,1.47,1.48,,,5.5,2.3,2.6,7.5,6.3,3.2,3.3,3.2,3.2,3.0,2.9,2.8,,,-4.9,1.0999999999999999,1.0,3.2,-1.0,-0.6000000000000001,0.5,-0.10000000000000009,-0.10000000000000009,-0.10000000000000009,0.0,0.0,,,0.30000000000000027,-1.3000000000000003,-0.7999999999999998,-0.20000000000000018,0.7000000000000002,-0.40000000000000036,-0.3999999999999999,-0.2999999999999998,0.5,-0.2999999999999998,-0.20000000000000018,-0.10000000000000009,,,-0.2999999999999998,0.0,-0.2999999999999998,-0.20000000000000018,0.40000000000000036,0.40000000000000036,0.40000000000000036,0.39999999999999947,0.39999999999999947,0.39999999999999947,0.39999999999999947,0.39999999999999947,,,0.5,-0.9000000000000004,-1.4,1.4,0.7000000000000002,0.7000000000000002,-0.5,-0.40000000000000036,0.3999999999999999,0.10000000000000009,0.0,0.0,,,0.49999999999999956,-0.5999999999999996,-1.6,1.0,0.6999999999999997,-0.19999999999999973,-0.10000000000000009,-0.10000000000000009,0.20000000000000018,-0.10000000000000009,0.0,0.10000000000000009,,,,,,,,,,,,,,,,,,,,,,,,,,,,,,,-4.8,2.5999999999999996,1.0000000000000004,-0.40000000000000036,-1.2999999999999998,-0.5,0.2999999999999998,-0.10000000000000009,-0.10000000000000009,0.19999999999999973,0.2999999999999998,0.3999999999999999,,,6.800000000000001,2.200000000000001,-9.200000000000001,13.6,-1.0999999999999996,-0.8000000000000007,-0.09999999999999964,-0.40000000000000036,-0.20000000000000107,-0.09999999999999964,-0.10000000000000142,0.09999999999999964,,,-31.299999999999997,-11.0,21.4,20.799999999999997,-1.7999999999999972,-2.1999999999999993,-1.0,-4.9,-3.6,-3.5,-1.6,-1.1,,,-12.7,18.2,-8.2,0.6000000000000005,-0.9000000000000004,0.7000000000000002,1.0999999999999996,1.2999999999999998,0.8999999999999999,0.19999999999999973,0.10000000000000009,0.20000000000000018,,,0.3,5.3,-1.0999999999999996,-2.0,1.8000000000000003,-0.09999999999999964,-0.10000000000000009,-0.10000000000000009,-0.2999999999999998,0.0,0.0,0.0,,,-4.799999999999999,-0.10000000000000053,0.10000000000000053,3.1000000000000005,-0.20000000000000018,-1.2000000000000002,0.10000000000000053,-0.5,0.39999999999999947,-0.40000000000000036,-0.20000000000000018,-0.09999999999999964,,,-0.09000000000000008,0.07000000000000006,0.08000000000000007,0.1499999999999999,0.040000000000000036,0.1200000000000001,0.06000000000000005,0.040000000000000036,0.030000000000000027,0.040000000000000036,0.020000000000000018,0.040000000000000036,,,-1.2000000000000002,-3.2,0.30000000000000027,4.9,-0.7999999999999998,-2.3,0.6999999999999997,-0.09999999999999964,-0.19999999999999973,-0.2999999999999998,-0.3999999999999999,-0.5,,
1994-03-16,0.8,1.9,2.9,7.5,3.2,2.5,2.7,2.4,2.3,2.3,2.4,2.4,,,3.6,2.3,1.5,1.2,2.5,2.5,2.3,2.2,2.8,2.2,2.0,1.9,,,7.0,7.0,6.7,6.5,6.5,6.6,6.8,6.6,6.6,6.6,6.6,6.6,,,2.8,3.1,2.0,3.1,2.1,3.6,3.4,3.0,3.4,3.1,2.9,2.9,,,3.5,3.5,2.4,2.9,2.6,3.1,2.9,2.9,3.0,2.9,2.9,2.9,,,,,,,,,,,,,,,,,,,,,,,,,,,,,,,0.8,3.4,4.4,4.6,2.5,2.0,2.4,2.4,2.2,2.2,2.1,2.1,,,14.4,16.6,7.4,22.1,11.0,13.0,9.8,8.9,9.0,9.0,9.1,9.3,,,1.5,-9.5,11.9,31.0,9.6,14.4,2.9,-3.7,-2.2,-0.2,-0.5,-0.3,,,-16.2,2.0,-6.2,-4.7,-7.6,-2.7,-2.6,-3.3,-3.2,-2.9,-2.8,-2.5,,,0.3,5.6,4.5,3.1,2.0,3.1,3.1,2.2,2.1,2.6,2.7,2.7,,,4.4,4.3,4.4,8.8,5.7,5.0,5.0,4.7,5.1,4.6,4.4,4.3,,,1.15,1.24,1.31,1.48,1.37,1.52,1.45,1.44,1.44,1.44,1.44,1.44,,,5.2,2.3,2.8,6.7,8.0,3.0,2.8,2.7,3.0,3.0,3.0,3.0,,,0.0,0.0,0.0,1.5999999999999996,-0.7999999999999998,-0.5,0.20000000000000018,0.0,-0.10000000000000009,-0.10000000000000009,-0.10000000000000009,-0.10000000000000009,,,0.0,0.0,0.0,-0.19999999999999996,-0.5,0.20000000000000018,0.09999999999999964,0.10000000000000009,0.19999999999999973,0.10000000000000009,0.10000000000000009,0.0,,,0.0,0.0,0.0,0.0,-0.5,-0.3000000000000007,-0.10000000000000053,-0.20000000000000018,-0.20000000000000018,-0.20000000000000018,-0.20000000000000018,-0.20000000000000018,,,-0.9000000000000004,0.30000000000000027,0.6000000000000001,0.30000000000000027,-1.5,0.0,0.3999999999999999,0.20000000000000018,0.0,0.0,0.0,0.0,,,-0.5999999999999996,0.0,0.5,0.0,-0.7999999999999998,0.0,0.10000000000000009,0.10000000000000009,-0.10000000000000009,0.0,0.0,0.0,,,,,,,,,,,,,,,,,,,,,,,,,,,,,,,0.0,0.0,0.0,0.5999999999999996,-0.20000000000000018,0.10000000000000009,-0.10000000000000009,0.0,-0.09999999999999964,-0.09999999999999964,-0.19999999999999973,-0.19999999999999973,,,0.0,0.0,0.0,1.1000000000000014,-4.1,0.9000000000000004,-0.09999999999999964,0.0,0.40000000000000036,0.40000000000000036,0.40000000000000036,0.40000000000000036,,,0.0,0.0,0.0,-0.6999999999999993,-14.000000000000002,2.5999999999999996,-0.30000000000000027,-2.0,-1.1,0.09999999999999998,-0.4,0.2,,,0.0,0.0,0.0,-0.40000000000000036,-1.8999999999999995,1.0,0.8999999999999999,-0.09999999999999964,-0.30000000000000027,-0.19999999999999973,-0.19999999999999973,-0.10000000000000009,,,0.0,0.0,0.0,1.5,-2.4000000000000004,0.8999999999999999,1.0,-0.09999999999999964,-0.10000000000000009,0.0,0.0,0.0,,,0.0,0.0,0.0,1.4000000000000004,-1.5,-0.2999999999999998,0.2999999999999998,0.20000000000000018,0.0,0.0,-0.09999999999999964,-0.10000000000000053,,,-0.010000000000000009,0.010000000000000009,0.0,0.020000000000000018,-0.06999999999999984,-0.010000000000000009,-0.040000000000000036,-0.040000000000000036,-0.030000000000000027,-0.040000000000000036,-0.030000000000000027,-0.040000000000000036,,,-0.2999999999999998,0.0,0.19999999999999973,-0.7999999999999998,1.7000000000000002,-0.20000000000000018,-0.5,-0.5,-0.20000000000000018,0.0,0.10000000000000009,0.20000000000000018,,
1994-05-13,1.9,2.9,7.0,2.6,4.2,2.7,2.1,2.2,2.2,2.3,2.4,,,,,1.5,1.4,2.5,1.9,2.3,2.2,2.5,2.0,1.9,1.9,,,,7.0,6.7,6.5,6.6,6.5,6.8,6.6,6.6,6.6,6.6,6.6,,,,3.1,2.0,3.1,1.9,2.7,3.5,3.3,3.1,2.9,2.8,2.7,,,,,2.4,2.9,2.6,3.1,3.0,2.8,2.9,2.8,2.8,2.8,,,,,,,,,,,,,,,,,,,,,,,,,,,,,,,,,4.4,4.4,3.8,1.7,2.3,2.3,2.1,2.1,2.2,2.2,,,,,7.4,22.5,5.5,18.5,10.4,8.7,8.5,8.1,7.6,7.1,,,,,11.9,31.7,9.1,2.0,-3.1,-6.3,-2.2,1.1,2.1,3.1,,,,,-6.2,-5.2,-12.0,0.7,-1.5,-3.4,-3.2,-3.1,-3.0,-2.8,,,,,4.5,3.3,-2.6,5.3,3.1,2.1,2.0,2.3,2.4,2.4,,,,4.3,4.4,8.4,5.2,6.2,5.1,4.4,4.8,4.3,4.3,4.3,,,,,1.31,1.48,1.35,1.41,1.34,1.33,1.33,1.34,1.36,1.37,,,,,2.8,6.7,8.1,4.1,3.2,2.3,2.6,2.7,2.9,2.9,,,,1.0999999999999999,1.0,4.1,-4.9,1.0,0.20000000000000018,-0.6000000000000001,-0.19999999999999973,-0.09999999999999964,0.0,0.0,,,,,-0.7999999999999998,-0.10000000000000009,1.3,-0.6000000000000001,-0.20000000000000018,-0.09999999999999964,0.2999999999999998,-0.7999999999999998,-0.30000000000000027,-0.10000000000000009,,,,0.0,-0.2999999999999998,-0.20000000000000018,0.09999999999999964,0.0,0.20000000000000018,-0.20000000000000018,0.0,0.0,0.0,0.0,,,,0.30000000000000027,-1.1,1.1,-1.2000000000000002,0.6000000000000001,-0.10000000000000009,-0.10000000000000009,0.10000000000000009,-0.5,-0.30000000000000027,-0.19999999999999973,,,,,-1.1,0.5,-0.2999999999999998,0.5,-0.10000000000000009,-0.10000000000000009,0.0,-0.20000000000000018,-0.10000000000000009,-0.10000000000000009,,,,,,,,,,,,,,,,,,,,,,,,,,,,,,,,,1.0000000000000004,0.0,-0.7999999999999998,-0.8,0.2999999999999998,-0.10000000000000009,-0.2999999999999998,-0.10000000000000009,0.0,0.10000000000000009,,,,,-9.200000000000001,15.1,-16.6,7.5,-2.5999999999999996,-1.1000000000000014,-0.40000000000000036,-0.9000000000000004,-1.4000000000000004,-2.0,,,,,21.4,19.799999999999997,-21.9,-7.6,-17.5,-9.2,1.5,3.3000000000000003,2.3000000000000003,3.6,,,,,-8.2,1.0,-7.3,8.299999999999999,1.2000000000000002,-0.7999999999999998,0.09999999999999964,0.10000000000000009,-0.10000000000000009,0.0,,,,,-1.0999999999999996,-1.2000000000000002,-5.7,3.3,0.0,-1.0,-0.20000000000000018,0.19999999999999973,-0.20000000000000018,-0.30000000000000027,,,,-0.10000000000000053,0.10000000000000053,4.0,-3.6000000000000005,0.5,0.09999999999999964,-0.5999999999999996,0.09999999999999964,-0.7999999999999998,-0.2999999999999998,-0.10000000000000053,,,,,0.07000000000000006,0.16999999999999993,-0.1299999999999999,0.039999999999999813,-0.17999999999999994,-0.11999999999999988,-0.10999999999999988,-0.09999999999999987,-0.07999999999999985,-0.06999999999999984,,,,,0.5,3.9000000000000004,1.3999999999999995,-3.9000000000000004,0.20000000000000018,-0.5,-0.10000000000000009,-0.2999999999999998,-0.10000000000000009,-0.10000000000000009,,,
1994-06-30,1.9,2.9,7.0,3.4,3.5,2.9,2.4,2.0,2.2,2.3,2.4,,,,,1.5,1.4,2.6,2.4,2.2,2.3,2.8,2.3,2.2,2.1,,,,7.0,6.7,6.5,6.6,6.3,6.3,6.3,6.3,6.4,6.4,6.4,,,,3.1,2.0,3.1,1.9,2.7,3.7,3.6,3.4,3.1,3.0,2.9,,,,,2.4,2.9,2.6,3.1,3.3,3.2,3.2,3.1,3.1,3.1,,,,,,,,,,,,,,,,,,,,,,,,,,,,,,,,,4.4,4.4,5.2,1.7,2.9,2.3,1.9,1.9,2.1,2.1,,,,,7.4,22.5,7.3,15.3,10.3,9.0,7.9,7.7,7.1,6.5,,,,,11.9,31.7,8.5,3.8,-2.6,-6.5,-2.3,0.4,1.5,2.7,,,,,-6.2,-5.2,-5.3,-4.0,-0.2,-3.9,-3.2,-3.2,-3.3,-3.1,,,,,4.5,3.3,-2.5,3.0,2.4,2.5,2.6,2.5,2.4,2.4,,,,4.3,4.4,8.4,6.1,6.0,5.2,4.8,4.8,4.5,4.5,4.5,,,,,1.31,1.48,1.37,1.47,1.38,1.36,1.36,1.37,1.39,1.4,,,,,2.8,6.7,8.1,3.9,3.2,3.0,2.7,2.7,2.7,2.7,,,,0.0,0.0,0.0,0.7999999999999998,-0.7000000000000002,0.19999999999999973,0.2999999999999998,-0.20000000000000018,0.0,0.0,0.0,,,,,0.0,0.0,0.10000000000000009,0.5,-0.09999999999999964,0.09999999999999964,0.2999999999999998,0.2999999999999998,0.30000000000000027,0.20000000000000018,,,,0.0,0.0,0.0,0.0,-0.20000000000000018,-0.5,-0.2999999999999998,-0.2999999999999998,-0.1999999999999993,-0.1999999999999993,-0.1999999999999993,,,,0.0,0.0,0.0,0.0,0.0,0.20000000000000018,0.30000000000000027,0.2999999999999998,0.20000000000000018,0.20000000000000018,0.19999999999999973,,,,,0.0,0.0,0.0,0.0,0.2999999999999998,0.40000000000000036,0.30000000000000027,0.30000000000000027,0.30000000000000027,0.30000000000000027,,,,,,,,,,,,,,,,,,,,,,,,,,,,,,,,,0.0,0.0,1.4000000000000004,0.0,0.6000000000000001,0.0,-0.20000000000000018,-0.20000000000000018,-0.10000000000000009,-0.10000000000000009,,,,,0.0,0.0,1.7999999999999998,-3.1999999999999993,-0.09999999999999964,0.3000000000000007,-0.5999999999999996,-0.39999999999999947,-0.5,-0.5999999999999996,,,,,0.0,0.0,-0.5999999999999996,1.7999999999999998,0.5,-0.20000000000000018,-0.09999999999999964,-0.7000000000000001,-0.6000000000000001,-0.3999999999999999,,,,,0.0,0.0,6.7,-4.7,1.3,-0.5,0.0,-0.10000000000000009,-0.2999999999999998,-0.30000000000000027,,,,,0.0,0.0,0.10000000000000009,-2.3,-0.7000000000000002,0.3999999999999999,0.6000000000000001,0.20000000000000018,0.0,0.0,,,,0.0,0.0,0.0,0.8999999999999995,-0.20000000000000018,0.10000000000000053,0.39999999999999947,0.0,0.20000000000000018,0.20000000000000018,0.20000000000000018,,,,,0.0,0.0,0.020000000000000018,0.06000000000000005,0.039999999999999813,0.030000000000000027,0.030000000000000027,0.030000000000000027,0.029999999999999805,0.029999999999999805,,,,,0.0,0.0,0.0,-0.19999999999999973,0.0,0.7000000000000002,0.10000000000000009,0.0,-0.19999999999999973,-0.19999999999999973,,,
1994-08-12,2.7,6.3,3.3,3.7,2.8,2.3,1.9,2.1,2.2,2.3,,,,,1.1,1.3,2.7,3.0,1.5,2.5,2.6,2.1,2.1,2.0,,,,,6.7,6.5,6.6,6.2,6.2,6.2,6.2,6.2,6.3,6.3,,,,,2.0,3.1,1.9,2.8,4.0,3.5,3.3,2.9,2.9,2.9,,,,,2.4,2.9,2.6,3.4,3.1,3.3,3.3,3.1,3.1,3.1,,,,,,,,,,,,,,,,,,,,,,,,,,,,,,,,,3.9,4.0,4.7,1.2,2.8,2.4,2.2,1.8,1.9,2.0,,,,,12.2,21.1,10.9,10.0,13.1,10.3,8.0,7.9,7.4,7.2,,,,,9.4,28.2,10.0,7.0,-4.0,-10.3,-3.9,1.2,2.9,4.8,,,,,-3.0,-5.0,-10.3,-4.8,1.2,-2.6,-4.6,-4.1,-4.4,-3.8,,,,,3.7,2.9,-1.4,2.0,3.2,2.6,1.9,2.2,2.2,2.6,,,,,3.8,7.7,6.1,6.8,4.4,4.9,4.6,4.3,4.3,4.4,,,,,1.31,1.48,1.37,1.44,1.33,1.31,1.32,1.33,1.36,1.38,,,,,2.8,6.7,8.3,4.4,3.9,3.0,2.5,2.6,2.8,3.0,,,,,0.8000000000000003,3.4,-3.7,0.30000000000000027,-0.7000000000000002,-0.6000000000000001,-0.5,0.10000000000000009,0.0,0.0,,,,,,-0.19999999999999996,1.3000000000000003,0.3999999999999999,-0.8999999999999999,0.2999999999999998,0.30000000000000027,-0.6999999999999997,-0.19999999999999973,-0.20000000000000018,,,,,-0.2999999999999998,-0.20000000000000018,0.09999999999999964,-0.39999999999999947,-0.09999999999999964,-0.09999999999999964,-0.09999999999999964,-0.09999999999999964,-0.10000000000000053,-0.10000000000000053,,,,,-1.1,1.1,-1.2000000000000002,0.8999999999999999,1.2999999999999998,-0.20000000000000018,-0.30000000000000027,-0.5,-0.20000000000000018,-0.10000000000000009,,,,,,0.5,-0.2999999999999998,0.7999999999999998,0.0,0.0,0.09999999999999964,-0.10000000000000009,0.0,0.0,,,,,,,,,,,,,,,,,,,,,,,,,,,,,,,,,,-0.40000000000000036,0.2999999999999998,-4.0,1.0999999999999999,-0.5,-0.09999999999999964,-0.09999999999999987,0.0,-0.10000000000000009,,,,,,13.700000000000001,-11.6,2.7,-2.200000000000001,0.0,-1.0,0.0,-0.2999999999999998,0.10000000000000053,,,,,,16.299999999999997,-21.7,-1.5,-7.8,-7.700000000000001,2.6,3.5,2.5,3.3,,,,,,1.2000000000000002,-5.1000000000000005,0.5,5.2,-2.4,-0.6999999999999997,-0.8999999999999995,-1.2000000000000002,-0.5,,,,,,-1.6,-4.699999999999999,4.5,0.20000000000000018,0.20000000000000018,-0.6000000000000001,-0.3999999999999999,-0.2999999999999998,0.20000000000000018,,,,,-0.5,3.3,-2.3000000000000007,0.7000000000000002,-1.5999999999999996,-0.2999999999999998,-0.20000000000000018,-0.5,-0.20000000000000018,-0.09999999999999964,,,,,,0.16999999999999993,-0.10999999999999988,0.06999999999999984,-0.1399999999999999,-0.06999999999999984,-0.040000000000000036,-0.030000000000000027,-0.010000000000000009,-0.010000000000000009,,,,,,3.9000000000000004,1.6000000000000005,-3.6999999999999993,0.0,-0.20000000000000018,-0.5,-0.10000000000000009,0.09999999999999964,0.2999999999999998,,,,
1994-09-21,2.7,6.3,3.3,3.8,3.0,2.8,1.9,1.7,1.8,2.0,2.2,2.3,2.3,2.3,1.1,1.3,2.7,3.0,1.7,2.7,3.0,2.3,2.4,2.3,2.5,2.3,2.2,2.2,6.7,6.5,6.6,6.2,6.1,6.0,6.1,6.2,6.2,6.3,6.3,6.3,6.3,6.3,2.0,3.1,1.9,2.8,3.8,3.3,3.7,3.2,3.1,3.0,3.0,3.0,3.0,3.0,2.4,2.9,2.6,3.4,3.0,3.6,3.5,3.2,3.2,3.2,3.2,3.2,3.1,3.1,,,,,,,,,,,,,,,,,,,,,,,,,,,,,3.9,4.0,4.7,1.4,2.8,2.9,2.5,1.8,1.9,1.9,2.0,2.1,2.1,2.1,12.2,21.1,10.9,9.2,7.8,11.9,7.1,7.1,5.6,5.5,4.9,4.9,4.9,5.0,9.4,28.2,10.0,7.3,2.3,-6.9,-7.2,-2.6,2.1,5.0,3.1,3.3,2.7,3.2,-3.0,-5.0,-10.3,-8.8,-1.0,-1.9,-5.2,-4.8,-4.9,-4.2,-3.6,-3.9,-3.2,-2.3,3.7,2.9,-1.4,2.9,4.0,2.7,2.5,2.5,2.5,2.6,2.5,2.4,2.4,2.5,3.8,7.7,6.1,6.9,4.8,5.6,4.9,4.0,4.3,4.4,4.8,4.7,4.6,4.6,1.31,1.48,1.37,1.44,1.41,1.36,1.34,1.34,1.38,1.4,1.43,1.44,1.47,1.48,2.8,6.7,8.3,5.2,5.5,3.9,2.4,2.2,2.9,2.8,3.0,3.1,3.1,3.1,0.0,0.0,0.0,0.09999999999999964,0.20000000000000018,0.5,0.0,-0.40000000000000013,-0.40000000000000013,-0.2999999999999998,,,,,0.0,0.0,0.0,0.0,0.19999999999999996,0.20000000000000018,0.3999999999999999,0.19999999999999973,0.2999999999999998,0.2999999999999998,,,,,0.0,0.0,0.0,0.0,-0.10000000000000053,-0.20000000000000018,-0.10000000000000053,0.0,-0.09999999999999964,0.0,,,,,0.0,0.0,0.0,0.0,-0.20000000000000018,-0.20000000000000018,0.40000000000000036,0.30000000000000027,0.20000000000000018,0.10000000000000009,,,,,0.0,0.0,0.0,0.0,-0.10000000000000009,0.30000000000000027,0.20000000000000018,0.10000000000000009,0.10000000000000009,0.10000000000000009,,,,,,,,,,,,,,,,,,,,,,,,,,,,,,,,,0.0,0.0,0.0,0.19999999999999996,0.0,0.5,0.2999999999999998,0.0,0.0,-0.10000000000000009,,,,,0.0,0.0,0.0,-0.8000000000000007,-5.3,1.5999999999999996,-0.9000000000000004,-0.8000000000000007,-1.8000000000000007,-1.7000000000000002,,,,,0.0,0.0,0.0,0.2999999999999998,6.3,3.4000000000000004,-3.3000000000000003,-3.8,-0.7999999999999998,0.20000000000000018,,,,,0.0,0.0,0.0,-4.000000000000001,-2.2,0.7000000000000002,-0.6000000000000005,-0.7000000000000002,-0.5,-0.40000000000000036,,,,,0.0,0.0,0.0,0.8999999999999999,0.7999999999999998,0.10000000000000009,0.6000000000000001,0.2999999999999998,0.2999999999999998,0.0,,,,,0.0,0.0,0.0,0.10000000000000053,0.39999999999999947,0.6999999999999993,0.3000000000000007,-0.2999999999999998,0.0,0.0,,,,,0.0,0.0,0.0,0.0,0.07999999999999985,0.050000000000000044,0.020000000000000018,0.010000000000000009,0.019999999999999796,0.020000000000000018,,,,,0.0,0.0,0.0,0.7999999999999998,1.6,0.8999999999999999,-0.10000000000000009,-0.3999999999999999,0.10000000000000009,-0.20000000000000018,,,,
1994-11-09,6.3,3.3,4.1,3.4,4.1,2.5,1.4,1.0,1.5,1.8,2.2,2.3,2.4,,1.3,2.9,2.9,1.6,2.0,3.1,2.8,2.6,2.4,2.6,2.3,2.3,2.3,,6.5,6.6,6.2,6.0,5.7,5.7,5.8,6.0,6.1,6.2,6.2,6.2,6.3,,3.1,1.9,2.8,3.6,3.1,3.7,3.3,3.1,2.9,2.9,2.9,2.9,2.9,,2.9,2.6,3.4,2.8,3.5,3.8,3.6,3.2,3.1,3.1,3.1,3.1,3.1,,,,,,,,,,,,,,,,,,,,,,,,,,,,,,4.0,4.7,1.3,3.0,4.3,2.5,2.2,1.4,1.7,1.8,1.9,2.0,2.1,,21.1,10.9,9.2,7.0,14.2,10.9,8.1,5.3,3.9,4.1,4.2,4.4,4.6,,28.2,10.0,7.0,-7.2,-4.4,-6.6,-7.2,-4.2,-1.2,3.0,3.8,2.8,2.5,,-5.0,-10.3,-7.9,9.8,-4.1,-9.0,-7.1,-4.8,-4.2,-3.6,-3.9,-3.2,-2.3,,2.9,-1.4,2.9,3.8,2.7,2.5,2.5,2.5,2.6,2.5,2.4,2.4,2.5,,7.7,6.1,7.2,5.2,6.1,5.7,4.2,3.6,3.8,4.5,4.6,4.7,4.8,,1.48,1.37,1.44,1.48,1.41,1.37,1.34,1.33,1.35,1.38,1.4,1.42,1.43,,6.7,8.3,5.4,6.0,5.8,3.7,1.9,0.9,1.2,1.9,2.6,2.8,3.0,,3.5999999999999996,-3.0,0.7999999999999998,-0.3999999999999999,1.0999999999999996,-0.2999999999999998,-0.5,-0.7,-0.30000000000000004,-0.19999999999999996,0.0,0.0,0.10000000000000009,,0.19999999999999996,1.5999999999999999,0.19999999999999973,-1.4,0.30000000000000004,0.3999999999999999,-0.20000000000000018,0.30000000000000027,0.0,0.30000000000000027,-0.20000000000000018,0.0,0.09999999999999964,,-0.20000000000000018,0.09999999999999964,-0.39999999999999947,-0.20000000000000018,-0.39999999999999947,-0.2999999999999998,-0.2999999999999998,-0.20000000000000018,-0.10000000000000053,-0.09999999999999964,-0.09999999999999964,-0.09999999999999964,0.0,,1.1,-1.2000000000000002,0.8999999999999999,0.8000000000000003,-0.6999999999999997,0.40000000000000036,-0.40000000000000036,-0.10000000000000009,-0.20000000000000018,-0.10000000000000009,-0.10000000000000009,-0.10000000000000009,-0.10000000000000009,,0.5,-0.2999999999999998,0.7999999999999998,-0.6000000000000001,0.5,0.19999999999999973,0.10000000000000009,0.0,-0.10000000000000009,-0.10000000000000009,-0.10000000000000009,-0.10000000000000009,0.0,,,,,,,,,,,,,,,,,,,,,,,,,,,,,,0.10000000000000009,0.7000000000000002,-3.4000000000000004,1.6,1.5,-0.3999999999999999,-0.2999999999999998,-0.40000000000000013,-0.19999999999999996,-0.09999999999999987,-0.10000000000000009,-0.10000000000000009,0.0,,8.900000000000002,-10.200000000000001,-1.700000000000001,-2.1999999999999993,6.3999999999999995,-1.0,1.0,-1.7999999999999998,-1.6999999999999997,-1.4000000000000004,-0.7000000000000002,-0.5,-0.3000000000000007,,18.799999999999997,-18.2,-3.0,-14.5,-6.7,0.3000000000000007,0.0,-1.6,-3.3,-2.0,0.6999999999999997,-0.5,-0.20000000000000018,,-2.0,-5.300000000000001,2.4000000000000004,18.6,-3.0999999999999996,-7.1,-1.8999999999999995,0.0,0.7000000000000002,0.6000000000000001,-0.2999999999999998,0.6999999999999997,0.9000000000000004,,-0.8000000000000003,-4.3,4.3,0.8999999999999999,-1.2999999999999998,-0.20000000000000018,0.0,0.0,0.10000000000000009,-0.10000000000000009,-0.10000000000000009,0.0,0.10000000000000009,,3.9000000000000004,-1.6000000000000005,1.1000000000000005,-1.7000000000000002,1.2999999999999998,0.10000000000000053,-0.7000000000000002,-0.3999999999999999,-0.5,0.09999999999999964,-0.20000000000000018,0.0,0.20000000000000018,,0.16999999999999993,-0.10999999999999988,0.06999999999999984,0.040000000000000036,0.0,0.010000000000000009,0.0,-0.010000000000000009,-0.029999999999999805,-0.020000000000000018,-0.030000000000000027,-0.020000000000000018,-0.040000000000000036,,3.9000000000000004,1.6000000000000005,-2.9000000000000004,0.7999999999999998,0.2999999999999998,-0.19999999999999973,-0.5,-1.3000000000000003,-1.7,-0.8999999999999999,-0.3999999999999999,-0.30000000000000027,-0.10000000000000009,
1994-12-14,6.3,3.3,4.1,3.9,5.0,3.0,2.0,1.3,1.2,1.4,1.8,2.0,2.1,,1.3,2.9,2.9,1.9,1.7,3.1,2.6,2.5,2.4,2.7,2.5,2.5,2.5,,6.5,6.6,6.2,6.0,5.6,5.5,5.5,5.6,5.7,5.9,6.0,6.1,6.1,,3.1,1.9,2.8,3.6,2.3,3.1,3.2,3.0,2.8,2.9,2.9,2.9,2.9,,2.9,2.6,3.4,2.8,2.6,3.5,3.3,3.0,2.9,3.0,3.1,3.1,3.1,,,,,,,,,,,,,,,,,,,,,,,,,,,,,,4.0,4.7,1.3,3.3,5.5,3.4,2.4,1.6,1.3,1.5,1.8,1.9,2.0,,21.1,10.9,9.2,14.4,18.6,12.4,11.6,7.9,4.6,3.0,3.0,3.7,4.5,,28.2,10.0,7.0,-6.5,-3.1,-5.7,-3.3,-1.5,-0.9,0.6,1.4,1.4,2.0,,-5.0,-10.3,-7.9,12.5,-8.1,-7.4,-7.1,-4.8,-4.2,-3.6,-3.9,-3.2,-2.3,,2.9,-1.4,2.9,4.2,4.1,2.5,2.5,2.5,2.5,2.2,2.2,2.2,2.2,,7.7,6.1,7.2,5.9,6.9,6.3,4.7,3.9,3.6,4.1,4.3,4.6,4.7,,1.48,1.37,1.44,1.47,1.42,1.4,1.39,1.38,1.38,1.39,1.41,1.42,1.43,,5.3,7.1,6.0,5.0,5.1,5.4,2.8,1.1,0.8,1.1,1.8,2.1,2.3,,0.0,0.0,0.0,0.5,0.9000000000000004,0.5,0.6000000000000001,0.30000000000000004,-0.30000000000000004,-0.40000000000000013,-0.40000000000000013,-0.2999999999999998,-0.2999999999999998,,0.0,0.0,0.0,0.2999999999999998,-0.30000000000000004,0.0,-0.19999999999999973,-0.10000000000000009,0.0,0.10000000000000009,0.20000000000000018,0.20000000000000018,0.20000000000000018,,0.0,0.0,0.0,0.0,-0.10000000000000053,-0.20000000000000018,-0.2999999999999998,-0.40000000000000036,-0.39999999999999947,-0.2999999999999998,-0.20000000000000018,-0.10000000000000053,-0.20000000000000018,,0.0,0.0,0.0,0.0,-0.8000000000000003,-0.6000000000000001,-0.09999999999999964,-0.10000000000000009,-0.10000000000000009,0.0,0.0,0.0,0.0,,0.0,0.0,0.0,0.0,-0.8999999999999999,-0.2999999999999998,-0.30000000000000027,-0.20000000000000018,-0.20000000000000018,-0.10000000000000009,0.0,0.0,0.0,,,,,,,,,,,,,,,,,,,,,,,,,,,,,,0.0,0.0,0.0,0.2999999999999998,1.2000000000000002,0.8999999999999999,0.19999999999999973,0.20000000000000018,-0.3999999999999999,-0.30000000000000004,-0.09999999999999987,-0.10000000000000009,-0.10000000000000009,,0.0,0.0,0.0,7.4,4.400000000000002,1.5,3.5,2.6000000000000005,0.6999999999999997,-1.0999999999999996,-1.2000000000000002,-0.7000000000000002,-0.09999999999999964,,0.0,0.0,0.0,0.7000000000000002,1.3000000000000003,0.8999999999999995,3.9000000000000004,2.7,0.29999999999999993,-2.4,-2.4,-1.4,-0.5,,0.0,0.0,0.0,2.6999999999999993,-4.0,1.5999999999999996,0.0,0.0,0.0,0.0,0.0,0.0,0.0,,0.0,0.0,0.0,0.40000000000000036,1.3999999999999995,0.0,0.0,0.0,-0.10000000000000009,-0.2999999999999998,-0.19999999999999973,-0.19999999999999973,-0.2999999999999998,,0.0,0.0,0.0,0.7000000000000002,0.8000000000000007,0.5999999999999996,0.5,0.2999999999999998,-0.19999999999999973,-0.40000000000000036,-0.2999999999999998,-0.10000000000000053,-0.09999999999999964,,0.0,0.0,0.0,-0.010000000000000009,0.010000000000000009,0.029999999999999805,0.04999999999999982,0.04999999999999982,0.029999999999999805,0.010000000000000009,0.010000000000000009,0.0,0.0,,-1.4000000000000004,-1.200000000000001,0.5999999999999996,-1.0,-0.7000000000000002,1.7000000000000002,0.8999999999999999,0.20000000000000007,-0.3999999999999999,-0.7999999999999998,-0.8,-0.6999999999999997,-0.7000000000000002,
1995-01-25,3.3,4.1,4.0,5.0,3.2,2.0,1.7,1.7,2.0,2.5,2.6,2.6,,,2.9,2.9,1.9,1.8,3.1,2.4,2.3,2.3,2.6,2.4,2.5,2.5,,,6.6,6.2,6.0,5.6,5.3,5.3,5.4,5.4,5.5,5.5,5.5,5.5,,,1.9,2.8,3.6,2.4,2.9,2.9,3.0,3.0,3.0,3.1,3.1,3.2,,,2.6,3.4,2.8,2.3,3.3,3.1,3.1,3.1,3.2,3.3,3.3,3.4,,,,,,,,,,,,,,,,,,,,,,,,,,,,,,,4.7,1.3,3.1,4.4,4.0,2.8,2.2,2.1,2.1,2.4,2.5,2.5,,,10.9,9.2,14.1,22.0,11.6,13.1,7.9,6.5,6.7,6.7,6.6,6.5,,,10.0,7.0,-6.0,-0.4,4.6,-1.2,-2.0,-3.5,-2.1,0.2,0.4,1.2,,,-10.3,-7.9,10.9,-12.2,-1.7,-7.1,-4.8,-6.0,-7.0,-3.9,-3.2,-2.3,,,-1.4,2.9,4.3,2.5,2.5,2.5,2.5,1.5,2.2,2.3,2.4,2.4,,,6.1,7.2,6.2,6.8,6.4,4.5,4.1,4.0,4.7,5.0,5.2,5.2,,,1.37,1.44,1.47,1.5,1.49,1.48,1.46,1.44,1.45,1.46,1.47,1.48,,,7.1,6.0,4.9,5.4,6.4,3.3,2.1,1.9,2.2,3.0,3.3,3.4,,,-3.0,0.7999999999999998,-0.09999999999999964,1.1,-1.7999999999999998,-1.0,-0.30000000000000004,0.3999999999999999,0.8,1.1,0.8,0.6000000000000001,,,1.5999999999999999,0.0,-1.0,-0.09999999999999987,1.4000000000000001,-0.7000000000000002,-0.30000000000000027,-0.20000000000000018,0.20000000000000018,-0.30000000000000027,0.0,0.0,,,0.09999999999999964,-0.39999999999999947,-0.20000000000000018,-0.40000000000000036,-0.2999999999999998,-0.20000000000000018,-0.09999999999999964,-0.1999999999999993,-0.20000000000000018,-0.40000000000000036,-0.5,-0.5999999999999996,,,-1.2000000000000002,0.8999999999999999,0.8000000000000003,-1.2000000000000002,0.6000000000000001,-0.20000000000000018,-0.20000000000000018,0.0,0.20000000000000018,0.20000000000000018,0.20000000000000018,0.30000000000000027,,,-0.2999999999999998,0.7999999999999998,-0.6000000000000001,-0.5,0.6999999999999997,-0.3999999999999999,-0.19999999999999973,0.10000000000000009,0.30000000000000027,0.2999999999999998,0.19999999999999973,0.2999999999999998,,,,,,,,,,,,,,,,,,,,,,,,,,,,,,,0.7000000000000002,-3.4000000000000004,1.8,1.1000000000000005,-1.5,-0.6000000000000001,-0.19999999999999973,0.5,0.8,0.8999999999999999,0.7,0.6000000000000001,,,-10.200000000000001,-1.700000000000001,4.9,7.6,-7.000000000000002,0.6999999999999993,-3.6999999999999993,-1.4000000000000004,2.1000000000000005,3.7,3.5999999999999996,2.8,,,-18.2,-3.0,-13.0,6.1,7.699999999999999,4.5,1.2999999999999998,-2.0,-1.2000000000000002,-0.39999999999999997,-0.9999999999999999,-0.19999999999999996,,,-5.300000000000001,2.4000000000000004,18.8,-24.7,6.3999999999999995,0.3000000000000007,2.3,-1.2000000000000002,-2.8,-0.2999999999999998,0.6999999999999997,0.9000000000000004,,,-4.3,4.3,1.4,-1.7000000000000002,-1.5999999999999996,0.0,0.0,-1.0,-0.2999999999999998,0.09999999999999964,0.19999999999999973,0.19999999999999973,,,-1.6000000000000005,1.1000000000000005,-1.0,0.8999999999999995,-0.5,-1.7999999999999998,-0.6000000000000005,0.10000000000000009,1.1,0.9000000000000004,0.9000000000000004,0.6000000000000005,,,-0.10999999999999988,0.06999999999999984,0.030000000000000027,0.030000000000000027,0.07000000000000006,0.08000000000000007,0.07000000000000006,0.06000000000000005,0.07000000000000006,0.07000000000000006,0.06000000000000005,0.06000000000000005,,,1.7999999999999998,-1.0999999999999996,-1.0999999999999996,0.40000000000000036,1.3000000000000007,-2.1000000000000005,-0.6999999999999997,0.7999999999999998,1.4000000000000001,1.9,1.4999999999999998,1.2999999999999998,,
1995-03-22,3.3,4.1,4.0,4.6,2.5,1.7,2.1,2.3,2.3,2.4,2.3,2.2,,,2.9,2.9,1.9,1.3,3.3,2.4,2.2,2.2,2.6,2.4,2.4,2.4,,,6.6,6.2,6.0,5.6,5.5,5.5,5.6,5.7,5.7,5.7,5.7,5.8,,,2.2,2.5,3.6,2.2,3.2,3.1,3.1,3.0,3.0,3.0,3.0,3.0,,,2.9,2.9,3.1,2.3,3.5,3.2,3.1,3.1,3.2,3.2,3.2,3.2,,,,,,,,,,,,,,,,,,,,,,,,,,,,,,,4.7,1.3,3.1,5.0,2.7,3.7,2.1,2.1,1.8,2.0,2.1,1.9,,,10.9,9.2,14.1,16.1,8.7,14.3,8.0,6.1,6.2,5.1,4.2,4.1,,,10.0,7.0,-6.0,0.7,-5.1,-9.0,0.1,0.4,0.7,1.2,1.1,1.4,,,-10.3,-7.9,10.9,-13.6,-4.9,-2.4,-4.8,-6.0,-7.0,-3.9,-3.2,-3.4,,,-1.4,2.9,4.3,2.3,2.2,2.5,2.5,1.5,2.2,2.3,2.4,2.2,,,6.1,7.2,6.2,5.8,5.8,4.1,4.4,4.6,4.9,4.8,4.8,4.7,,,1.36,1.44,1.47,1.51,1.34,1.37,1.38,1.38,1.39,1.39,1.4,1.4,,,7.1,6.0,4.9,5.9,6.7,1.2,2.1,2.8,3.1,3.0,2.9,2.8,,,0.0,0.0,0.0,-0.40000000000000036,-0.7000000000000002,-0.30000000000000004,0.40000000000000013,0.5999999999999999,0.2999999999999998,-0.10000000000000009,-0.30000000000000027,-0.3999999999999999,,,0.0,0.0,0.0,-0.5,0.19999999999999973,0.0,-0.09999999999999964,-0.09999999999999964,0.0,0.0,-0.10000000000000009,-0.10000000000000009,,,0.0,0.0,0.0,0.0,0.20000000000000018,0.20000000000000018,0.1999999999999993,0.2999999999999998,0.20000000000000018,0.20000000000000018,0.20000000000000018,0.2999999999999998,,,0.30000000000000027,-0.2999999999999998,0.0,-0.19999999999999973,0.30000000000000027,0.20000000000000018,0.10000000000000009,0.0,0.0,-0.10000000000000009,-0.10000000000000009,-0.20000000000000018,,,0.2999999999999998,-0.5,0.30000000000000027,0.0,0.20000000000000018,0.10000000000000009,0.0,0.0,0.0,-0.09999999999999964,-0.09999999999999964,-0.19999999999999973,,,,,,,,,,,,,,,,,,,,,,,,,,,,,,,0.0,0.0,0.0,0.5999999999999996,-1.2999999999999998,0.9000000000000004,-0.10000000000000009,0.0,-0.30000000000000004,-0.3999999999999999,-0.3999999999999999,-0.6000000000000001,,,0.0,0.0,0.0,-5.899999999999999,-2.9000000000000004,1.200000000000001,0.09999999999999964,-0.40000000000000036,-0.5,-1.6000000000000005,-2.3999999999999995,-2.4000000000000004,,,0.0,0.0,0.0,1.1,-9.7,-7.8,2.1,3.9,2.8,1.0,0.7000000000000001,0.19999999999999996,,,0.0,0.0,0.0,-1.4000000000000004,-3.2,4.699999999999999,0.0,0.0,0.0,0.0,0.0,-1.1,,,0.0,0.0,0.0,-0.20000000000000018,-0.2999999999999998,0.0,0.0,0.0,0.0,0.0,0.0,-0.19999999999999973,,,0.0,0.0,0.0,-1.0,-0.6000000000000005,-0.40000000000000036,0.3000000000000007,0.5999999999999996,0.20000000000000018,-0.20000000000000018,-0.40000000000000036,-0.5,,,-0.010000000000000009,0.0,0.0,0.010000000000000009,-0.1499999999999999,-0.10999999999999988,-0.08000000000000007,-0.06000000000000005,-0.06000000000000005,-0.07000000000000006,-0.07000000000000006,-0.08000000000000007,,,0.0,0.0,0.0,0.5,0.2999999999999998,-2.0999999999999996,0.0,0.8999999999999999,0.8999999999999999,0.0,-0.3999999999999999,-0.6000000000000001,,
1995-05-17,4.1,4.0,5.1,2.8,0.9,1.9,2.8,2.1,2.4,2.5,2.4,,,,2.9,1.9,1.3,2.2,2.7,2.6,2.4,2.7,2.4,2.4,2.3,,,,6.2,6.0,5.6,5.5,5.7,5.7,5.8,5.8,5.8,5.8,5.8,,,,2.5,3.6,2.2,3.2,3.6,3.2,2.8,2.9,3.0,3.0,3.0,,,,2.9,3.1,2.3,3.3,3.6,3.0,3.0,3.1,3.1,3.1,3.1,,,,,,,,,,,,,,,,,,,,,,,,,,,,,,,,1.3,3.1,5.1,1.4,2.3,3.0,2.1,2.1,2.2,2.2,2.1,,,,9.2,14.1,17.6,19.3,10.4,9.7,6.1,5.5,5.5,5.3,5.1,,,,7.0,-6.0,2.3,-6.6,-17.9,-0.6,3.8,4.9,4.1,1.5,0.6,,,,-7.9,10.9,-14.4,-4.6,-1.7,-4.8,-6.0,-7.0,-3.9,-3.2,-3.4,,,,2.9,4.3,2.3,0.2,2.3,2.4,1.5,2.1,2.3,2.3,2.2,,,,7.2,6.2,6.4,5.1,3.5,4.5,5.3,4.8,4.8,4.9,4.8,,,,1.44,1.47,1.51,1.31,1.27,1.31,1.36,1.39,1.39,1.4,1.4,,,,6.0,4.9,5.9,4.6,-3.0,1.5,3.3,2.9,2.9,3.0,3.1,,,,0.7999999999999998,-0.09999999999999964,1.0999999999999996,-1.7999999999999998,-1.6,0.19999999999999996,0.6999999999999997,-0.19999999999999973,0.10000000000000009,0.10000000000000009,0.10000000000000009,,,,0.0,-1.0,-0.5999999999999999,0.9000000000000001,-0.5999999999999996,0.20000000000000018,0.19999999999999973,0.5,-0.20000000000000018,0.0,-0.10000000000000009,,,,-0.39999999999999947,-0.20000000000000018,-0.40000000000000036,-0.09999999999999964,0.20000000000000018,0.20000000000000018,0.20000000000000018,0.09999999999999964,0.09999999999999964,0.09999999999999964,0.09999999999999964,,,,0.2999999999999998,1.1,-1.4,1.0,0.3999999999999999,0.10000000000000009,-0.30000000000000027,-0.10000000000000009,0.0,0.0,0.0,,,,0.0,0.20000000000000018,-0.8000000000000003,1.0,0.10000000000000009,-0.20000000000000018,-0.10000000000000009,0.0,-0.10000000000000009,-0.10000000000000009,-0.10000000000000009,,,,,,,,,,,,,,,,,,,,,,,,,,,,,,,,-3.4000000000000004,1.8,1.9999999999999996,-3.6,-0.40000000000000036,-0.7000000000000002,0.0,0.0,0.40000000000000013,0.20000000000000018,0.0,,,,-1.700000000000001,4.9,3.5000000000000018,3.1999999999999993,1.700000000000001,-4.600000000000001,-1.9000000000000004,-0.5999999999999996,-0.7000000000000002,0.20000000000000018,0.8999999999999995,,,,-3.0,-13.0,8.3,-7.3,-12.799999999999999,8.4,3.6999999999999997,4.5,3.3999999999999995,0.30000000000000004,-0.5000000000000001,,,,2.4000000000000004,18.8,-25.3,9.0,3.2,-2.4,-1.2000000000000002,-1.0,3.1,0.6999999999999997,-0.19999999999999973,,,,4.3,1.4,-2.0,-2.0999999999999996,0.09999999999999964,-0.10000000000000009,-1.0,0.6000000000000001,0.09999999999999964,0.0,-0.19999999999999973,,,,1.1000000000000005,-1.0,0.20000000000000018,-0.7000000000000002,-2.3,0.40000000000000036,0.8999999999999995,0.20000000000000018,-0.10000000000000053,0.10000000000000053,0.0,,,,0.07999999999999985,0.030000000000000027,0.040000000000000036,-0.19999999999999996,-0.07000000000000006,-0.06000000000000005,-0.019999999999999796,0.010000000000000009,0.0,0.010000000000000009,0.0,,,,-1.0999999999999996,-1.0999999999999996,1.0,-1.3000000000000007,-9.7,0.30000000000000004,1.1999999999999997,0.10000000000000009,-0.20000000000000018,0.0,0.20000000000000018,,,
1995-06-28,4.1,4.0,5.1,2.7,-0.5,1.1,3.4,2.1,2.1,2.3,2.4,,,,2.9,1.9,1.3,2.2,2.2,2.8,2.3,2.4,2.2,2.2,2.1,,,,6.2,6.0,5.6,5.5,5.8,6.0,6.0,6.0,6.1,6.1,6.1,,,,2.5,3.6,2.2,3.2,3.5,2.8,2.9,3.1,2.9,2.8,2.8,,,,2.9,3.1,2.3,3.3,3.6,3.0,2.9,2.9,2.9,2.9,2.9,,,,,,,,,,,,,,,,,,,,,,,,,,,,,,,,1.3,3.1,5.1,1.8,1.6,2.1,2.0,2.0,2.2,2.1,2.0,,,,9.2,14.1,17.6,20.7,9.8,7.2,2.9,4.4,4.9,5.0,5.2,,,,7.0,-6.0,2.3,-2.6,-18.6,-0.4,8.7,5.7,4.2,2.5,1.9,,,,-7.9,10.9,-14.4,-4.2,-6.6,-1.4,-4.0,-8.0,-8.9,-6.3,-2.4,,,,2.9,4.3,2.3,0.5,2.3,2.4,1.3,0.8,1.5,1.7,1.5,,,,7.2,6.2,6.4,4.9,1.7,3.9,5.8,4.6,4.4,4.5,4.6,,,,1.44,1.47,1.51,1.31,1.25,1.33,1.36,1.39,1.4,1.41,1.41,,,,6.0,4.9,5.9,5.0,-3.5,-0.5,3.2,3.1,2.9,2.8,3.1,,,,0.0,0.0,0.0,-0.09999999999999964,-1.4,-0.7999999999999998,0.6000000000000001,0.0,-0.2999999999999998,-0.20000000000000018,0.0,,,,0.0,0.0,0.0,0.0,-0.5,0.19999999999999973,-0.10000000000000009,-0.30000000000000027,-0.19999999999999973,-0.19999999999999973,-0.19999999999999973,,,,0.0,0.0,0.0,0.0,0.09999999999999964,0.2999999999999998,0.20000000000000018,0.20000000000000018,0.2999999999999998,0.2999999999999998,0.2999999999999998,,,,0.0,0.0,0.0,0.0,-0.10000000000000009,-0.40000000000000036,0.10000000000000009,0.20000000000000018,-0.10000000000000009,-0.20000000000000018,-0.20000000000000018,,,,0.0,0.0,0.0,0.0,0.0,0.0,-0.10000000000000009,-0.20000000000000018,-0.20000000000000018,-0.20000000000000018,-0.20000000000000018,,,,,,,,,,,,,,,,,,,,,,,,,,,,,,,,0.0,0.0,0.0,0.40000000000000013,-0.6999999999999997,-0.8999999999999999,-0.10000000000000009,-0.10000000000000009,0.0,-0.10000000000000009,-0.10000000000000009,,,,0.0,0.0,0.0,1.3999999999999986,-0.5999999999999996,-2.499999999999999,-3.1999999999999997,-1.0999999999999996,-0.5999999999999996,-0.2999999999999998,0.10000000000000053,,,,0.0,0.0,0.0,3.9999999999999996,-0.7000000000000028,0.19999999999999996,4.8999999999999995,0.7999999999999998,0.10000000000000053,1.0,1.2999999999999998,,,,0.0,0.0,0.0,0.39999999999999947,-4.8999999999999995,3.4,2.0,-1.0,-5.0,-3.0999999999999996,1.0,,,,0.0,0.0,0.0,0.3,0.0,0.0,-0.19999999999999996,-1.3,-0.7999999999999998,-0.5999999999999999,-0.7000000000000002,,,,0.0,0.0,0.0,-0.1999999999999993,-1.8,-0.6000000000000001,0.5,-0.20000000000000018,-0.39999999999999947,-0.40000000000000036,-0.20000000000000018,,,,0.0,0.0,0.0,0.0,-0.020000000000000018,0.020000000000000018,0.0,0.0,0.010000000000000009,0.010000000000000009,0.010000000000000009,,,,0.0,0.0,0.0,0.40000000000000036,-0.5,-2.0,-0.09999999999999964,0.20000000000000018,0.0,-0.20000000000000018,0.0,,,
1995-08-16,4.0,5.1,2.7,0.5,2.2,2.9,2.3,2.3,2.3,2.3,,,,,1.9,1.3,2.2,1.3,2.5,2.4,2.4,2.0,2.0,2.0,,,,,6.0,5.6,5.5,5.7,5.8,5.8,5.8,5.9,5.9,5.9,,,,,3.6,2.2,3.2,3.2,2.0,2.8,3.3,3.1,2.9,2.8,,,,,3.1,2.3,3.3,3.6,2.7,2.9,2.9,2.9,2.9,2.9,,,,,,,,,,,,,,,,,,,,,,,,,,,,,,,,,3.1,5.1,1.6,2.5,2.8,2.2,2.0,2.0,2.1,2.1,,,,,14.1,17.6,21.5,11.8,8.6,6.3,4.5,5.5,5.5,5.6,,,,,-6.0,2.3,-3.4,-14.2,3.0,7.8,3.3,2.1,2.0,1.9,,,,,10.9,-14.4,-3.8,-3.1,-2.3,-7.8,-7.3,-6.9,-5.3,-4.1,,,,,4.3,2.3,1.0,1.4,2.2,1.2,0.8,1.5,1.7,1.5,,,,,6.2,6.4,4.7,2.0,4.6,5.4,4.7,4.3,4.4,4.3,,,,,1.47,1.51,1.31,1.28,1.37,1.39,1.4,1.41,1.42,1.42,,,,,4.9,5.9,5.2,-2.7,1.1,2.4,3.2,3.2,2.8,2.7,,,,,-0.09999999999999964,1.0999999999999996,-2.3999999999999995,-2.2,2.7,1.7999999999999998,-1.1,0.19999999999999973,0.19999999999999973,0.0,,,,,-1.0,-0.5999999999999999,0.9000000000000001,-0.9000000000000001,0.2999999999999998,-0.3999999999999999,0.10000000000000009,-0.3999999999999999,-0.20000000000000018,-0.20000000000000018,,,,,-0.20000000000000018,-0.40000000000000036,-0.09999999999999964,0.20000000000000018,0.0,-0.20000000000000018,-0.20000000000000018,-0.09999999999999964,-0.1999999999999993,-0.1999999999999993,,,,,1.1,-1.4,1.0,0.0,-1.5,0.0,0.3999999999999999,0.0,0.0,0.0,,,,,0.20000000000000018,-0.8000000000000003,1.0,0.30000000000000027,-0.8999999999999999,-0.10000000000000009,0.0,0.0,0.0,0.0,,,,,,,,,,,,,,,,,,,,,,,,,,,,,,,,,1.8,1.9999999999999996,-3.4999999999999996,0.7,1.1999999999999997,0.10000000000000009,0.0,0.0,-0.10000000000000009,0.0,,,,,4.9,3.5000000000000018,3.8999999999999986,-8.899999999999999,-1.200000000000001,-0.9000000000000004,1.6,1.0999999999999996,0.5999999999999996,0.5999999999999996,,,,,-13.0,8.3,-5.699999999999999,-11.6,21.6,8.2,-5.3999999999999995,-3.6,-2.2,-0.6000000000000001,,,,,18.8,-25.3,10.600000000000001,1.1,4.3,-6.4,-3.3,1.0999999999999996,3.6000000000000005,2.2,,,,,1.4,-2.0,-1.2999999999999998,0.8999999999999999,-0.09999999999999964,-1.2,-0.5,0.7,0.19999999999999996,-0.19999999999999996,,,,,-1.0,0.20000000000000018,-1.7000000000000002,-2.9000000000000004,2.8999999999999995,1.5000000000000004,-1.0999999999999996,-0.2999999999999998,0.0,-0.20000000000000018,,,,,0.030000000000000027,0.040000000000000036,-0.19999999999999996,-0.030000000000000027,0.1200000000000001,0.05999999999999983,0.039999999999999813,0.020000000000000018,0.020000000000000018,0.010000000000000009,,,,,-1.0999999999999996,1.0,-0.7000000000000002,-7.7,4.6,2.9,0.0,0.10000000000000009,-0.10000000000000009,-0.09999999999999964,,,,
1995-09-20,4.0,5.1,2.7,1.1,2.2,2.5,2.3,2.2,2.2,2.1,2.0,2.0,2.0,2.0,1.9,1.3,2.2,1.6,2.7,2.6,2.8,2.1,1.8,1.9,2.1,1.9,1.8,1.7,6.0,5.6,5.5,5.7,5.7,5.8,5.8,5.9,5.9,6.0,6.0,6.1,6.1,6.2,3.6,2.2,3.2,3.2,2.0,2.8,3.0,3.1,2.9,2.7,2.7,2.7,2.7,2.7,3.1,2.3,3.3,3.6,2.6,2.9,2.8,2.8,2.7,2.7,2.7,2.7,2.7,2.7,,,,,,,,,,,,,,,,,,,,,,,,,,,,,3.1,5.1,1.6,3.4,3.2,2.2,2.2,2.1,2.1,2.0,2.0,1.8,1.8,1.8,14.1,17.6,21.5,11.8,10.0,7.9,6.3,6.0,5.9,5.9,5.4,5.1,5.1,5.0,-6.0,2.3,-3.4,-13.2,4.4,13.1,8.2,4.4,2.6,1.5,-0.4,-0.5,-0.4,-0.3,10.9,-14.4,-3.8,-4.9,-3.3,-6.2,-6.3,-6.5,-5.9,-4.6,-4.9,-3.6,-3.5,-5.9,4.3,2.3,1.0,1.6,3.9,1.2,0.8,1.5,1.7,1.5,1.4,1.6,1.6,1.6,6.2,6.4,4.7,2.8,5.1,5.1,5.1,4.3,4.1,4.1,4.1,3.9,3.9,3.8,1.47,1.51,1.31,1.28,1.4,1.43,1.45,1.46,1.46,1.46,1.47,1.47,1.48,1.48,4.9,5.9,5.2,-2.4,3.8,1.9,3.0,2.6,2.7,2.4,2.4,2.3,2.4,2.6,0.0,0.0,0.0,0.6000000000000001,0.0,-0.3999999999999999,0.0,-0.09999999999999964,-0.09999999999999964,-0.19999999999999973,,,,,0.0,0.0,0.0,0.30000000000000004,0.20000000000000018,0.20000000000000018,0.3999999999999999,0.10000000000000009,-0.19999999999999996,-0.10000000000000009,,,,,0.0,0.0,0.0,0.0,-0.09999999999999964,0.0,0.0,0.0,0.0,0.09999999999999964,,,,,0.0,0.0,0.0,0.0,0.0,0.0,-0.2999999999999998,0.0,0.0,-0.09999999999999964,,,,,0.0,0.0,0.0,0.0,-0.10000000000000009,0.0,-0.10000000000000009,-0.10000000000000009,-0.19999999999999973,-0.19999999999999973,,,,,,,,,,,,,,,,,,,,,,,,,,,,,,,,,0.0,0.0,0.0,0.8999999999999999,0.40000000000000036,0.0,0.20000000000000018,0.10000000000000009,0.0,-0.10000000000000009,,,,,0.0,0.0,0.0,0.0,1.4000000000000004,1.6000000000000005,1.7999999999999998,0.5,0.40000000000000036,0.3000000000000007,,,,,0.0,0.0,0.0,1.0,1.4000000000000004,5.3,4.8999999999999995,2.3000000000000003,0.6000000000000001,-0.3999999999999999,,,,,0.0,0.0,0.0,-1.8000000000000003,-1.0,1.5999999999999996,1.0,0.40000000000000036,-0.6000000000000005,-0.5,,,,,0.0,0.0,0.0,0.20000000000000018,1.6999999999999997,0.0,0.0,0.0,0.0,0.0,,,,,0.0,0.0,0.0,0.7999999999999998,0.5,-0.3000000000000007,0.39999999999999947,0.0,-0.3000000000000007,-0.20000000000000018,,,,,0.0,0.0,0.0,0.0,0.029999999999999805,0.040000000000000036,0.050000000000000044,0.050000000000000044,0.040000000000000036,0.040000000000000036,,,,,0.0,0.0,0.0,0.30000000000000027,2.6999999999999997,-0.5,-0.20000000000000018,-0.6000000000000001,-0.09999999999999964,-0.30000000000000027,,,,
1995-11-08,5.1,2.7,1.3,4.1,2.6,2.7,2.7,2.1,2.7,2.5,2.9,1.9,2.0,,1.3,2.2,1.6,0.5,2.1,2.5,2.2,2.1,1.9,2.1,1.9,1.9,1.8,,5.6,5.5,5.7,5.6,5.6,5.6,5.6,5.6,5.6,5.6,5.6,5.7,5.7,,2.2,3.2,3.2,2.1,2.1,3.2,3.4,3.0,3.0,2.9,2.9,2.9,2.9,,2.3,3.3,3.6,2.5,2.7,2.9,2.9,2.9,3.0,3.0,3.0,3.0,3.0,,,,,,,,,,,,,,,,,,,,,,,,,,,,,,5.1,1.6,3.4,2.9,3.5,2.0,2.3,2.2,2.2,2.6,2.7,1.8,1.8,,17.6,21.5,11.3,9.6,13.0,8.1,6.9,6.0,6.1,5.2,5.2,5.1,5.3,,2.3,-3.4,-13.7,11.1,9.7,8.3,3.3,1.9,1.5,0.6,0.6,0.5,0.4,,-14.4,-3.8,-2.9,4.8,-16.3,0.0,-8.1,-5.4,-5.2,-2.9,-3.0,-3.0,-6.3,,2.3,1.0,2.0,3.1,2.1,1.8,1.8,1.9,2.1,2.1,1.9,2.1,1.8,,6.4,4.7,3.0,4.6,4.8,5.3,5.0,4.2,4.6,4.6,4.8,3.9,3.8,,1.51,1.31,1.28,1.4,1.45,1.44,1.45,1.45,1.45,1.45,1.45,1.44,1.44,,5.9,5.2,-2.3,3.5,0.5,4.5,3.8,3.7,3.3,3.3,3.3,2.0,2.0,,1.0999999999999996,-2.3999999999999995,-1.4000000000000001,2.9999999999999996,0.3999999999999999,0.20000000000000018,0.40000000000000036,-0.10000000000000009,0.5,0.3999999999999999,0.8999999999999999,-0.10000000000000009,0.0,,-0.5999999999999999,0.9000000000000001,-0.6000000000000001,-1.1,-0.6000000000000001,-0.10000000000000009,-0.5999999999999996,0.0,0.09999999999999987,0.20000000000000018,-0.20000000000000018,0.0,0.0,,-0.40000000000000036,-0.09999999999999964,0.20000000000000018,-0.10000000000000053,-0.10000000000000053,-0.20000000000000018,-0.20000000000000018,-0.3000000000000007,-0.3000000000000007,-0.40000000000000036,-0.40000000000000036,-0.39999999999999947,-0.39999999999999947,,-1.4,1.0,0.0,-1.1,0.10000000000000009,0.40000000000000036,0.3999999999999999,-0.10000000000000009,0.10000000000000009,0.19999999999999973,0.19999999999999973,0.19999999999999973,0.19999999999999973,,-0.8000000000000003,1.0,0.30000000000000027,-1.1,0.10000000000000009,0.0,0.10000000000000009,0.10000000000000009,0.2999999999999998,0.2999999999999998,0.2999999999999998,0.2999999999999998,0.2999999999999998,,,,,,,,,,,,,,,,,,,,,,,,,,,,,,1.9999999999999996,-3.4999999999999996,1.7999999999999998,-0.5,0.2999999999999998,-0.20000000000000018,0.09999999999999964,0.10000000000000009,0.10000000000000009,0.6000000000000001,0.7000000000000002,0.0,0.0,,3.5000000000000018,3.8999999999999986,-10.2,-2.200000000000001,3.0,0.1999999999999993,0.6000000000000005,0.0,0.1999999999999993,-0.7000000000000002,-0.20000000000000018,0.0,0.20000000000000018,,8.3,-5.699999999999999,-10.299999999999999,24.299999999999997,5.299999999999999,-4.799999999999999,-4.8999999999999995,-2.5000000000000004,-1.1,-0.9,1.0,1.0,0.8,,-25.3,10.600000000000001,0.8999999999999999,9.7,-13.0,6.2,-1.7999999999999998,1.0999999999999996,0.7000000000000002,1.6999999999999997,1.9000000000000004,0.6000000000000001,-2.8,,-2.0,-1.2999999999999998,1.0,1.5,-1.7999999999999998,0.6000000000000001,1.0,0.3999999999999999,0.40000000000000013,0.6000000000000001,0.5,0.5,0.19999999999999996,,0.20000000000000018,-1.7000000000000002,-1.7000000000000002,1.7999999999999998,-0.2999999999999998,0.20000000000000018,-0.09999999999999964,-0.09999999999999964,0.5,0.5,0.7000000000000002,0.0,-0.10000000000000009,,0.040000000000000036,-0.19999999999999996,-0.030000000000000027,0.11999999999999988,0.050000000000000044,0.010000000000000009,0.0,-0.010000000000000009,-0.010000000000000009,-0.010000000000000009,-0.020000000000000018,-0.030000000000000027,-0.040000000000000036,,1.0,-0.7000000000000002,-7.5,5.9,-3.3,2.6,0.7999999999999998,1.1,0.5999999999999996,0.8999999999999999,0.8999999999999999,-0.2999999999999998,-0.3999999999999999,
1995-12-14,5.1,2.7,1.3,5.4,1.9,2.5,2.4,2.0,2.9,2.5,2.7,2.1,2.4,,1.3,2.2,1.6,0.5,1.9,2.6,2.2,2.0,1.9,2.1,1.9,1.9,1.7,,5.6,5.5,5.7,5.6,5.6,5.6,5.6,5.6,5.6,5.6,5.6,5.6,5.6,,2.2,3.2,3.2,2.1,2.3,3.1,3.2,3.0,2.9,2.9,2.9,2.9,2.9,,2.3,3.3,3.6,2.5,2.7,2.7,2.9,2.9,3.0,3.0,3.0,3.0,3.0,,,,,,,,,,,,,,,,,,,,,,,,,,,,,,5.1,1.6,3.4,3.1,2.8,2.5,2.3,2.4,2.4,2.7,2.6,2.1,2.1,,17.6,21.5,11.3,10.0,11.0,6.9,6.4,6.1,5.7,5.5,5.5,5.5,5.5,,2.3,-3.4,-13.7,8.2,5.1,5.9,1.1,0.6,1.4,0.6,0.6,0.5,0.5,,-14.4,-3.8,-2.9,4.8,-19.0,0.3,-9.5,-4.2,1.9,-11.9,-2.3,1.8,-4.2,,2.3,1.0,2.0,3.4,4.1,1.8,1.8,1.8,2.1,2.1,1.9,2.1,1.8,,6.4,4.7,3.0,5.9,3.9,5.1,4.7,4.0,4.8,4.7,4.7,4.1,4.2,,1.51,1.31,1.28,1.4,1.38,1.39,1.39,1.39,1.39,1.39,1.39,1.38,1.38,,6.4,3.9,-1.4,3.2,1.3,3.0,3.3,3.2,3.5,3.6,3.4,2.6,2.8,,0.0,0.0,0.0,1.3000000000000007,-0.7000000000000002,-0.20000000000000018,-0.30000000000000027,-0.10000000000000009,0.19999999999999973,0.0,-0.19999999999999973,0.20000000000000018,0.3999999999999999,,0.0,0.0,0.0,0.0,-0.20000000000000018,0.10000000000000009,0.0,-0.10000000000000009,0.0,0.0,0.0,0.0,-0.10000000000000009,,0.0,0.0,0.0,0.0,0.0,0.0,0.0,0.0,0.0,0.0,0.0,-0.10000000000000053,-0.10000000000000053,,0.0,0.0,0.0,0.0,0.19999999999999973,-0.10000000000000009,-0.19999999999999973,0.0,-0.10000000000000009,0.0,0.0,0.0,0.0,,0.0,0.0,0.0,0.0,0.0,-0.19999999999999973,0.0,0.0,0.0,0.0,0.0,0.0,0.0,,,,,,,,,,,,,,,,,,,,,,,,,,,,,,0.0,0.0,0.0,0.20000000000000018,-0.7000000000000002,0.5,0.0,0.19999999999999973,0.19999999999999973,0.10000000000000009,-0.10000000000000009,0.30000000000000004,0.30000000000000004,,0.0,0.0,0.0,0.40000000000000036,-2.0,-1.1999999999999993,-0.5,0.09999999999999964,-0.39999999999999947,0.2999999999999998,0.2999999999999998,0.40000000000000036,0.20000000000000018,,0.0,0.0,0.0,-2.9000000000000004,-4.6,-2.4000000000000004,-2.1999999999999997,-1.2999999999999998,-0.10000000000000009,0.0,0.0,0.0,0.09999999999999998,,0.0,0.0,0.0,0.0,-2.6999999999999993,0.3,-1.4000000000000004,1.2000000000000002,7.1,-9.0,0.7000000000000002,4.8,2.0999999999999996,,0.0,0.0,0.0,0.2999999999999998,1.9999999999999996,0.0,0.0,-0.09999999999999987,0.0,0.0,0.0,0.0,0.0,,0.0,0.0,0.0,1.3000000000000007,-0.8999999999999999,-0.20000000000000018,-0.2999999999999998,-0.20000000000000018,0.20000000000000018,0.10000000000000053,-0.09999999999999964,0.19999999999999973,0.40000000000000036,,0.0,0.0,0.0,0.0,-0.07000000000000006,-0.050000000000000044,-0.06000000000000005,-0.06000000000000005,-0.06000000000000005,-0.06000000000000005,-0.06000000000000005,-0.06000000000000005,-0.06000000000000005,,0.5,-1.3000000000000003,0.8999999999999999,-0.2999999999999998,0.8,-1.5,-0.5,-0.5,0.20000000000000018,0.30000000000000027,0.10000000000000009,0.6000000000000001,0.7999999999999998,
1996-01-26,0.6,0.5,3.2,1.9,0.8,2.0,2.0,2.5,1.9,2.1,1.6,2.3,,,3.2,2.3,2.4,2.6,3.4,2.4,2.6,2.4,2.7,2.5,2.6,2.5,,,5.5,5.7,5.6,5.6,5.6,5.6,5.6,5.6,5.6,5.6,5.6,5.6,,,3.2,3.2,2.1,2.3,3.3,3.0,3.0,2.9,2.9,2.9,2.9,2.9,,,3.3,3.6,2.5,2.7,2.6,2.8,2.9,2.9,3.0,3.0,3.0,3.0,,,,,,,,,,,,,,,,,,,,,,,,,,,,,,,0.8,3.4,2.9,1.8,2.3,2.6,2.4,2.4,2.4,2.4,2.4,2.4,,,15.3,3.6,5.3,7.1,-1.0,3.6,3.2,3.3,3.4,3.4,3.2,3.6,,,-6.3,-13.3,8.4,3.5,3.3,3.9,0.9,1.3,0.8,0.9,0.8,0.8,,,-6.3,-1.1,-5.5,-15.9,-3.7,-1.9,-3.3,0.3,-4.8,-2.4,-2.5,-1.7,,,2.3,2.1,2.8,3.7,2.2,2.2,2.2,2.1,2.5,2.5,2.5,2.7,,,3.9,2.8,5.7,4.6,4.3,4.5,4.6,4.9,4.6,4.6,4.2,4.9,,,1.31,1.28,1.41,1.39,1.39,1.39,1.39,1.39,1.39,1.39,1.38,1.38,,,3.9,-1.4,3.2,0.8,0.1,2.9,3.0,3.4,3.7,3.3,2.5,3.0,,,-4.5,-2.2,1.9000000000000001,-3.5000000000000004,-1.0999999999999999,-0.5,-0.3999999999999999,0.5,-1.0,-0.3999999999999999,-1.1,0.19999999999999973,,,1.9000000000000001,0.09999999999999964,0.7999999999999998,2.1,1.5,-0.20000000000000018,0.3999999999999999,0.3999999999999999,0.8000000000000003,0.3999999999999999,0.7000000000000002,0.6000000000000001,,,-0.09999999999999964,0.20000000000000018,-0.10000000000000053,0.0,0.0,0.0,0.0,0.0,0.0,0.0,0.0,0.0,,,1.0,0.0,-1.1,0.19999999999999973,1.0,-0.10000000000000009,-0.20000000000000018,-0.10000000000000009,0.0,0.0,0.0,0.0,,,1.0,0.30000000000000027,-1.1,0.20000000000000018,-0.10000000000000009,0.09999999999999964,0.0,0.0,0.0,0.0,0.0,0.0,,,,,,,,,,,,,,,,,,,,,,,,,,,,,,,-4.3,1.7999999999999998,-0.5,-1.3,-0.5,0.10000000000000009,0.10000000000000009,0.0,0.0,-0.30000000000000027,-0.20000000000000018,0.2999999999999998,,,-2.3000000000000007,-17.9,-6.000000000000001,-2.9000000000000004,-12.0,-3.3000000000000003,-3.2,-2.8,-2.3000000000000003,-2.1,-2.3,-1.9,,,-8.6,-9.9,22.1,-4.699999999999999,-1.7999999999999998,-2.0000000000000004,-0.20000000000000007,0.7000000000000001,-0.5999999999999999,0.30000000000000004,0.20000000000000007,0.30000000000000004,,,8.100000000000001,2.6999999999999997,-2.6,-20.7,15.3,-2.1999999999999997,6.2,4.5,-6.699999999999999,9.5,-0.20000000000000018,-3.5,,,0.0,1.1,0.7999999999999998,0.30000000000000027,-1.8999999999999995,0.40000000000000013,0.40000000000000013,0.30000000000000004,0.3999999999999999,0.3999999999999999,0.6000000000000001,0.6000000000000001,,,-2.5000000000000004,-1.9000000000000004,2.7,-1.3000000000000007,0.3999999999999999,-0.5999999999999996,-0.10000000000000053,0.9000000000000004,-0.20000000000000018,-0.10000000000000053,-0.5,0.8000000000000007,,,-0.19999999999999996,-0.030000000000000027,0.1299999999999999,-0.010000000000000009,0.010000000000000009,0.0,0.0,0.0,0.0,0.0,-0.010000000000000009,0.0,,,-2.5000000000000004,-5.3,4.6,-2.4000000000000004,-1.2,-0.10000000000000009,-0.2999999999999998,0.19999999999999973,0.20000000000000018,-0.30000000000000027,-0.8999999999999999,0.3999999999999999,,
1996-03-21,0.6,0.5,3.6,0.3,1.5,3.4,1.8,2.3,2.1,2.1,1.8,2.3,,,3.2,2.3,2.2,1.8,3.0,2.4,2.5,2.5,2.8,2.7,2.5,2.7,,,5.5,5.7,5.6,5.5,5.6,5.6,5.6,5.6,5.6,5.6,5.6,5.6,,,3.2,3.2,2.1,2.1,3.2,3.4,2.9,2.9,3.0,3.0,3.0,3.0,,,3.3,3.6,2.5,2.5,2.7,2.8,3.0,3.0,3.1,3.1,3.1,3.1,,,,,,,,,,,,,,,,,,,,,,,,,,,,,,,0.8,3.4,2.8,1.1,2.5,2.4,2.7,2.5,2.5,2.3,2.4,2.5,,,15.3,3.6,5.2,5.4,4.2,1.9,2.9,2.9,4.0,3.8,3.7,3.5,,,-6.3,-13.3,9.2,4.4,6.6,6.7,-2.8,-2.5,-1.2,0.0,0.8,0.4,,,-6.3,-1.1,-5.9,-11.9,-3.2,-1.9,-3.4,-0.9,-3.5,-2.0,-3.1,-2.3,,,2.3,2.1,2.7,1.7,3.0,2.2,2.2,2.1,2.5,2.5,2.5,2.7,,,3.9,2.8,5.8,2.1,4.5,5.9,4.4,4.9,4.9,4.8,4.3,5.1,,,1.31,1.28,1.42,1.41,1.47,1.44,1.4,1.39,1.39,1.39,1.38,1.38,,,3.9,-1.4,3.2,0.4,0.9,5.3,2.7,3.1,2.7,2.7,2.2,3.2,,,0.0,0.0,0.3999999999999999,-1.5999999999999999,0.7,1.4,-0.19999999999999996,-0.20000000000000018,0.20000000000000018,0.0,0.19999999999999996,0.0,,,0.0,0.0,-0.19999999999999973,-0.8,-0.3999999999999999,0.0,-0.10000000000000009,0.10000000000000009,0.09999999999999964,0.20000000000000018,-0.10000000000000009,0.20000000000000018,,,0.0,0.0,0.0,-0.09999999999999964,0.0,0.0,0.0,0.0,0.0,0.0,0.0,0.0,,,0.0,0.0,0.0,-0.19999999999999973,-0.09999999999999964,0.3999999999999999,-0.10000000000000009,0.0,0.10000000000000009,0.10000000000000009,0.10000000000000009,0.10000000000000009,,,0.0,0.0,0.0,-0.20000000000000018,0.10000000000000009,0.0,0.10000000000000009,0.10000000000000009,0.10000000000000009,0.10000000000000009,0.10000000000000009,0.10000000000000009,,,,,,,,,,,,,,,,,,,,,,,,,,,,,,,0.0,0.0,-0.10000000000000009,-0.7,0.20000000000000018,-0.20000000000000018,0.30000000000000027,0.10000000000000009,0.10000000000000009,-0.10000000000000009,0.0,0.10000000000000009,,,0.0,0.0,-0.09999999999999964,-1.6999999999999993,5.2,-1.7000000000000002,-0.30000000000000027,-0.3999999999999999,0.6000000000000001,0.3999999999999999,0.5,-0.10000000000000009,,,0.0,0.0,0.7999999999999989,0.9000000000000004,3.3,2.8000000000000003,-3.6999999999999997,-3.8,-2.0,-0.9,0.0,-0.4,,,0.0,0.0,-0.40000000000000036,4.0,0.5,0.0,-0.10000000000000009,-1.2,1.2999999999999998,0.3999999999999999,-0.6000000000000001,-0.5999999999999999,,,0.0,0.0,-0.09999999999999964,-2.0,0.7999999999999998,0.0,0.0,0.0,0.0,0.0,0.0,0.0,,,0.0,0.0,0.09999999999999964,-2.4999999999999996,0.20000000000000018,1.4000000000000004,-0.1999999999999993,0.0,0.3000000000000007,0.20000000000000018,0.09999999999999964,0.1999999999999993,,,0.0,0.0,0.010000000000000009,0.020000000000000018,0.08000000000000007,0.050000000000000044,0.010000000000000009,0.0,0.0,0.0,0.0,0.0,,,0.0,0.0,0.0,-0.4,0.8,2.4,-0.2999999999999998,-0.2999999999999998,-1.0,-0.5999999999999996,-0.2999999999999998,0.20000000000000018,,
1996-05-16,0.5,3.6,0.5,2.5,3.5,2.0,1.9,2.3,2.1,1.8,2.4,,,,2.5,2.2,2.2,2.5,2.5,3.2,2.9,3.1,2.8,2.9,2.9,,,,5.7,5.6,5.5,5.6,5.5,5.5,5.5,5.5,5.5,5.5,5.5,,,,3.5,2.1,2.4,3.2,4.2,3.1,3.0,3.3,3.3,3.2,3.2,,,,3.3,2.8,2.7,2.7,2.7,3.1,3.1,3.2,3.2,3.2,3.2,,,,,,,,,,,,,,,,,,,,,,,,,,,,,,,,3.4,2.8,1.2,3.9,2.5,2.7,2.6,2.6,2.4,2.4,2.4,,,,3.6,5.2,3.1,11.9,6.0,5.3,4.0,4.2,4.3,4.5,4.5,,,,-13.3,9.2,6.4,5.0,9.4,-1.9,-7.5,-3.5,-0.3,0.1,0.2,,,,-1.2,-5.9,-12.8,6.7,-6.1,-5.3,-4.1,-4.0,-3.1,-3.1,-3.2,,,,2.1,2.7,1.5,-1.0,6.0,0.7,2.2,2.4,2.5,2.5,2.7,,,,2.8,5.8,2.3,4.8,5.6,4.7,4.5,5.0,4.6,4.3,4.9,,,,1.29,1.42,1.41,1.47,1.48,1.4,1.36,1.36,1.36,1.35,1.35,,,,-1.4,3.2,0.6,2.5,5.0,3.2,3.4,3.5,3.1,2.6,3.5,,,,-0.09999999999999998,3.1,-3.1,2.2,2.0,-1.4,0.09999999999999987,0.0,0.0,-0.30000000000000004,0.5999999999999999,,,,-0.7000000000000002,-0.09999999999999964,0.0,0.7,-0.5,0.8000000000000003,0.3999999999999999,0.6000000000000001,0.0,0.19999999999999973,0.3999999999999999,,,,0.20000000000000018,-0.10000000000000053,-0.09999999999999964,0.09999999999999964,-0.09999999999999964,-0.09999999999999964,-0.09999999999999964,-0.09999999999999964,-0.09999999999999964,-0.09999999999999964,-0.09999999999999964,,,,0.2999999999999998,-1.1,0.2999999999999998,1.1,1.0,-0.2999999999999998,0.10000000000000009,0.3999999999999999,0.2999999999999998,0.20000000000000018,0.20000000000000018,,,,0.0,-0.8000000000000003,0.20000000000000018,0.20000000000000018,0.0,0.30000000000000027,0.10000000000000009,0.20000000000000018,0.10000000000000009,0.10000000000000009,0.10000000000000009,,,,,,,,,,,,,,,,,,,,,,,,,,,,,,,,2.5999999999999996,-0.6000000000000001,-1.5999999999999999,2.8,0.0,0.30000000000000027,-0.10000000000000009,0.10000000000000009,-0.10000000000000009,0.10000000000000009,0.0,,,,-11.700000000000001,1.6,-2.1,6.5,1.7999999999999998,3.4,1.1,1.3000000000000003,0.2999999999999998,0.7000000000000002,0.7999999999999998,,,,-7.000000000000001,22.5,-2.799999999999999,0.5999999999999996,2.8000000000000007,-8.6,-4.7,-1.0,0.8999999999999999,0.1,-0.6000000000000001,,,,5.1,-4.800000000000001,-6.9,18.6,-2.8999999999999995,-3.4,-0.6999999999999997,-3.1,0.3999999999999999,-1.1,-0.10000000000000009,,,,-0.19999999999999973,0.6000000000000001,-1.2000000000000002,-2.7,3.0,-1.5000000000000002,0.0,0.2999999999999998,0.0,0.0,0.20000000000000018,,,,-1.1,3.0,-3.5,2.6999999999999997,1.0999999999999996,-1.2000000000000002,0.09999999999999964,0.09999999999999964,-0.3000000000000007,-0.5,0.6000000000000005,,,,-0.020000000000000018,0.1399999999999999,-0.010000000000000009,0.06000000000000005,0.010000000000000009,-0.040000000000000036,-0.039999999999999813,-0.029999999999999805,-0.029999999999999805,-0.039999999999999813,-0.029999999999999805,,,,-5.3,4.6,-2.6,2.1,4.1,-2.0999999999999996,0.6999999999999997,0.3999999999999999,0.3999999999999999,-0.10000000000000009,1.2999999999999998,,,
1996-06-26,0.5,3.6,0.5,2.2,3.8,2.3,1.9,2.1,2.2,2.0,2.3,,,,2.5,2.2,2.2,2.3,2.1,2.6,2.7,2.8,2.8,2.8,2.7,,,,5.7,5.6,5.5,5.6,5.5,5.5,5.5,5.5,5.5,5.5,5.5,,,,3.5,2.1,2.4,3.2,4.0,2.6,2.7,3.2,3.4,3.1,3.0,,,,3.3,2.8,2.7,2.7,2.6,3.0,3.0,3.0,3.0,3.1,3.1,,,,,,,,,,,,,,,,,,,,,,,,,,,,,,,,3.4,2.8,1.2,3.6,2.9,2.7,2.6,2.6,2.5,2.4,2.4,,,,3.6,5.2,3.1,13.5,6.0,5.8,3.8,3.7,4.3,4.4,4.4,,,,-13.3,9.2,6.4,6.6,6.8,-2.8,-3.3,-4.2,-0.8,1.4,2.8,,,,-1.1,-5.9,-12.8,8.5,-4.4,-9.1,-4.1,-4.0,-3.1,-3.1,-3.3,,,,2.1,2.7,1.5,-0.8,7.0,0.7,2.2,2.4,2.5,2.5,2.7,,,,2.8,5.8,2.3,4.5,5.4,4.5,4.4,4.4,4.6,4.4,4.6,,,,1.29,1.42,1.41,1.47,1.46,1.39,1.37,1.35,1.35,1.36,1.37,,,,-1.4,3.2,0.6,3.0,5.5,4.4,2.8,3.1,3.1,2.9,3.3,,,,0.0,0.0,0.0,-0.2999999999999998,0.2999999999999998,0.2999999999999998,0.0,-0.19999999999999973,0.10000000000000009,0.19999999999999996,-0.10000000000000009,,,,0.0,0.0,0.0,-0.20000000000000018,-0.3999999999999999,-0.6000000000000001,-0.19999999999999973,-0.30000000000000027,0.0,-0.10000000000000009,-0.19999999999999973,,,,0.0,0.0,0.0,0.0,0.0,0.0,0.0,0.0,0.0,0.0,0.0,,,,0.0,0.0,0.0,0.0,-0.20000000000000018,-0.5,-0.2999999999999998,-0.09999999999999964,0.10000000000000009,-0.10000000000000009,-0.20000000000000018,,,,0.0,0.0,0.0,0.0,-0.10000000000000009,-0.10000000000000009,-0.10000000000000009,-0.20000000000000018,-0.20000000000000018,-0.10000000000000009,-0.10000000000000009,,,,,,,,,,,,,,,,,,,,,,,,,,,,,,,,0.0,0.0,0.0,-0.2999999999999998,0.3999999999999999,0.0,0.0,0.0,0.10000000000000009,0.0,0.0,,,,0.0,0.0,0.0,1.5999999999999996,0.0,0.5,-0.20000000000000018,-0.5,0.0,-0.09999999999999964,-0.09999999999999964,,,,0.0,0.0,0.0,1.5999999999999996,-2.6000000000000005,-0.8999999999999999,4.2,-0.7000000000000002,-0.5,1.2999999999999998,2.5999999999999996,,,,0.09999999999999987,0.0,0.0,1.7999999999999998,1.6999999999999993,-3.8,0.0,0.0,0.0,0.0,-0.09999999999999964,,,,0.0,0.0,0.0,0.19999999999999996,1.0,0.0,0.0,0.0,0.0,0.0,0.0,,,,0.0,0.0,0.0,-0.2999999999999998,-0.1999999999999993,-0.20000000000000018,-0.09999999999999964,-0.5999999999999996,0.0,0.10000000000000053,-0.3000000000000007,,,,0.0,0.0,0.0,0.0,-0.020000000000000018,-0.010000000000000009,0.010000000000000009,-0.010000000000000009,-0.010000000000000009,0.010000000000000009,0.020000000000000018,,,,0.0,0.0,0.0,0.5,0.5,1.2000000000000002,-0.6000000000000001,-0.3999999999999999,0.0,0.2999999999999998,-0.20000000000000018,,,
1996-08-15,3.8,0.3,2.0,3.7,2.6,2.0,2.0,2.1,2.2,2.2,,,,,2.1,2.1,2.3,2.2,2.3,3.0,3.0,2.8,2.8,2.8,,,,,5.6,5.5,5.6,5.4,5.4,5.4,5.4,5.4,5.4,5.4,,,,,2.1,2.4,3.2,3.9,2.7,3.1,3.3,3.5,3.2,3.2,,,,,2.8,2.7,2.7,2.7,3.0,3.0,3.0,3.1,3.2,3.2,,,,,,,,,,,,,,,,,,,,,,,,,,,,,,,,,2.4,1.1,3.5,3.4,2.4,2.8,2.6,2.5,2.4,2.4,,,,,4.9,2.5,11.6,3.4,4.8,5.7,3.8,4.3,4.5,4.4,,,,,9.2,6.4,7.4,17.1,-1.1,-4.0,-4.2,-2.0,-0.4,0.5,,,,,-5.6,-13.2,6.0,6.8,-11.0,-3.2,-5.6,-2.8,-2.0,-2.1,,,,,2.7,1.5,-0.9,6.1,1.2,2.2,2.4,2.5,2.5,2.6,,,,,6.0,2.3,4.2,5.6,4.5,4.8,4.8,4.7,4.8,4.8,,,,,1.42,1.41,1.47,1.48,1.43,1.4,1.38,1.37,1.37,1.37,,,,,3.2,0.6,3.0,6.0,3.0,1.4,3.0,3.0,3.0,3.0,,,,,3.3,-3.3000000000000003,1.5,1.5,-1.1999999999999997,-0.2999999999999998,0.10000000000000009,0.0,0.0,0.20000000000000018,,,,,-0.3999999999999999,-0.10000000000000009,0.09999999999999964,-0.09999999999999964,0.19999999999999973,0.3999999999999999,0.2999999999999998,0.0,0.0,0.0,,,,,-0.10000000000000053,-0.09999999999999964,0.09999999999999964,-0.1999999999999993,-0.09999999999999964,-0.09999999999999964,-0.09999999999999964,-0.09999999999999964,-0.09999999999999964,-0.09999999999999964,,,,,-1.4,0.2999999999999998,0.8000000000000003,0.6999999999999997,-1.2999999999999998,0.5,0.5999999999999996,0.2999999999999998,-0.19999999999999973,0.10000000000000009,,,,,-0.5,-0.09999999999999964,0.0,0.0,0.3999999999999999,0.0,0.0,0.10000000000000009,0.20000000000000018,0.10000000000000009,,,,,,,,,,,,,,,,,,,,,,,,,,,,,,,,,-1.0,-1.6999999999999997,2.3,-0.20000000000000018,-0.5,0.09999999999999964,0.0,-0.10000000000000009,-0.10000000000000009,0.0,,,,,1.3000000000000003,-2.7,8.5,-10.1,-1.2000000000000002,-0.09999999999999964,0.0,0.5999999999999996,0.20000000000000018,0.0,,,,,22.5,-2.799999999999999,1.0,10.500000000000002,-7.9,-1.2000000000000002,-0.9000000000000004,2.2,0.4,-0.8999999999999999,,,,,-4.5,-7.299999999999999,18.8,-1.7000000000000002,-6.6,5.8999999999999995,-1.5,1.2000000000000002,1.1,1.0,,,,,0.6000000000000001,-1.2000000000000002,-2.4,6.8999999999999995,-5.8,1.5000000000000002,0.19999999999999973,0.10000000000000009,0.0,0.10000000000000009,,,,,3.2,-3.5,1.9000000000000004,1.0999999999999996,-0.9000000000000004,0.2999999999999998,0.39999999999999947,0.2999999999999998,0.20000000000000018,0.39999999999999947,,,,,0.1299999999999999,-0.010000000000000009,0.06000000000000005,0.010000000000000009,-0.030000000000000027,0.010000000000000009,0.009999999999999787,0.020000000000000018,0.020000000000000018,0.010000000000000009,,,,,4.6,-2.6,2.4,3.0,-2.5,-3.0000000000000004,0.20000000000000018,-0.10000000000000009,-0.10000000000000009,0.10000000000000009,,,,
1996-09-18,3.8,0.3,2.0,4.7,2.4,2.2,2.1,2.1,2.2,2.2,2.1,2.1,2.1,2.1,2.1,2.1,2.3,2.2,2.1,2.6,3.0,2.7,2.6,2.7,2.9,2.7,2.8,2.8,5.6,5.5,5.6,5.4,5.3,5.4,5.4,5.4,5.4,5.4,5.4,5.4,5.4,5.4,2.1,2.4,3.2,3.9,2.4,3.5,3.4,2.9,2.8,3.1,2.9,2.9,2.9,2.9,2.8,2.7,2.7,2.7,2.6,2.8,2.9,3.0,3.1,3.2,3.0,3.0,3.1,3.2,,,,,,,,,,,,,,,,,,,,,,,,,,,,,2.4,1.1,3.5,3.3,1.7,3.3,2.8,2.7,2.6,2.5,2.4,2.4,2.4,2.4,4.9,2.5,11.6,4.0,8.3,6.7,4.8,5.0,5.3,5.2,5.5,5.4,5.8,5.7,9.2,6.4,7.4,16.5,-1.4,-4.7,-5.4,-3.8,-0.2,0.9,1.1,1.1,1.0,1.0,-5.6,-13.2,6.0,10.7,-7.6,-5.6,-6.1,-3.2,-2.2,-2.4,-3.2,-2.5,-2.5,-2.5,2.7,1.5,-0.9,6.7,0.5,2.3,2.4,2.5,2.5,2.6,2.5,2.5,2.4,2.4,6.0,2.3,4.2,6.6,4.2,4.5,5.0,4.6,4.6,4.6,4.7,4.6,4.5,4.6,1.42,1.41,1.47,1.49,1.43,1.4,1.38,1.37,1.37,1.37,1.37,1.37,1.37,1.37,3.2,0.6,3.0,6.5,4.9,2.9,3.3,3.1,3.2,3.3,3.4,3.3,3.3,3.4,0.0,0.0,0.0,1.0,-0.20000000000000018,0.20000000000000018,0.10000000000000009,0.0,0.0,0.0,,,,,0.0,0.0,0.0,0.0,-0.19999999999999973,-0.3999999999999999,0.0,-0.09999999999999964,-0.19999999999999973,-0.09999999999999964,,,,,0.0,0.0,0.0,0.0,-0.10000000000000053,0.0,0.0,0.0,0.0,0.0,,,,,0.0,0.0,0.0,0.0,-0.30000000000000027,0.3999999999999999,0.10000000000000009,-0.6000000000000001,-0.40000000000000036,-0.10000000000000009,,,,,0.0,0.0,0.0,0.0,-0.3999999999999999,-0.20000000000000018,-0.10000000000000009,-0.10000000000000009,-0.10000000000000009,0.0,,,,,,,,,,,,,,,,,,,,,,,,,,,,,,,,,0.0,0.0,0.0,-0.10000000000000009,-0.7,0.5,0.19999999999999973,0.20000000000000018,0.20000000000000018,0.10000000000000009,,,,,0.0,0.0,0.0,0.6000000000000001,3.500000000000001,1.0,1.0,0.7000000000000002,0.7999999999999998,0.7999999999999998,,,,,0.0,0.0,0.0,-0.6000000000000014,-0.2999999999999998,-0.7000000000000002,-1.2000000000000002,-1.7999999999999998,0.2,0.4,,,,,0.0,0.0,0.0,3.8999999999999995,3.4000000000000004,-2.3999999999999995,-0.5,-0.40000000000000036,-0.20000000000000018,-0.2999999999999998,,,,,0.0,0.0,0.0,0.6000000000000005,-0.7,0.09999999999999964,0.0,0.0,0.0,0.0,,,,,0.0,0.0,0.0,1.0,-0.2999999999999998,-0.2999999999999998,0.20000000000000018,-0.10000000000000053,-0.20000000000000018,-0.20000000000000018,,,,,0.0,0.0,0.0,0.010000000000000009,0.0,0.0,0.0,0.0,0.0,0.0,,,,,0.0,0.0,0.0,0.5,1.9000000000000004,1.5,0.2999999999999998,0.10000000000000009,0.20000000000000018,0.2999999999999998,,,,
1996-11-06,0.3,2.0,4.7,2.5,1.8,2.4,2.2,2.2,2.1,2.1,2.1,2.1,2.1,,2.1,2.3,2.2,1.9,2.5,2.9,2.4,2.4,2.4,2.7,2.5,2.7,2.7,,5.5,5.6,5.4,5.2,5.2,5.2,5.2,5.2,5.2,5.2,5.2,5.2,5.2,,2.4,3.2,3.9,2.3,3.3,3.1,2.6,2.6,2.9,2.8,2.8,2.8,2.9,,2.7,2.7,2.7,2.4,2.9,2.8,2.9,3.0,3.1,2.9,3.0,3.0,3.1,,,,,,,,,,,,,,,,,,,,,,,,,,,,,,1.1,3.5,3.4,0.4,3.8,3.3,2.5,2.6,2.5,2.5,2.5,2.4,2.4,,2.5,11.6,3.8,16.2,3.6,6.0,4.5,5.1,5.0,5.3,5.6,5.9,5.9,,6.4,7.4,16.3,-6.6,-6.0,-2.4,-2.2,-0.4,0.5,1.2,1.3,1.4,1.3,,-13.2,6.0,9.4,-4.0,-5.5,-7.0,-1.7,-0.7,-0.4,-5.0,-4.6,-1.0,-3.7,,1.5,-0.9,6.7,1.7,2.2,2.4,2.4,2.5,2.6,2.5,2.5,2.4,2.4,,2.3,4.2,6.5,4.1,4.0,5.4,4.4,4.3,4.1,4.4,4.3,4.3,4.4,,1.41,1.47,1.49,1.48,1.45,1.43,1.42,1.41,1.41,1.41,1.41,1.41,1.41,,0.6,3.0,6.7,4.4,1.1,3.8,3.0,2.9,2.7,3.2,3.3,3.0,3.4,,-3.5,1.7,2.7,-2.2,-0.5999999999999999,0.19999999999999973,0.10000000000000009,0.10000000000000009,-0.10000000000000009,-0.10000000000000009,0.0,0.0,0.0,,0.0,0.19999999999999973,-0.09999999999999964,-0.30000000000000027,0.3999999999999999,0.2999999999999998,-0.6000000000000001,-0.30000000000000027,-0.20000000000000018,0.0,-0.3999999999999999,0.0,-0.09999999999999964,,-0.09999999999999964,0.09999999999999964,-0.1999999999999993,-0.20000000000000018,-0.09999999999999964,-0.20000000000000018,-0.20000000000000018,-0.20000000000000018,-0.20000000000000018,-0.20000000000000018,-0.20000000000000018,-0.20000000000000018,-0.20000000000000018,,0.2999999999999998,0.8000000000000003,0.6999999999999997,-1.6,0.8999999999999999,-0.3999999999999999,-0.7999999999999998,-0.2999999999999998,0.10000000000000009,-0.30000000000000027,-0.10000000000000009,-0.10000000000000009,0.0,,-0.09999999999999964,0.0,0.0,-0.30000000000000027,0.2999999999999998,0.0,0.0,0.0,0.0,-0.30000000000000027,0.0,0.0,0.0,,,,,,,,,,,,,,,,,,,,,,,,,,,,,,-1.2999999999999998,2.4,-0.10000000000000009,-2.9,2.0999999999999996,0.0,-0.2999999999999998,-0.10000000000000009,-0.10000000000000009,0.0,0.10000000000000009,0.0,0.0,,-2.4000000000000004,9.1,-7.8,12.2,-4.700000000000001,-0.7000000000000002,-0.2999999999999998,0.09999999999999964,-0.2999999999999998,0.09999999999999964,0.09999999999999964,0.5,0.10000000000000053,,-2.799999999999999,1.0,8.9,-23.1,-4.6,2.3000000000000003,3.2,3.4,0.7,0.29999999999999993,0.19999999999999996,0.2999999999999998,0.30000000000000004,,-7.6,19.2,3.4000000000000004,-14.7,2.0999999999999996,-1.4000000000000004,4.3999999999999995,2.5,1.8000000000000003,-2.6,-1.3999999999999995,1.5,-1.2000000000000002,,-1.2000000000000002,-2.4,7.6000000000000005,-5.0,1.7000000000000002,0.10000000000000009,0.0,0.0,0.10000000000000009,-0.10000000000000009,0.0,-0.10000000000000009,0.0,,-3.7,1.9000000000000004,2.3,-2.5,-0.20000000000000018,0.9000000000000004,-0.5999999999999996,-0.2999999999999998,-0.5,-0.1999999999999993,-0.40000000000000036,-0.2999999999999998,-0.09999999999999964,,-0.010000000000000009,0.06000000000000005,0.020000000000000018,-0.010000000000000009,0.020000000000000018,0.030000000000000027,0.040000000000000036,0.039999999999999813,0.039999999999999813,0.039999999999999813,0.039999999999999813,0.039999999999999813,0.039999999999999813,,-2.6,2.4,3.7,-2.0999999999999996,-3.8000000000000003,0.8999999999999999,-0.2999999999999998,-0.20000000000000018,-0.5,-0.09999999999999964,-0.10000000000000009,-0.2999999999999998,0.10000000000000009,
1996-12-12,0.3,2.0,4.7,2.3,2.3,2.1,2.3,2.3,2.2,2.1,1.9,1.9,1.9,,2.1,2.3,2.2,1.9,2.5,3.2,2.3,2.3,2.3,2.6,2.5,2.6,2.7,,5.5,5.6,5.4,5.2,5.3,5.2,5.2,5.2,5.2,5.2,5.2,5.2,5.2,,2.4,3.2,3.9,2.3,3.3,3.0,2.3,2.6,2.7,2.7,2.7,2.8,2.8,,2.7,2.7,2.7,2.4,2.7,2.7,2.8,2.9,2.9,2.8,2.9,2.9,3.0,,,,,,,,,,,,,,,,,,,,,,,,,,,,,,1.1,3.5,3.4,0.6,3.2,3.4,3.0,3.0,2.5,2.3,2.2,2.1,2.1,,2.5,11.6,3.8,16.9,5.0,4.1,6.3,4.7,5.4,5.6,5.6,6.0,6.0,,6.4,7.4,16.3,-5.9,-9.8,-3.4,-2.8,0.8,0.7,0.5,0.9,1.2,1.3,,-13.2,6.0,9.4,-3.4,-4.5,-7.0,-1.0,-0.2,-1.6,-5.3,-4.9,-1.1,-6.1,,1.5,-0.9,6.7,1.4,3.6,2.4,2.4,2.5,2.6,2.5,2.5,2.4,2.4,,2.3,4.2,6.5,3.7,4.5,5.3,4.5,4.3,4.3,4.5,4.2,4.1,4.2,,1.41,1.47,1.49,1.48,1.41,1.4,1.38,1.38,1.37,1.36,1.36,1.36,1.36,,0.6,3.0,6.7,4.4,2.2,4.1,2.8,2.7,2.9,3.3,3.1,2.9,3.2,,0.0,0.0,0.0,-0.20000000000000018,0.4999999999999998,-0.2999999999999998,0.09999999999999964,0.09999999999999964,0.10000000000000009,0.0,-0.20000000000000018,-0.20000000000000018,-0.20000000000000018,,0.0,0.0,0.0,0.0,0.0,0.30000000000000027,-0.10000000000000009,-0.10000000000000009,-0.10000000000000009,-0.10000000000000009,0.0,-0.10000000000000009,0.0,,0.0,0.0,0.0,0.0,0.09999999999999964,0.0,0.0,0.0,0.0,0.0,0.0,0.0,0.0,,0.0,0.0,0.0,0.0,0.0,-0.10000000000000009,-0.30000000000000027,0.0,-0.19999999999999973,-0.09999999999999964,-0.09999999999999964,0.0,-0.10000000000000009,,0.0,0.0,0.0,0.0,-0.19999999999999973,-0.09999999999999964,-0.10000000000000009,-0.10000000000000009,-0.20000000000000018,-0.10000000000000009,-0.10000000000000009,-0.10000000000000009,-0.10000000000000009,,,,,,,,,,,,,,,,,,,,,,,,,,,,,,0.0,0.0,0.0,0.19999999999999996,-0.5999999999999996,0.10000000000000009,0.5,0.3999999999999999,0.0,-0.20000000000000018,-0.2999999999999998,-0.2999999999999998,-0.2999999999999998,,0.0,0.0,0.0,0.6999999999999993,1.4,-1.9000000000000004,1.7999999999999998,-0.39999999999999947,0.40000000000000036,0.2999999999999998,0.0,0.09999999999999964,0.09999999999999964,,0.0,0.0,0.0,0.6999999999999993,-3.8000000000000007,-1.0,-0.5999999999999996,1.2000000000000002,0.19999999999999996,-0.7,-0.4,-0.19999999999999996,0.0,,0.0,0.0,0.0,0.6000000000000001,1.0,0.0,0.7,0.49999999999999994,-1.2000000000000002,-0.2999999999999998,-0.3000000000000007,-0.10000000000000009,-2.3999999999999995,,0.0,0.0,0.0,-0.30000000000000004,1.4,0.0,0.0,0.0,0.0,0.0,0.0,0.0,0.0,,0.0,0.0,0.0,-0.39999999999999947,0.5,-0.10000000000000053,0.09999999999999964,0.0,0.20000000000000018,0.09999999999999964,-0.09999999999999964,-0.20000000000000018,-0.20000000000000018,,0.0,0.0,0.0,0.0,-0.040000000000000036,-0.030000000000000027,-0.040000000000000036,-0.030000000000000027,-0.039999999999999813,-0.04999999999999982,-0.04999999999999982,-0.04999999999999982,-0.04999999999999982,,0.0,0.0,0.0,0.0,1.1,0.2999999999999998,-0.20000000000000018,-0.19999999999999973,0.19999999999999973,0.09999999999999964,-0.19999999999999973,-0.10000000000000009,-0.19999999999999973,
1997-01-29,2.0,4.7,2.1,3.5,1.7,2.4,2.4,2.4,2.2,2.1,2.1,2.0,,,2.3,2.2,2.0,2.5,3.2,2.7,2.2,2.3,2.8,2.7,2.8,2.9,,,5.6,5.4,5.3,5.3,5.2,5.1,5.1,5.1,5.1,5.0,5.0,5.0,,,3.2,3.9,2.3,3.1,3.1,2.3,2.3,2.8,2.9,2.9,3.0,3.1,,,2.7,2.7,2.4,2.7,2.3,2.8,3.0,3.1,3.2,3.2,3.2,3.3,,,,,,,,,,,,,,,,,,,,,,,,,,,,,,,3.5,3.4,0.5,3.0,3.5,3.4,3.1,2.7,2.4,2.3,2.2,2.2,,,11.6,3.8,17.5,2.7,6.0,6.9,6.0,6.0,6.0,6.3,6.1,6.3,,,7.4,16.3,-5.2,-8.3,-6.6,1.5,-1.6,0.2,-1.0,-1.0,0.0,0.3,,,6.0,9.4,-3.5,-1.8,-9.4,-0.7,0.1,-2.7,-4.8,-4.5,-0.6,-6.2,,,-0.9,6.7,1.1,3.5,2.6,2.4,2.5,2.6,2.4,2.5,2.3,2.4,,,4.2,6.5,3.8,5.9,4.6,4.9,4.4,4.6,4.6,4.5,4.5,4.7,,,1.47,1.49,1.49,1.41,1.41,1.37,1.37,1.36,1.34,1.34,1.34,1.34,,,1.6,6.2,3.3,3.8,2.9,3.0,2.6,3.1,3.3,2.9,2.7,3.3,,,1.7,2.7,-2.6,1.2000000000000002,-0.5999999999999999,0.2999999999999998,0.10000000000000009,0.10000000000000009,0.0,0.0,0.20000000000000018,0.10000000000000009,,,0.19999999999999973,-0.09999999999999964,-0.20000000000000018,0.6000000000000001,0.7000000000000002,-0.5,-0.09999999999999964,0.0,0.5,0.10000000000000009,0.2999999999999998,0.2999999999999998,,,0.09999999999999964,-0.1999999999999993,-0.10000000000000053,0.09999999999999964,-0.09999999999999964,-0.10000000000000053,-0.10000000000000053,-0.10000000000000053,-0.10000000000000053,-0.20000000000000018,-0.20000000000000018,-0.20000000000000018,,,0.8000000000000003,0.6999999999999997,-1.6,0.8000000000000003,-0.19999999999999973,-0.7000000000000002,0.0,0.19999999999999973,0.19999999999999973,0.19999999999999973,0.2999999999999998,0.30000000000000027,,,0.0,0.0,-0.30000000000000027,0.30000000000000027,-0.40000000000000036,0.09999999999999964,0.20000000000000018,0.20000000000000018,0.30000000000000027,0.40000000000000036,0.30000000000000027,0.3999999999999999,,,,,,,,,,,,,,,,,,,,,,,,,,,,,,,2.4,-0.10000000000000009,-2.9,2.4,0.2999999999999998,0.0,0.10000000000000009,-0.2999999999999998,-0.10000000000000009,0.0,0.0,0.10000000000000009,,,9.1,-7.8,13.7,-14.2,1.0,2.8000000000000007,-0.2999999999999998,1.2999999999999998,0.5999999999999996,0.7000000000000002,0.5,0.2999999999999998,,,1.0,8.9,-21.5,-2.4000000000000004,3.200000000000001,4.9,1.1999999999999997,-0.6000000000000001,-1.7,-1.5,-0.9,-0.8999999999999999,,,19.2,3.4000000000000004,-12.9,1.5999999999999999,-4.9,6.3,1.1,-2.5,-3.1999999999999997,0.7999999999999998,4.300000000000001,-5.1,,,-2.4,7.6000000000000005,-5.6,2.1,-1.0,0.0,0.10000000000000009,0.10000000000000009,-0.20000000000000018,0.0,-0.20000000000000018,0.0,,,1.9000000000000004,2.3,-2.7,2.2,0.09999999999999964,-0.39999999999999947,-0.09999999999999964,0.2999999999999998,0.2999999999999998,0.0,0.2999999999999998,0.6000000000000005,,,0.06000000000000005,0.020000000000000018,0.0,-0.07000000000000006,0.0,-0.029999999999999805,-0.009999999999999787,-0.019999999999999796,-0.030000000000000027,-0.020000000000000018,-0.020000000000000018,-0.020000000000000018,,,1.0,3.2,-3.4000000000000004,-0.6000000000000005,0.6999999999999997,-1.0999999999999996,-0.19999999999999973,0.3999999999999999,0.3999999999999999,-0.3999999999999999,-0.3999999999999999,0.3999999999999999,,
1997-03-19,2.0,4.7,2.1,4.3,3.4,2.9,2.5,2.4,2.3,2.1,2.0,2.0,,,2.3,2.2,2.0,1.8,3.1,2.5,2.2,2.2,2.7,2.8,2.9,2.9,,,5.6,5.4,5.3,5.3,5.3,5.1,5.0,5.0,4.9,4.9,4.9,4.9,,,3.2,3.9,2.3,3.1,2.5,2.1,2.6,2.9,2.9,2.9,3.0,3.1,,,2.7,2.7,2.4,2.7,2.2,2.7,3.0,3.1,3.2,3.2,3.2,3.3,,,,,,,,,,,,,,,,,,,,,,,,,,,,,,,3.5,3.4,0.5,3.6,5.0,3.2,3.2,2.7,2.5,2.5,2.5,2.5,,,11.6,3.8,17.5,5.4,7.6,7.7,7.0,6.9,6.2,6.0,5.5,5.0,,,7.4,16.3,-5.2,-0.3,0.9,1.7,-1.8,-1.6,-1.4,-1.5,-1.2,-0.8,,,6.0,9.4,-3.5,-4.9,-1.2,-3.7,-0.6,-0.6,-3.0,-4.9,-1.0,-6.5,,,-0.9,6.7,1.1,2.0,2.7,2.4,2.5,2.6,2.4,2.5,2.3,2.4,,,4.2,6.5,3.8,5.5,6.4,5.3,4.5,4.4,4.8,4.6,4.6,4.6,,,1.46,1.5,1.49,1.42,1.45,1.42,1.39,1.39,1.37,1.35,1.33,1.32,,,1.6,6.2,3.3,4.5,3.5,3.5,3.3,3.2,2.6,2.3,1.7,2.3,,,0.0,0.0,0.0,0.7999999999999998,1.7,0.5,0.10000000000000009,0.0,0.09999999999999964,0.0,-0.10000000000000009,0.0,,,0.0,0.0,0.0,-0.7,-0.10000000000000009,-0.20000000000000018,0.0,-0.09999999999999964,-0.09999999999999964,0.09999999999999964,0.10000000000000009,0.0,,,0.0,0.0,0.0,0.0,0.09999999999999964,0.0,-0.09999999999999964,-0.09999999999999964,-0.1999999999999993,-0.09999999999999964,-0.09999999999999964,-0.09999999999999964,,,0.0,0.0,0.0,0.0,-0.6000000000000001,-0.19999999999999973,0.30000000000000027,0.10000000000000009,0.0,0.0,0.0,0.0,,,0.0,0.0,0.0,0.0,-0.09999999999999964,-0.09999999999999964,0.0,0.0,0.0,0.0,0.0,0.0,,,,,,,,,,,,,,,,,,,,,,,,,,,,,,,0.0,0.0,0.0,0.6000000000000001,1.5,-0.19999999999999973,0.10000000000000009,0.0,0.10000000000000009,0.20000000000000018,0.2999999999999998,0.2999999999999998,,,0.0,0.0,0.0,2.7,1.5999999999999996,0.7999999999999998,1.0,0.9000000000000004,0.20000000000000018,-0.2999999999999998,-0.5999999999999996,-1.2999999999999998,,,0.0,0.0,0.0,8.0,7.5,0.19999999999999996,-0.19999999999999996,-1.8,-0.3999999999999999,-0.5,-1.2,-1.1,,,0.0,0.0,0.0,-3.1000000000000005,8.200000000000001,-3.0,-0.7,2.1,1.7999999999999998,-0.40000000000000036,-0.4,-0.2999999999999998,,,0.0,0.0,0.0,-1.5,0.10000000000000009,0.0,0.0,0.0,0.0,0.0,0.0,0.0,,,0.0,0.0,0.0,-0.40000000000000036,1.8000000000000007,0.39999999999999947,0.09999999999999964,-0.1999999999999993,0.20000000000000018,0.09999999999999964,0.09999999999999964,-0.10000000000000053,,,-0.010000000000000009,0.010000000000000009,0.0,0.010000000000000009,0.040000000000000036,0.04999999999999982,0.019999999999999796,0.029999999999999805,0.030000000000000027,0.010000000000000009,-0.010000000000000009,-0.020000000000000018,,,0.0,0.0,0.0,0.7000000000000002,0.6000000000000001,0.5,0.6999999999999997,0.10000000000000009,-0.6999999999999997,-0.6000000000000001,-1.0000000000000002,-1.0,,
1997-05-15,4.7,2.1,3.8,6.0,1.8,2.5,2.3,2.1,2.0,1.9,1.9,,,,2.2,2.0,1.9,2.8,2.1,2.3,2.4,2.6,2.7,2.7,2.7,,,,5.4,5.3,5.3,5.3,5.0,4.9,4.8,4.8,4.8,4.8,4.8,,,,3.4,2.8,3.3,2.3,1.2,2.7,3.1,2.8,2.9,3.0,3.0,,,,2.7,2.4,2.7,2.2,2.9,2.8,3.1,3.1,3.1,3.1,3.1,,,,,,,,,,,,,,,,,,,,,,,,,,,,,,,,3.4,0.5,3.4,5.8,2.2,3.2,3.0,2.8,2.6,2.5,2.4,,,,3.8,17.5,5.5,12.2,12.2,9.6,6.9,5.6,5.6,5.7,5.5,,,,16.3,-5.2,-1.8,6.4,1.3,-2.0,-1.6,-2.0,-2.5,-2.7,-0.2,,,,9.4,-3.5,-5.3,-3.5,1.2,-0.9,-0.7,-4.2,-4.6,-1.0,-5.8,,,,6.7,1.1,1.9,1.9,2.5,2.5,2.6,2.4,2.4,2.4,2.4,,,,6.5,3.8,5.3,8.1,3.9,4.6,4.5,4.5,4.4,4.3,4.3,,,,1.5,1.49,1.42,1.44,1.43,1.42,1.4,1.38,1.36,1.33,1.33,,,,6.2,3.3,4.5,4.7,3.7,4.1,2.9,2.4,2.2,1.6,2.0,,,,2.7,-2.6,1.6999999999999997,1.7000000000000002,-1.5999999999999999,-0.3999999999999999,-0.20000000000000018,-0.2999999999999998,-0.2999999999999998,-0.20000000000000018,-0.10000000000000009,,,,-0.09999999999999964,-0.20000000000000018,-0.10000000000000009,0.9999999999999998,-1.0,-0.20000000000000018,0.19999999999999973,0.3999999999999999,0.0,-0.09999999999999964,-0.19999999999999973,,,,-0.1999999999999993,-0.10000000000000053,0.0,0.0,-0.2999999999999998,-0.1999999999999993,-0.20000000000000018,-0.20000000000000018,-0.10000000000000053,-0.10000000000000053,-0.10000000000000053,,,,0.19999999999999973,-1.1,1.0,-0.8000000000000003,-1.3,0.6000000000000001,0.5,-0.10000000000000009,0.0,0.10000000000000009,0.0,,,,0.0,-0.30000000000000027,0.30000000000000027,-0.5,0.6999999999999997,0.09999999999999964,0.10000000000000009,0.0,-0.10000000000000009,-0.10000000000000009,-0.10000000000000009,,,,,,,,,,,,,,,,,,,,,,,,,,,,,,,,-0.10000000000000009,-2.9,2.9,2.1999999999999997,-2.8,0.0,-0.20000000000000018,0.09999999999999964,0.10000000000000009,0.0,-0.10000000000000009,,,,-7.8,13.7,-12.0,6.799999999999999,4.6,1.8999999999999995,-0.09999999999999964,-1.3000000000000007,-0.6000000000000005,-0.2999999999999998,0.0,,,,8.9,-21.5,3.4000000000000004,6.7,0.4,-3.7,0.19999999999999996,-0.3999999999999999,-1.1,-1.2000000000000002,1.0,,,,3.4000000000000004,-12.9,-1.7999999999999998,1.4000000000000004,2.4,2.8000000000000003,-0.09999999999999998,-3.6,-1.5999999999999996,3.9000000000000004,-4.8,,,,7.6000000000000005,-5.6,0.7999999999999998,-0.10000000000000009,-0.20000000000000018,0.10000000000000009,0.10000000000000009,-0.20000000000000018,0.0,-0.10000000000000009,0.10000000000000009,,,,2.3,-2.7,1.5,2.5999999999999996,-2.5000000000000004,-0.7000000000000002,0.0,0.09999999999999964,-0.39999999999999947,-0.2999999999999998,-0.2999999999999998,,,,0.040000000000000036,-0.010000000000000009,-0.07000000000000006,0.020000000000000018,-0.020000000000000018,0.0,0.010000000000000009,-0.010000000000000009,-0.010000000000000009,-0.020000000000000018,0.0,,,,4.6,-2.9000000000000004,1.2000000000000002,0.20000000000000018,0.20000000000000018,0.5999999999999996,-0.3999999999999999,-0.8000000000000003,-0.3999999999999999,-0.6999999999999997,0.30000000000000004,,,
1997-06-25,4.7,2.1,3.8,5.8,2.2,2.9,2.8,2.5,2.3,2.0,1.8,,,,2.2,2.0,1.9,2.8,1.9,2.1,2.2,2.5,2.5,2.6,2.6,,,,5.4,5.3,5.3,5.3,4.9,4.8,4.7,4.6,4.6,4.6,4.6,,,,3.4,2.8,3.3,2.3,1.1,2.4,2.8,2.7,2.8,3.0,2.9,,,,2.7,2.4,2.7,2.2,2.9,2.6,2.9,2.9,2.9,3.0,3.0,,,,,,,,,,,,,,,,,,,,,,,,,,,,,,,,3.4,0.5,3.4,5.7,1.4,4.0,3.2,3.1,2.7,2.2,2.1,,,,3.8,17.5,5.5,10.3,13.0,11.3,7.2,7.2,6.3,6.0,5.7,,,,16.3,-5.2,-1.8,6.0,4.4,-2.5,-0.8,-1.4,-1.8,-2.6,-2.3,,,,9.4,-3.5,-5.3,-3.1,4.5,-5.0,2.4,-2.2,-2.9,1.2,-4.1,,,,6.7,1.1,1.9,2.2,2.2,2.5,2.6,2.4,2.4,2.4,2.4,,,,6.5,3.8,5.3,8.1,3.9,4.8,4.7,4.6,4.5,4.2,4.0,,,,1.5,1.49,1.42,1.47,1.44,1.44,1.41,1.39,1.37,1.34,1.34,,,,6.2,3.3,4.5,4.4,4.8,4.2,3.6,2.1,2.0,1.7,1.7,,,,0.0,0.0,0.0,-0.20000000000000018,0.40000000000000013,0.3999999999999999,0.5,0.3999999999999999,0.2999999999999998,0.10000000000000009,-0.09999999999999987,,,,0.0,0.0,0.0,0.0,-0.20000000000000018,-0.19999999999999973,-0.19999999999999973,-0.10000000000000009,-0.20000000000000018,-0.10000000000000009,-0.10000000000000009,,,,0.0,0.0,0.0,0.0,-0.09999999999999964,-0.10000000000000053,-0.09999999999999964,-0.20000000000000018,-0.20000000000000018,-0.20000000000000018,-0.20000000000000018,,,,0.0,0.0,0.0,0.0,-0.09999999999999987,-0.30000000000000027,-0.30000000000000027,-0.09999999999999964,-0.10000000000000009,0.0,-0.10000000000000009,,,,0.0,0.0,0.0,0.0,0.0,-0.19999999999999973,-0.20000000000000018,-0.20000000000000018,-0.20000000000000018,-0.10000000000000009,-0.10000000000000009,,,,,,,,,,,,,,,,,,,,,,,,,,,,,,,,0.0,0.0,0.0,-0.09999999999999964,-0.8000000000000003,0.7999999999999998,0.20000000000000018,0.30000000000000027,0.10000000000000009,-0.2999999999999998,-0.2999999999999998,,,,0.0,0.0,0.0,-1.8999999999999986,0.8000000000000007,1.700000000000001,0.2999999999999998,1.6000000000000005,0.7000000000000002,0.2999999999999998,0.20000000000000018,,,,0.0,0.0,0.0,-0.40000000000000036,3.1000000000000005,-0.5,0.8,0.6000000000000001,0.7,0.10000000000000009,-2.0999999999999996,,,,0.0,0.0,0.0,0.3999999999999999,3.3,-4.1,3.0999999999999996,2.0,1.6999999999999997,2.2,1.7000000000000002,,,,0.0,0.0,0.0,0.30000000000000027,-0.2999999999999998,0.0,0.0,0.0,0.0,0.0,0.0,,,,0.0,0.0,0.0,0.0,0.0,0.20000000000000018,0.20000000000000018,0.09999999999999964,0.09999999999999964,-0.09999999999999964,-0.2999999999999998,,,,0.0,0.0,0.0,0.030000000000000027,0.010000000000000009,0.020000000000000018,0.010000000000000009,0.010000000000000009,0.010000000000000009,0.010000000000000009,0.010000000000000009,,,,0.0,0.0,0.0,-0.2999999999999998,1.0999999999999996,0.10000000000000053,0.7000000000000002,-0.2999999999999998,-0.20000000000000018,0.09999999999999987,-0.30000000000000004,,,
1997-08-14,1.0,4.3,4.9,2.6,2.2,2.4,2.3,2.1,1.9,1.7,,,,,2.7,1.9,2.4,1.5,1.9,2.1,2.3,2.3,2.3,2.4,,,,,5.3,5.3,5.3,4.9,4.8,4.7,4.7,4.7,4.7,4.7,,,,,2.8,3.3,2.3,1.0,2.2,2.6,2.4,2.5,2.7,2.7,,,,,2.4,2.7,2.2,2.9,2.2,2.8,2.7,2.7,2.8,2.8,,,,,,,,,,,,,,,,,,,,,,,,,,,,,,,,,0.5,3.3,5.3,0.8,4.2,3.3,3.1,2.8,2.4,2.1,,,,,16.5,5.9,4.1,15.3,14.6,4.3,6.4,6.1,5.7,5.3,,,,,-4.5,-4.3,3.3,7.5,-5.0,1.9,0.0,-2.5,-3.8,-3.9,,,,,-4.2,-5.2,-5.8,8.4,-5.6,-0.1,-3.0,-2.7,0.9,-3.5,,,,,0.7,3.3,2.7,1.1,2.5,2.5,2.3,2.3,2.3,2.3,,,,,3.6,6.2,7.4,4.2,3.9,4.5,4.4,4.4,4.1,4.0,,,,,1.49,1.42,1.47,1.44,1.44,1.44,1.44,1.42,1.41,1.39,,,,,3.3,4.5,4.4,3.7,4.3,2.7,2.1,2.0,1.7,1.7,,,,,-3.7,2.1999999999999997,1.1000000000000005,-3.1999999999999997,0.0,-0.5,-0.5,-0.3999999999999999,-0.3999999999999999,-0.30000000000000004,,,,,0.5,-0.10000000000000009,0.5,-1.2999999999999998,0.0,0.0,0.09999999999999964,-0.20000000000000018,-0.20000000000000018,-0.20000000000000018,,,,,-0.10000000000000053,0.0,0.0,-0.39999999999999947,-0.10000000000000053,-0.09999999999999964,0.0,0.10000000000000053,0.10000000000000053,0.10000000000000053,,,,,-0.6000000000000001,0.5,-1.0,-1.2999999999999998,1.1,0.20000000000000018,-0.3999999999999999,-0.20000000000000018,-0.09999999999999964,-0.2999999999999998,,,,,-0.30000000000000027,0.30000000000000027,-0.5,0.6999999999999997,-0.6999999999999997,0.19999999999999973,-0.19999999999999973,-0.19999999999999973,-0.10000000000000009,-0.20000000000000018,,,,,,,,,,,,,,,,,,,,,,,,,,,,,,,,,-2.9,2.8,1.9,-4.9,2.8000000000000003,-0.7000000000000002,-0.10000000000000009,-0.30000000000000027,-0.30000000000000027,-0.10000000000000009,,,,,12.7,-11.6,-1.4000000000000004,5.0,1.5999999999999996,-7.000000000000001,-0.7999999999999998,-1.1000000000000005,-0.5999999999999996,-0.7000000000000002,,,,,-20.8,0.9000000000000004,5.1,1.5,-9.4,4.4,0.8,-1.1,-1.9999999999999998,-1.2999999999999998,,,,,-13.600000000000001,-1.7000000000000002,-0.5,11.5,-10.1,4.9,-5.4,-0.5,3.8,-4.7,,,,,-6.0,2.1999999999999997,0.8000000000000003,-1.1,0.2999999999999998,0.0,-0.30000000000000027,-0.10000000000000009,-0.10000000000000009,-0.10000000000000009,,,,,-2.9,2.4000000000000004,2.1000000000000005,-3.8999999999999995,0.0,-0.2999999999999998,-0.2999999999999998,-0.1999999999999993,-0.40000000000000036,-0.20000000000000018,,,,,-0.010000000000000009,-0.07000000000000006,0.050000000000000044,-0.030000000000000027,0.0,0.0,0.030000000000000027,0.030000000000000027,0.039999999999999813,0.04999999999999982,,,,,-2.9000000000000004,1.2000000000000002,-0.09999999999999964,-0.7000000000000002,-0.5,-1.5,-1.5,-0.10000000000000009,-0.30000000000000004,0.0,,,,
1997-09-24,1.0,4.3,4.9,3.6,2.8,3.0,3.0,2.6,1.9,1.5,1.5,1.4,1.4,1.5,2.7,1.9,2.4,1.6,1.5,2.0,2.2,2.1,2.0,2.0,2.4,2.1,2.1,2.1,5.3,5.3,5.3,4.9,4.8,4.7,4.6,4.5,4.5,4.5,4.6,4.7,4.8,4.9,2.8,3.3,2.3,1.0,2.1,2.7,2.1,2.3,2.4,2.5,2.7,2.8,2.7,2.7,2.4,2.7,2.2,2.9,1.9,2.8,2.5,2.5,2.6,2.6,2.8,2.8,2.8,2.8,,,,,,,,,,,,,,,,,,,,,,,,,,,,,0.5,3.3,5.3,1.1,4.1,3.4,3.3,3.3,2.8,1.9,1.8,1.7,1.7,1.6,16.5,5.9,4.1,15.5,22.9,6.6,12.5,7.1,5.3,6.7,5.8,5.8,5.5,5.2,-4.5,-4.3,3.3,7.5,-4.6,1.3,0.0,-1.4,-4.0,-4.9,-5.2,-3.3,-0.9,0.7,-4.2,-5.2,-5.8,6.8,-3.4,-1.8,-2.3,-3.1,0.9,-3.6,-3.6,-2.6,-0.3,-2.2,0.7,3.3,2.7,1.2,1.8,2.4,2.3,2.3,2.3,2.3,2.3,2.2,2.2,2.3,3.6,6.2,7.4,5.2,4.5,5.0,5.3,4.8,4.0,3.6,3.9,3.6,3.6,3.7,1.49,1.42,1.47,1.46,1.43,1.43,1.43,1.42,1.4,1.38,1.36,1.36,1.37,1.38,3.3,4.5,4.4,4.3,5.8,4.5,3.5,2.7,1.5,1.6,1.6,1.4,1.2,1.4,0.0,0.0,0.0,1.0,0.5999999999999996,0.6000000000000001,0.7000000000000002,0.5,0.0,-0.19999999999999996,,,,,0.0,0.0,0.0,0.10000000000000009,-0.3999999999999999,-0.10000000000000009,-0.09999999999999964,-0.19999999999999973,-0.2999999999999998,-0.3999999999999999,,,,,0.0,0.0,0.0,0.0,0.0,0.0,-0.10000000000000053,-0.20000000000000018,-0.20000000000000018,-0.20000000000000018,,,,,0.0,0.0,0.0,0.0,-0.10000000000000009,0.10000000000000009,-0.2999999999999998,-0.20000000000000018,-0.30000000000000027,-0.20000000000000018,,,,,0.0,0.0,0.0,0.0,-0.30000000000000027,0.0,-0.20000000000000018,-0.20000000000000018,-0.19999999999999973,-0.19999999999999973,,,,,,,,,,,,,,,,,,,,,,,,,,,,,,,,,0.0,0.0,0.0,0.30000000000000004,-0.10000000000000053,0.10000000000000009,0.19999999999999973,0.5,0.3999999999999999,-0.20000000000000018,,,,,0.0,0.0,0.0,0.1999999999999993,8.299999999999999,2.3,6.1,1.0,-0.40000000000000036,1.4000000000000004,,,,,0.0,0.0,0.0,0.0,0.40000000000000036,-0.5999999999999999,0.0,1.1,-0.20000000000000018,-1.0000000000000004,,,,,0.0,0.0,0.0,-1.6000000000000005,2.1999999999999997,-1.7,0.7000000000000002,-0.3999999999999999,0.0,-0.10000000000000009,,,,,0.0,0.0,0.0,0.09999999999999987,-0.7,-0.10000000000000009,0.0,0.0,0.0,0.0,,,,,0.0,0.0,0.0,1.0,0.6000000000000001,0.5,0.8999999999999995,0.39999999999999947,-0.09999999999999964,-0.3999999999999999,,,,,0.0,0.0,0.0,0.020000000000000018,-0.010000000000000009,-0.010000000000000009,-0.010000000000000009,0.0,-0.010000000000000009,-0.010000000000000009,,,,,0.0,0.0,0.0,0.5999999999999996,1.5,1.7999999999999998,1.4,0.7000000000000002,-0.19999999999999996,-0.09999999999999987,,,,
1997-11-06,4.3,4.9,3.3,3.5,3.5,2.7,2.5,2.0,1.7,1.5,1.5,1.4,1.4,,1.9,2.4,1.8,1.4,1.7,2.2,2.0,2.0,2.0,2.3,2.1,2.1,2.1,,5.3,5.3,4.9,4.9,4.8,4.7,4.6,4.6,4.7,4.7,4.8,5.0,5.1,,3.3,2.3,1.0,2.0,2.4,2.0,2.2,2.3,2.4,2.5,2.5,2.5,2.5,,2.7,2.2,2.9,1.7,2.4,2.4,2.4,2.4,2.5,2.5,2.5,2.5,2.6,,,,,,,,,,,,,,,,,,,,,,,,,,,,,,3.3,5.3,0.9,5.7,3.0,3.7,3.5,3.0,2.5,2.0,1.9,1.7,1.7,,5.9,4.1,14.6,16.8,8.0,10.6,7.2,6.1,6.3,6.5,6.1,5.2,5.2,,-4.3,3.3,7.4,1.9,5.2,-0.9,-1.7,-3.1,-4.2,-3.5,-2.4,0.2,1.0,,-5.2,-5.8,6.6,-1.2,-2.0,-6.6,-0.6,0.4,-3.0,-3.9,-1.1,-0.2,-2.7,,3.3,2.7,1.2,2.2,2.4,2.3,2.3,2.3,2.3,2.3,2.2,2.2,2.3,,6.2,7.4,5.2,4.9,5.4,5.0,4.5,4.0,3.7,3.8,3.6,3.6,3.5,,1.42,1.47,1.46,1.45,1.43,1.43,1.42,1.4,1.39,1.37,1.37,1.38,1.38,,4.5,4.4,4.3,7.0,5.7,3.7,2.6,1.7,1.0,1.5,1.4,0.9,1.4,,3.3,0.6000000000000005,-1.6000000000000005,-0.10000000000000009,0.7000000000000002,-0.2999999999999998,-0.5,-0.6000000000000001,-0.19999999999999996,0.0,0.0,0.0,0.0,,-0.8000000000000003,0.5,-0.5999999999999999,-0.20000000000000018,0.19999999999999996,0.20000000000000018,-0.20000000000000018,-0.10000000000000009,0.0,0.2999999999999998,-0.2999999999999998,0.0,0.0,,0.0,0.0,-0.39999999999999947,0.0,0.0,0.0,0.0,0.09999999999999964,0.20000000000000018,0.20000000000000018,0.20000000000000018,0.2999999999999998,0.2999999999999998,,0.5,-1.0,-1.2999999999999998,1.0,0.2999999999999998,-0.7000000000000002,0.10000000000000009,0.0,0.0,0.0,-0.20000000000000018,-0.2999999999999998,-0.20000000000000018,,0.30000000000000027,-0.5,0.6999999999999997,-1.2,0.5,-0.3999999999999999,-0.10000000000000009,-0.10000000000000009,-0.10000000000000009,-0.10000000000000009,-0.2999999999999998,-0.2999999999999998,-0.19999999999999973,,,,,,,,,,,,,,,,,,,,,,,,,,,,,,2.8,2.0,-4.3999999999999995,4.6,-1.0999999999999996,0.30000000000000027,0.20000000000000018,-0.2999999999999998,-0.2999999999999998,0.10000000000000009,0.09999999999999987,0.0,0.0,,-10.6,-1.8000000000000007,10.5,1.3000000000000007,-14.899999999999999,4.0,-5.3,-1.0,1.0,-0.20000000000000018,0.2999999999999998,-0.5999999999999996,-0.2999999999999998,,0.20000000000000018,7.6,4.1000000000000005,-5.6,9.8,-2.2,-1.7,-1.7000000000000002,-0.20000000000000018,1.4000000000000004,2.8000000000000003,3.5,1.9,,-1.0,-0.5999999999999996,12.399999999999999,-8.0,1.4,-4.8,1.6999999999999997,3.5,-3.9,-0.2999999999999998,2.5,2.4,-2.4000000000000004,,2.5999999999999996,-0.5999999999999996,-1.5000000000000002,1.0000000000000002,0.5999999999999999,-0.10000000000000009,0.0,0.0,0.0,0.0,-0.09999999999999964,0.0,0.09999999999999964,,2.6,1.2000000000000002,-2.2,-0.2999999999999998,0.9000000000000004,0.0,-0.7999999999999998,-0.7999999999999998,-0.2999999999999998,0.19999999999999973,-0.2999999999999998,0.0,-0.10000000000000009,,-0.07000000000000006,0.050000000000000044,-0.010000000000000009,-0.010000000000000009,0.0,0.0,-0.010000000000000009,-0.020000000000000018,-0.010000000000000009,-0.009999999999999787,0.010000000000000009,0.019999999999999796,0.009999999999999787,,1.2000000000000002,-0.09999999999999964,-0.10000000000000053,2.7,-0.09999999999999964,-0.7999999999999998,-0.8999999999999999,-1.0000000000000002,-0.5,-0.10000000000000009,-0.20000000000000018,-0.4999999999999999,0.19999999999999996,
1997-12-11,4.3,4.9,3.3,3.4,3.9,2.0,1.7,1.6,1.4,1.2,1.3,1.4,1.5,,1.9,2.4,1.8,1.5,1.9,2.2,1.7,1.6,1.8,2.0,1.8,1.8,1.9,,5.3,5.3,4.9,4.9,4.6,4.6,4.6,4.7,4.8,4.9,5.1,5.2,5.3,,3.3,2.3,1.0,2.0,2.2,1.5,1.6,2.0,2.1,2.2,2.2,2.2,2.2,,2.7,2.2,2.9,1.7,2.2,2.0,2.0,2.2,2.2,2.2,2.2,2.2,2.2,,,,,,,,,,,,,,,,,,,,,,,,,,,,,,3.3,5.3,0.9,5.7,3.5,4.1,3.8,3.2,2.5,1.7,1.6,1.7,1.7,,5.9,4.1,14.6,17.4,7.5,7.3,9.3,7.6,6.3,5.3,6.2,4.7,6.0,,-4.3,3.3,7.4,3.8,8.4,-0.7,-2.4,-1.4,-1.9,-1.5,-0.8,-1.2,-0.4,,-5.2,-5.8,6.6,-1.0,0.7,-8.7,-2.3,0.4,-1.7,-3.8,-0.9,0.0,-2.6,,3.3,2.7,1.2,2.4,1.4,2.5,2.4,2.3,2.3,2.3,2.3,2.3,2.3,,6.2,7.4,5.2,4.9,6.1,4.2,3.4,3.3,3.2,3.3,3.1,3.3,3.4,,1.42,1.47,1.46,1.46,1.47,1.45,1.43,1.42,1.41,1.39,1.39,1.38,1.38,,3.8,5.2,4.6,6.2,6.2,2.2,0.8,0.3,0.7,1.1,1.1,1.2,1.7,,0.0,0.0,0.0,-0.10000000000000009,0.3999999999999999,-0.7000000000000002,-0.8,-0.3999999999999999,-0.30000000000000004,-0.30000000000000004,-0.19999999999999996,0.0,0.10000000000000009,,0.0,0.0,0.0,0.10000000000000009,0.19999999999999996,0.0,-0.30000000000000004,-0.3999999999999999,-0.19999999999999996,-0.2999999999999998,-0.30000000000000004,-0.30000000000000004,-0.20000000000000018,,0.0,0.0,0.0,0.0,-0.20000000000000018,-0.10000000000000053,0.0,0.10000000000000053,0.09999999999999964,0.20000000000000018,0.2999999999999998,0.20000000000000018,0.20000000000000018,,0.0,0.0,0.0,0.0,-0.19999999999999973,-0.5,-0.6000000000000001,-0.2999999999999998,-0.2999999999999998,-0.2999999999999998,-0.2999999999999998,-0.2999999999999998,-0.2999999999999998,,0.0,0.0,0.0,0.0,-0.19999999999999973,-0.3999999999999999,-0.3999999999999999,-0.19999999999999973,-0.2999999999999998,-0.2999999999999998,-0.2999999999999998,-0.2999999999999998,-0.3999999999999999,,,,,,,,,,,,,,,,,,,,,,,,,,,,,,0.0,0.0,0.0,0.0,0.5,0.39999999999999947,0.2999999999999998,0.20000000000000018,0.0,-0.30000000000000004,-0.2999999999999998,0.0,0.0,,0.0,0.0,0.0,0.5999999999999979,-0.5,-3.3,2.1000000000000005,1.5,0.0,-1.2000000000000002,0.10000000000000053,-0.5,0.7999999999999998,,0.0,0.0,0.0,1.9,3.2,0.20000000000000007,-0.7,1.7000000000000002,2.3000000000000003,2.0,1.5999999999999999,-1.4,-1.4,,0.0,0.0,0.0,0.19999999999999996,2.7,-2.0999999999999996,-1.6999999999999997,0.0,1.3,0.10000000000000009,0.20000000000000007,0.2,0.10000000000000009,,0.0,0.0,0.0,0.19999999999999973,-1.0,0.20000000000000018,0.10000000000000009,0.0,0.0,0.0,0.09999999999999964,0.09999999999999964,0.0,,0.0,0.0,0.0,0.0,0.6999999999999993,-0.7999999999999998,-1.1,-0.7000000000000002,-0.5,-0.5,-0.5,-0.30000000000000027,-0.10000000000000009,,0.0,0.0,0.0,0.010000000000000009,0.040000000000000036,0.020000000000000018,0.010000000000000009,0.020000000000000018,0.020000000000000018,0.019999999999999796,0.019999999999999796,0.0,0.0,,-0.7000000000000002,0.7999999999999998,0.2999999999999998,-0.7999999999999998,0.5,-1.5,-1.8,-1.4,-0.30000000000000004,-0.3999999999999999,-0.2999999999999998,0.29999999999999993,0.30000000000000004,
1998-01-28,4.9,3.3,3.1,3.9,2.7,1.0,1.5,1.7,1.8,1.9,2.0,2.1,,,2.4,1.8,1.4,1.9,1.8,1.6,1.6,1.7,1.9,1.6,1.7,1.7,,,5.3,4.9,4.9,4.7,4.6,4.7,4.7,4.8,4.9,5.0,5.1,5.2,,,2.3,1.0,2.0,2.3,0.5,1.7,2.1,2.2,2.1,2.0,2.0,2.0,,,2.2,2.9,1.7,2.1,2.0,2.0,2.1,2.2,2.0,2.0,2.0,2.0,,,,,,,,,,,,,,,,,,,,,,,,,,,,,,,5.3,0.9,5.6,2.9,4.7,3.8,3.2,2.5,2.0,2.0,2.1,2.1,,,4.1,14.6,19.2,-0.4,11.7,6.2,7.1,6.0,5.1,5.1,5.5,6.1,,,3.3,7.4,2.7,8.1,1.7,0.8,0.2,-0.1,-0.4,0.2,-0.8,-0.4,,,-5.8,6.6,-1.1,-0.5,-7.2,-0.2,-1.3,-1.1,-4.6,-0.1,-1.3,-1.2,,,2.7,1.2,2.3,1.7,2.5,2.3,2.3,2.3,2.3,2.3,2.3,2.3,,,7.4,5.2,4.6,5.9,4.4,2.6,3.1,3.4,3.7,3.5,3.7,3.8,,,1.47,1.46,1.46,1.53,1.48,1.48,1.47,1.46,1.45,1.45,1.43,1.43,,,5.2,4.6,6.0,7.4,3.0,-1.2,0.1,1.1,2.1,1.9,2.2,2.5,,,0.6000000000000005,-1.6000000000000005,-0.19999999999999973,0.5,-1.1999999999999997,-1.0,-0.19999999999999996,0.09999999999999987,0.40000000000000013,0.7,0.7,0.7000000000000002,,,0.5,-0.5999999999999999,-0.40000000000000013,0.3999999999999999,-0.09999999999999987,-0.6000000000000001,-0.09999999999999987,0.09999999999999987,0.09999999999999987,-0.3999999999999999,-0.10000000000000009,-0.10000000000000009,,,0.0,-0.39999999999999947,0.0,-0.20000000000000018,0.0,0.10000000000000053,0.10000000000000053,0.09999999999999964,0.10000000000000053,0.09999999999999964,0.0,0.0,,,-1.0,-1.2999999999999998,1.0,0.2999999999999998,-1.7000000000000002,0.19999999999999996,0.5,0.20000000000000018,0.0,-0.20000000000000018,-0.20000000000000018,-0.20000000000000018,,,-0.5,0.6999999999999997,-1.2,0.40000000000000013,-0.20000000000000018,0.0,0.10000000000000009,0.0,-0.20000000000000018,-0.20000000000000018,-0.20000000000000018,-0.20000000000000018,,,,,,,,,,,,,,,,,,,,,,,,,,,,,,,2.0,-4.3999999999999995,4.699999999999999,-2.8000000000000003,1.2000000000000002,-0.2999999999999998,-0.5999999999999996,-0.7000000000000002,-0.5,0.30000000000000004,0.5,0.40000000000000013,,,-1.8000000000000007,10.5,4.6,-17.799999999999997,4.199999999999999,-1.0999999999999996,-2.200000000000001,-1.5999999999999996,-1.2000000000000002,-0.20000000000000018,-0.7000000000000002,1.3999999999999995,,,7.6,4.1000000000000005,-4.7,4.3,-6.7,1.5,2.6,1.2999999999999998,1.5,1.7,0.0,0.7999999999999999,,,-0.5999999999999996,12.399999999999999,-7.699999999999999,0.5,-7.9,8.5,0.9999999999999998,-1.5,-2.8999999999999995,3.6999999999999997,-0.4,-1.2,,,-0.5999999999999996,-1.5000000000000002,1.0999999999999999,-0.7,1.1,-0.20000000000000018,-0.10000000000000009,0.0,0.0,0.0,0.0,0.0,,,1.2000000000000002,-2.2,-0.6000000000000005,1.0,-1.6999999999999993,-1.6,-0.2999999999999998,0.10000000000000009,0.5,0.20000000000000018,0.6000000000000001,0.5,,,0.050000000000000044,-0.010000000000000009,0.0,0.07000000000000006,0.010000000000000009,0.030000000000000027,0.040000000000000036,0.040000000000000036,0.040000000000000036,0.06000000000000005,0.040000000000000036,0.050000000000000044,,,1.4000000000000004,-0.6000000000000005,1.4000000000000004,1.2000000000000002,-3.2,-3.4000000000000004,-0.7000000000000001,0.8,1.4000000000000001,0.7999999999999998,1.1,1.3,,
1998-03-25,4.9,3.3,3.1,3.9,3.1,2.1,2.0,2.0,2.0,2.1,2.2,2.3,,,2.4,1.8,1.4,1.5,1.4,1.5,1.8,1.8,2.0,1.7,1.7,1.7,,,5.3,4.9,4.9,4.7,4.6,4.6,4.6,4.7,4.7,4.8,4.8,4.9,,,2.0,1.5,1.8,2.3,0.5,1.5,2.3,2.2,2.2,2.2,2.2,2.2,,,2.2,2.6,1.9,2.1,2.5,2.2,2.3,2.3,2.3,2.3,2.3,2.3,,,,,,,,,,,,,,,,,,,,,,,,,,,,,,,5.3,0.9,5.6,3.1,5.3,4.2,3.7,2.7,2.3,2.4,2.5,2.5,,,4.1,14.6,19.2,-2.2,9.3,9.6,9.6,9.7,6.0,6.4,6.0,6.3,,,3.3,7.4,2.7,9.5,14.2,0.8,-1.5,-1.0,-2.3,-2.2,-1.8,-1.0,,,-5.8,6.6,-1.1,-2.1,-3.2,-1.2,-1.4,-1.3,-4.8,0.4,-0.8,-2.1,,,2.7,1.2,2.3,1.9,1.9,2.3,2.3,2.4,2.4,2.4,2.4,2.4,,,7.4,5.2,4.6,5.4,4.5,3.6,3.8,3.8,4.1,3.8,4.0,4.1,,,1.47,1.46,1.45,1.53,1.56,1.51,1.5,1.48,1.46,1.45,1.43,1.43,,,5.2,4.6,6.0,7.2,2.8,2.8,0.5,1.3,2.1,1.9,2.0,2.5,,,0.0,0.0,0.0,0.0,0.3999999999999999,1.1,0.5,0.30000000000000004,0.19999999999999996,0.20000000000000018,0.20000000000000018,0.19999999999999973,,,0.0,0.0,0.0,-0.3999999999999999,-0.40000000000000013,-0.10000000000000009,0.19999999999999996,0.10000000000000009,0.10000000000000009,0.09999999999999987,0.0,0.0,,,0.0,0.0,0.0,0.0,0.0,-0.10000000000000053,-0.10000000000000053,-0.09999999999999964,-0.20000000000000018,-0.20000000000000018,-0.2999999999999998,-0.2999999999999998,,,-0.2999999999999998,0.5,-0.19999999999999996,0.0,0.0,-0.19999999999999996,0.19999999999999973,0.0,0.10000000000000009,0.20000000000000018,0.20000000000000018,0.20000000000000018,,,0.0,-0.2999999999999998,0.19999999999999996,0.0,0.5,0.20000000000000018,0.19999999999999973,0.09999999999999964,0.2999999999999998,0.2999999999999998,0.2999999999999998,0.2999999999999998,,,,,,,,,,,,,,,,,,,,,,,,,,,,,,,0.0,0.0,0.0,0.20000000000000018,0.5999999999999996,0.40000000000000036,0.5,0.20000000000000018,0.2999999999999998,0.3999999999999999,0.3999999999999999,0.3999999999999999,,,0.0,0.0,0.0,-1.8000000000000003,-2.3999999999999986,3.3999999999999995,2.5,3.6999999999999993,0.9000000000000004,1.3000000000000007,0.5,0.20000000000000018,,,0.0,0.0,0.0,1.4000000000000004,12.5,0.0,-1.7,-0.9,-1.9,-2.4000000000000004,-1.0,-0.6,,,0.0,0.0,0.0,-1.6,4.0,-1.0,-0.09999999999999987,-0.19999999999999996,-0.20000000000000018,0.5,0.5,-0.9000000000000001,,,0.0,0.0,0.0,0.19999999999999996,-0.6000000000000001,0.0,0.0,0.10000000000000009,0.10000000000000009,0.10000000000000009,0.10000000000000009,0.10000000000000009,,,0.0,0.0,0.0,-0.5,0.09999999999999964,1.0,0.6999999999999997,0.3999999999999999,0.39999999999999947,0.2999999999999998,0.2999999999999998,0.2999999999999998,,,0.0,0.0,-0.010000000000000009,0.0,0.08000000000000007,0.030000000000000027,0.030000000000000027,0.020000000000000018,0.010000000000000009,0.0,0.0,0.0,,,0.0,0.0,0.0,-0.20000000000000018,-0.20000000000000018,4.0,0.4,0.19999999999999996,0.0,0.0,-0.20000000000000018,0.0,,
1998-05-14,3.3,3.1,3.7,5.2,2.5,1.8,1.8,2.0,2.2,2.3,2.4,,,,1.8,1.4,1.4,0.9,1.6,1.7,1.7,1.9,1.6,1.6,1.6,,,,4.9,4.9,4.7,4.7,4.4,4.5,4.5,4.6,4.7,4.7,4.8,,,,1.5,1.8,2.3,0.5,1.6,2.3,2.1,2.1,2.1,2.1,2.1,,,,2.6,1.9,2.1,2.4,2.3,2.1,2.1,2.2,2.2,2.2,2.2,,,,,,,,,,,,,,,,,,,,,,,,,,,,,,,,0.9,5.6,2.5,5.8,5.2,4.0,3.2,2.7,2.6,2.6,2.7,,,,14.6,19.2,-0.8,17.7,9.0,7.3,6.4,6.9,6.9,6.8,6.9,,,,7.4,2.7,9.1,17.6,12.7,-0.2,-4.0,-7.8,-3.1,0.4,1.2,,,,6.6,-1.1,-2.3,-8.3,5.0,-1.5,-0.9,-4.1,0.0,-0.9,-2.4,,,,1.2,2.3,1.8,0.4,3.0,2.7,2.6,2.4,2.3,2.4,2.4,,,,5.2,4.6,5.2,6.1,4.2,3.6,3.5,4.0,3.8,4.0,4.1,,,,1.46,1.45,1.53,1.59,1.6,1.56,1.48,1.45,1.45,1.45,1.45,,,,4.6,6.0,7.2,1.0,1.9,1.9,2.4,2.4,2.2,2.3,2.4,,,,-1.6000000000000005,-0.19999999999999973,0.6000000000000001,1.3000000000000003,-0.6000000000000001,-0.30000000000000004,-0.19999999999999996,0.0,0.20000000000000018,0.19999999999999973,0.19999999999999973,,,,-0.5999999999999999,-0.40000000000000013,0.0,-0.6,0.20000000000000018,0.19999999999999996,-0.10000000000000009,0.09999999999999987,-0.3999999999999999,-0.09999999999999987,-0.09999999999999987,,,,-0.39999999999999947,0.0,-0.20000000000000018,0.0,-0.1999999999999993,-0.09999999999999964,-0.09999999999999964,-0.10000000000000053,0.0,-0.09999999999999964,0.0,,,,-0.5,0.30000000000000004,0.4999999999999998,-1.7999999999999998,1.1,0.7999999999999998,-0.19999999999999973,-0.10000000000000009,-0.10000000000000009,-0.10000000000000009,-0.10000000000000009,,,,0.3999999999999999,-0.7000000000000002,0.20000000000000018,0.2999999999999998,-0.20000000000000018,-0.10000000000000009,-0.19999999999999973,-0.09999999999999964,-0.09999999999999964,-0.09999999999999964,-0.09999999999999964,,,,,,,,,,,,,,,,,,,,,,,,,,,,,,,,-4.3999999999999995,4.699999999999999,-3.0999999999999996,2.6999999999999997,-0.09999999999999964,-0.20000000000000018,-0.5,0.0,0.30000000000000027,0.20000000000000018,0.20000000000000018,,,,10.5,4.6,-20.0,19.9,-0.3000000000000007,-2.3,-3.1999999999999993,-2.799999999999999,0.9000000000000004,0.39999999999999947,0.9000000000000004,,,,4.1000000000000005,-4.7,6.3999999999999995,8.100000000000001,-1.5,-1.0,-2.5,-6.8,-0.8000000000000003,2.6,3.0,,,,12.399999999999999,-7.699999999999999,-1.1999999999999997,-6.200000000000001,8.2,-0.30000000000000004,0.4999999999999999,-2.8,4.8,-1.3,-1.5999999999999999,,,,-1.5000000000000002,1.0999999999999999,-0.4999999999999998,-1.5,1.1,0.40000000000000036,0.30000000000000027,0.0,-0.10000000000000009,0.0,0.0,,,,-2.2,-0.6000000000000005,0.6000000000000005,0.6999999999999993,-0.2999999999999998,0.0,-0.2999999999999998,0.20000000000000018,-0.2999999999999998,0.20000000000000018,0.09999999999999964,,,,-0.010000000000000009,-0.010000000000000009,0.08000000000000007,0.06000000000000005,0.040000000000000036,0.050000000000000044,-0.020000000000000018,-0.030000000000000027,-0.010000000000000009,0.0,0.020000000000000018,,,,-0.6000000000000005,1.4000000000000004,1.2000000000000002,-6.2,-0.8999999999999999,-0.8999999999999999,1.9,1.0999999999999999,0.10000000000000009,0.3999999999999999,0.3999999999999999,,,
1998-06-24,3.3,3.1,3.7,5.4,2.0,2.0,1.7,1.5,1.8,2.2,2.3,,,,1.8,1.4,1.4,1.0,1.7,1.6,1.7,1.9,1.6,1.6,1.7,,,,4.9,4.9,4.7,4.7,4.3,4.3,4.4,4.6,4.7,4.8,4.9,,,,1.5,1.8,2.3,0.5,2.0,2.0,2.2,2.4,2.2,2.2,2.2,,,,2.6,1.9,2.1,2.4,2.7,2.2,2.1,2.3,2.3,2.3,2.3,,,,,,,,,,,,,,,,,,,,,,,,,,,,,,,,0.9,5.6,2.5,6.1,5.2,3.8,3.3,2.6,2.5,2.6,2.7,,,,14.6,19.2,-0.8,18.2,10.2,6.8,6.6,6.0,6.2,6.3,6.2,,,,7.4,2.7,9.1,16.5,12.1,-0.5,-1.1,-6.9,-4.8,-0.4,1.3,,,,6.6,-1.1,-2.3,-9.8,10.4,-6.7,0.7,-4.6,0.3,-0.8,-2.3,,,,1.2,2.3,1.8,0.7,3.8,2.7,2.6,2.4,2.3,2.4,2.4,,,,5.2,4.6,5.2,6.5,3.7,3.6,3.4,3.4,3.4,3.9,4.0,,,,1.46,1.45,1.53,1.58,1.55,1.56,1.5,1.45,1.45,1.45,1.45,,,,4.6,6.0,7.2,1.0,1.8,1.6,1.8,1.5,1.6,1.8,2.1,,,,0.0,0.0,0.0,0.20000000000000018,-0.5,0.19999999999999996,-0.10000000000000009,-0.5,-0.40000000000000013,-0.09999999999999964,-0.10000000000000009,,,,0.0,0.0,0.0,0.09999999999999998,0.09999999999999987,-0.09999999999999987,0.0,0.0,0.0,0.0,0.09999999999999987,,,,0.0,0.0,0.0,0.0,-0.10000000000000053,-0.20000000000000018,-0.09999999999999964,0.0,0.0,0.09999999999999964,0.10000000000000053,,,,0.0,0.0,0.0,0.0,0.3999999999999999,-0.2999999999999998,0.10000000000000009,0.2999999999999998,0.10000000000000009,0.10000000000000009,0.10000000000000009,,,,0.0,0.0,0.0,0.0,0.40000000000000036,0.10000000000000009,0.0,0.09999999999999964,0.09999999999999964,0.09999999999999964,0.09999999999999964,,,,,,,,,,,,,,,,,,,,,,,,,,,,,,,,0.0,0.0,0.0,0.2999999999999998,0.0,-0.20000000000000018,0.09999999999999964,-0.10000000000000009,-0.10000000000000009,0.0,0.0,,,,0.0,0.0,0.0,0.5,1.1999999999999993,-0.5,0.1999999999999993,-0.9000000000000004,-0.7000000000000002,-0.5,-0.7000000000000002,,,,0.0,0.0,0.0,-1.1000000000000014,-0.5999999999999996,-0.3,2.9,0.8999999999999995,-1.6999999999999997,-0.8,0.10000000000000009,,,,0.0,0.0,0.0,-1.5,5.4,-5.2,1.6,-0.5,0.3,0.09999999999999998,0.10000000000000009,,,,0.0,0.0,0.0,0.29999999999999993,0.7999999999999998,0.0,0.0,0.0,0.0,0.0,0.0,,,,0.0,0.0,0.0,0.40000000000000036,-0.5,0.0,-0.10000000000000009,-0.6000000000000001,-0.3999999999999999,-0.10000000000000009,-0.09999999999999964,,,,0.0,0.0,0.0,-0.010000000000000009,-0.050000000000000044,0.0,0.020000000000000018,0.0,0.0,0.0,0.0,,,,0.0,0.0,0.0,0.0,-0.09999999999999987,-0.2999999999999998,-0.5999999999999999,-0.8999999999999999,-0.6000000000000001,-0.4999999999999998,-0.2999999999999998,,,
1998-08-13,4.2,3.0,5.5,1.3,2.2,2.5,1.2,1.4,1.8,2.2,,,,,1.2,1.1,0.9,0.9,1.4,1.4,1.7,1.4,1.4,1.4,,,,,4.9,4.7,4.7,4.4,4.5,4.6,4.7,4.9,5.0,5.1,,,,,1.8,2.3,0.5,2.0,1.7,2.0,2.4,2.1,2.0,2.0,,,,,1.9,2.1,2.4,2.7,2.0,2.1,2.1,2.1,2.2,2.2,,,,,,,,,,,,,,,,,,,,,,,,,,,,,,,,,6.2,2.8,6.1,5.7,3.6,3.1,2.6,2.5,2.6,2.7,,,,,17.0,1.8,22.2,14.1,-0.6,12.2,5.3,4.5,4.7,4.8,,,,,-0.4,8.2,15.6,13.2,8.5,2.7,-3.7,-4.4,-3.6,-2.8,,,,,-1.2,-2.1,-8.8,7.0,-2.8,1.6,-4.4,0.0,-0.9,-2.1,,,,,2.9,1.3,2.1,1.3,3.6,3.3,2.8,2.7,2.7,2.7,,,,,5.4,4.2,6.4,2.2,3.6,3.9,3.0,2.8,3.2,3.6,,,,,1.45,1.53,1.58,1.56,1.58,1.54,1.51,1.49,1.48,1.47,,,,,6.0,7.2,1.2,1.9,0.1,3.8,1.2,1.3,1.3,1.6,,,,,0.9000000000000004,-0.10000000000000009,1.7999999999999998,-4.1000000000000005,0.20000000000000018,0.5,-0.5,-0.10000000000000009,0.0,0.0,,,,,-0.6000000000000001,-0.2999999999999998,-0.4999999999999999,-0.09999999999999998,-0.30000000000000004,-0.20000000000000018,0.0,-0.5,-0.20000000000000018,-0.20000000000000018,,,,,0.0,-0.20000000000000018,0.0,-0.2999999999999998,0.20000000000000018,0.2999999999999998,0.2999999999999998,0.3000000000000007,0.2999999999999998,0.2999999999999998,,,,,0.30000000000000004,0.4999999999999998,-1.7999999999999998,1.5,-0.30000000000000004,0.0,0.19999999999999973,-0.2999999999999998,-0.20000000000000018,-0.20000000000000018,,,,,-0.7000000000000002,0.20000000000000018,0.2999999999999998,0.30000000000000027,-0.7000000000000002,-0.10000000000000009,0.0,-0.19999999999999973,-0.09999999999999964,-0.09999999999999964,,,,,,,,,,,,,,,,,,,,,,,,,,,,,,,,,5.3,-2.8,3.5999999999999996,-0.39999999999999947,-1.6,-0.6999999999999997,-0.6999999999999997,-0.10000000000000009,0.10000000000000009,0.10000000000000009,,,,,2.4000000000000004,-17.4,23.0,-4.1,-10.799999999999999,5.3999999999999995,-1.2999999999999998,-1.5,-1.5,-1.5,,,,,-7.800000000000001,5.499999999999999,6.5,-3.3000000000000007,-3.5999999999999996,3.2,-2.6,2.5,1.1999999999999997,-2.4,,,,,-7.8,-1.0,-6.500000000000001,16.8,-13.2,8.3,-5.1000000000000005,4.6,-1.2,-1.3,,,,,1.7,-0.9999999999999998,0.30000000000000004,0.6000000000000001,-0.19999999999999973,0.5999999999999996,0.19999999999999973,0.30000000000000027,0.40000000000000036,0.30000000000000027,,,,,0.20000000000000018,-0.39999999999999947,1.2000000000000002,-4.3,-0.10000000000000009,0.2999999999999998,-0.3999999999999999,-0.6000000000000001,-0.19999999999999973,-0.2999999999999998,,,,,-0.010000000000000009,0.08000000000000007,0.050000000000000044,-0.020000000000000018,0.030000000000000027,-0.020000000000000018,0.010000000000000009,0.040000000000000036,0.030000000000000027,0.020000000000000018,,,,,1.4000000000000004,1.2000000000000002,-6.0,0.8999999999999999,-1.7,2.1999999999999997,-0.6000000000000001,-0.19999999999999996,-0.30000000000000004,-0.19999999999999996,,,,
1998-09-23,4.2,3.0,5.5,1.9,2.6,2.6,0.9,0.9,1.4,1.9,1.3,2.9,2.7,2.7,1.2,1.1,0.9,0.8,1.5,1.0,1.8,1.4,1.4,1.4,1.6,1.4,1.4,1.5,4.9,4.7,4.7,4.4,4.5,4.5,4.7,4.8,5.0,5.2,5.3,5.4,5.4,5.4,1.8,2.3,0.5,2.0,1.9,1.9,2.4,2.1,2.0,2.0,2.0,2.0,2.0,2.0,1.9,2.1,2.4,2.7,2.1,2.1,2.1,2.1,2.1,2.1,2.1,2.1,2.1,2.1,,,,,,,,,,,,,,,,,,,,,,,,,,,,,6.2,2.8,6.1,5.9,3.5,3.4,2.7,2.4,2.2,2.2,1.8,2.8,2.5,2.5,17.0,1.8,22.2,12.7,0.3,14.2,5.1,3.4,3.4,2.7,3.7,5.1,6.7,6.1,-0.4,8.2,15.6,15.5,10.9,5.3,-3.9,-8.2,-3.1,0.1,1.2,1.3,1.6,1.6,-1.2,-2.1,-8.8,6.7,-0.2,-1.7,-4.6,0.3,-0.7,-1.9,-4.4,-0.1,-1.0,2.4,2.9,1.3,2.1,2.1,3.2,3.3,2.8,2.7,2.7,2.7,2.6,2.6,2.6,2.6,5.4,4.2,6.4,2.7,4.2,3.6,2.7,2.3,2.8,3.3,2.9,4.3,4.1,4.2,1.45,1.53,1.58,1.57,1.63,1.57,1.5,1.46,1.47,1.48,1.5,1.5,1.5,1.5,6.0,7.2,1.2,1.7,1.0,3.6,-0.6,-0.7,0.8,2.3,1.0,3.5,3.4,3.2,0.0,0.0,0.0,0.5999999999999999,0.3999999999999999,0.10000000000000009,-0.29999999999999993,-0.4999999999999999,-0.40000000000000013,-0.30000000000000027,,,,,0.0,0.0,0.0,-0.09999999999999998,0.10000000000000009,-0.3999999999999999,0.10000000000000009,0.0,0.0,0.0,,,,,0.0,0.0,0.0,0.0,0.0,-0.09999999999999964,0.0,-0.10000000000000053,0.0,0.10000000000000053,,,,,0.0,0.0,0.0,0.0,0.19999999999999996,-0.10000000000000009,0.0,0.0,0.0,0.0,,,,,0.0,0.0,0.0,0.0,0.10000000000000009,0.0,0.0,0.0,-0.10000000000000009,-0.10000000000000009,,,,,,,,,,,,,,,,,,,,,,,,,,,,,,,,,0.0,0.0,0.0,0.20000000000000018,-0.10000000000000009,0.2999999999999998,0.10000000000000009,-0.10000000000000009,-0.3999999999999999,-0.5,,,,,0.0,0.0,0.0,-1.4000000000000004,0.8999999999999999,2.0,-0.20000000000000018,-1.1,-1.3000000000000003,-2.0999999999999996,,,,,0.0,0.0,0.0,2.3000000000000007,2.4000000000000004,2.5999999999999996,-0.19999999999999973,-3.799999999999999,0.5,2.9,,,,,0.0,0.0,0.0,-0.2999999999999998,2.5999999999999996,-3.3,-0.1999999999999993,0.3,0.20000000000000007,0.20000000000000018,,,,,0.0,0.0,0.0,0.8,-0.3999999999999999,0.0,0.0,0.0,0.0,0.0,,,,,0.0,0.0,0.0,0.5,0.6000000000000001,-0.2999999999999998,-0.2999999999999998,-0.5,-0.40000000000000036,-0.30000000000000027,,,,,0.0,0.0,0.0,0.010000000000000009,0.04999999999999982,0.030000000000000027,-0.010000000000000009,-0.030000000000000027,-0.010000000000000009,0.010000000000000009,,,,,0.0,0.0,0.0,-0.19999999999999996,0.9,-0.19999999999999973,-1.7999999999999998,-2.0,-0.5,0.6999999999999997,,,,
1998-11-12,3.0,5.5,1.8,3.6,2.1,1.4,1.4,1.5,1.9,0.9,2.9,2.6,2.7,,1.1,0.9,0.9,0.8,1.1,1.7,1.3,1.5,1.4,1.9,1.5,1.5,1.5,,4.7,4.7,4.4,4.6,4.6,4.6,4.7,4.8,5.0,5.1,5.2,5.2,5.3,,2.3,0.5,2.0,1.7,1.8,2.2,2.3,2.1,2.1,2.1,2.1,2.1,2.1,,2.1,2.4,2.6,2.3,2.2,2.2,2.2,2.2,2.2,2.2,2.2,2.2,2.2,,,,,,,,,,,,,,,,,,,,,,,,,,,,,,2.8,6.1,6.1,3.9,3.8,3.0,2.4,2.3,2.1,1.8,2.7,2.5,2.5,,1.8,22.2,12.8,-0.5,7.3,5.1,4.1,2.8,2.7,3.2,5.1,6.3,7.0,,8.2,15.6,15.0,7.7,5.1,-0.7,-2.4,-2.0,-1.6,-0.8,0.3,1.0,1.3,,-2.1,-8.8,7.3,-1.6,5.9,-4.7,0.5,-0.6,-1.0,-4.5,3.4,-1.9,-1.1,,1.3,2.1,1.8,3.3,3.3,2.8,2.7,2.7,2.7,2.6,2.6,2.7,2.6,,4.2,6.4,2.7,4.5,3.2,3.1,2.8,3.0,3.4,2.9,4.4,4.2,4.3,,1.53,1.58,1.57,1.63,1.57,1.56,1.54,1.52,1.51,1.52,1.52,1.53,1.53,,7.2,1.2,1.7,0.0,1.0,0.3,0.2,0.9,2.4,0.4,3.0,3.6,3.9,,-1.2000000000000002,2.5,-3.7,1.7000000000000002,-0.5,-1.2000000000000002,0.4999999999999999,0.6,0.5,-0.9999999999999999,1.5999999999999999,-0.2999999999999998,0.0,,-0.09999999999999987,-0.20000000000000007,0.0,0.0,-0.3999999999999999,0.7,-0.5,0.10000000000000009,0.0,0.5,-0.10000000000000009,0.10000000000000009,0.10000000000000009,,-0.20000000000000018,0.0,-0.2999999999999998,0.1999999999999993,0.09999999999999964,0.09999999999999964,0.0,0.0,0.0,-0.10000000000000053,-0.09999999999999964,-0.20000000000000018,-0.10000000000000053,,0.4999999999999998,-1.7999999999999998,1.5,-0.30000000000000004,-0.09999999999999987,0.30000000000000027,-0.10000000000000009,0.0,0.10000000000000009,0.10000000000000009,0.10000000000000009,0.10000000000000009,0.10000000000000009,,0.20000000000000018,0.2999999999999998,0.20000000000000018,-0.40000000000000036,0.10000000000000009,0.10000000000000009,0.10000000000000009,0.10000000000000009,0.10000000000000009,0.10000000000000009,0.10000000000000009,0.10000000000000009,0.10000000000000009,,,,,,,,,,,,,,,,,,,,,,,,,,,,,,-3.4000000000000004,3.3,0.0,-2.0000000000000004,0.2999999999999998,-0.3999999999999999,-0.30000000000000027,-0.10000000000000009,-0.10000000000000009,-0.40000000000000013,0.9000000000000001,-0.2999999999999998,0.0,,-15.2,20.4,-9.399999999999999,-13.2,7.0,-9.1,-1.0,-0.6000000000000001,-0.6999999999999997,0.5,1.3999999999999995,1.2000000000000002,0.2999999999999998,,8.6,7.4,-0.5999999999999996,-7.8,-5.800000000000001,-6.0,1.5,6.199999999999999,1.5,-0.9,-0.8999999999999999,-0.30000000000000004,-0.30000000000000004,,-0.9000000000000001,-6.700000000000001,16.1,-8.3,6.1000000000000005,-3.0,5.1,-0.8999999999999999,-0.30000000000000004,-2.6,7.800000000000001,-1.7999999999999998,-0.10000000000000009,,-1.5999999999999999,0.8,-0.30000000000000004,1.1999999999999997,0.09999999999999964,-0.5,-0.09999999999999964,0.0,0.0,-0.10000000000000009,0.0,0.10000000000000009,0.0,,-1.2000000000000002,2.2,-3.7,1.7999999999999998,-1.0,-0.5,0.09999999999999964,0.7000000000000002,0.6000000000000001,-0.3999999999999999,1.5000000000000004,-0.09999999999999964,0.20000000000000018,,0.08000000000000007,0.050000000000000044,-0.010000000000000009,0.05999999999999983,-0.05999999999999983,-0.010000000000000009,0.040000000000000036,0.06000000000000005,0.040000000000000036,0.040000000000000036,0.020000000000000018,0.030000000000000027,0.030000000000000027,,1.2000000000000002,-6.0,0.5,-1.7,0.0,-3.3000000000000003,0.8,1.6,1.5999999999999999,-1.9,2.0,0.10000000000000009,0.5,
1998-12-16,3.0,5.5,1.8,3.8,3.1,2.5,1.7,1.8,2.2,0.9,2.8,2.6,2.7,,1.1,0.9,0.9,0.8,1.0,1.9,1.3,1.4,1.4,2.0,1.6,1.6,1.6,,4.7,4.7,4.4,4.6,4.5,4.4,4.5,4.6,4.7,4.8,4.8,4.9,4.9,,2.3,0.5,2.0,1.7,2.0,2.3,2.4,2.2,2.2,2.2,2.2,2.2,2.2,,2.1,2.4,2.6,2.3,2.5,3.0,2.1,2.1,2.1,2.3,2.3,2.3,2.3,,,,,,,,,,,,,,,,,,,,,,,,,,,,,,2.8,6.1,6.1,4.1,4.1,3.1,2.9,2.5,2.3,1.9,2.9,2.6,2.7,,1.8,22.2,12.8,-0.3,12.2,4.6,4.3,4.6,2.9,2.7,4.2,6.5,6.8,,8.2,15.6,15.0,9.4,10.5,4.7,-4.3,-3.3,-1.7,-1.7,-1.3,-0.4,0.9,,-2.1,-8.8,7.3,-1.3,3.7,-0.6,-1.9,-1.4,-2.0,-0.1,1.9,-2.0,-3.0,,1.3,2.1,1.8,3.4,2.5,2.8,2.7,2.7,2.7,2.6,2.6,2.7,2.6,,4.2,6.4,2.7,4.7,4.2,4.5,3.0,3.2,3.6,2.9,4.5,4.3,4.3,,1.53,1.58,1.57,1.63,1.69,1.6,1.56,1.55,1.54,1.53,1.52,1.52,1.52,,6.6,1.6,2.8,0.9,1.4,1.5,1.7,1.7,2.9,0.2,2.9,3.4,3.6,,0.0,0.0,0.0,0.19999999999999973,1.0,1.1,0.30000000000000004,0.30000000000000004,0.30000000000000027,0.0,-0.10000000000000009,0.0,0.0,,0.0,0.0,0.0,0.0,-0.10000000000000009,0.19999999999999996,0.0,-0.10000000000000009,0.0,0.10000000000000009,0.10000000000000009,0.10000000000000009,0.10000000000000009,,0.0,0.0,0.0,0.0,-0.09999999999999964,-0.1999999999999993,-0.20000000000000018,-0.20000000000000018,-0.2999999999999998,-0.2999999999999998,-0.40000000000000036,-0.2999999999999998,-0.39999999999999947,,0.0,0.0,0.0,0.0,0.19999999999999996,0.09999999999999964,0.10000000000000009,0.10000000000000009,0.10000000000000009,0.10000000000000009,0.10000000000000009,0.10000000000000009,0.10000000000000009,,0.0,0.0,0.0,0.0,0.2999999999999998,0.7999999999999998,-0.10000000000000009,-0.10000000000000009,-0.10000000000000009,0.09999999999999964,0.09999999999999964,0.09999999999999964,0.09999999999999964,,,,,,,,,,,,,,,,,,,,,,,,,,,,,,0.0,0.0,0.0,0.19999999999999973,0.2999999999999998,0.10000000000000009,0.5,0.20000000000000018,0.19999999999999973,0.09999999999999987,0.19999999999999973,0.10000000000000009,0.20000000000000018,,0.0,0.0,0.0,0.2,4.8999999999999995,-0.5,0.20000000000000018,1.7999999999999998,0.19999999999999973,-0.5,-0.8999999999999995,0.20000000000000018,-0.20000000000000018,,0.0,0.0,0.0,1.7000000000000002,5.4,5.4,-1.9,-1.2999999999999998,-0.09999999999999987,-0.8999999999999999,-1.6,-1.4,-0.4,,0.0,0.0,0.0,0.30000000000000004,-2.2,4.1000000000000005,-2.4,-0.7999999999999999,-1.0,4.4,-1.5,-0.10000000000000009,-1.9,,0.0,0.0,0.0,0.10000000000000009,-0.7999999999999998,0.0,0.0,0.0,0.0,0.0,0.0,0.0,0.0,,0.0,0.0,0.0,0.20000000000000018,1.0,1.4,0.20000000000000018,0.20000000000000018,0.20000000000000018,0.0,0.09999999999999964,0.09999999999999964,0.0,,0.0,0.0,0.0,0.0,0.11999999999999988,0.040000000000000036,0.020000000000000018,0.030000000000000027,0.030000000000000027,0.010000000000000009,0.0,-0.010000000000000009,-0.010000000000000009,,-0.6000000000000005,0.40000000000000013,1.0999999999999999,0.9,0.3999999999999999,1.2,1.5,0.7999999999999999,0.5,-0.2,-0.10000000000000009,-0.20000000000000018,-0.2999999999999998,
1999-01-28,5.5,1.8,3.7,5.0,2.7,2.4,2.2,2.9,1.0,3.0,2.4,2.9,,,0.9,0.9,1.0,1.0,1.7,1.4,1.5,1.5,2.2,1.8,1.8,1.8,,,4.6,4.4,4.5,4.4,4.3,4.3,4.3,4.3,4.3,4.4,4.4,4.4,,,0.5,2.0,1.7,2.0,2.1,2.4,2.3,2.3,2.5,2.4,2.4,2.4,,,2.4,2.6,2.3,2.3,2.7,2.1,2.2,2.3,2.6,2.6,2.6,2.6,,,,,,,,,,,,,,,,,,,,,,,,,,,,,,,6.1,6.1,4.1,4.7,2.7,4.2,3.5,3.5,2.5,3.2,2.7,2.8,,,22.2,12.8,-0.7,14.0,4.5,9.7,5.0,4.2,4.3,5.2,6.8,7.0,,,15.6,15.0,9.9,12.5,7.9,0.9,-3.5,-4.2,-4.2,-2.0,-1.8,-1.0,,,-8.8,7.3,-1.4,5.1,-3.5,-0.1,-1.2,-1.9,0.3,2.3,-1.4,-3.4,,,2.1,1.8,3.1,2.3,3.2,3.1,3.1,3.1,3.1,3.1,3.1,3.1,,,6.4,2.7,4.7,6.0,4.4,3.9,3.8,4.5,3.2,4.8,4.3,4.8,,,1.58,1.57,1.63,1.69,1.68,1.64,1.59,1.55,1.54,1.54,1.53,1.53,,,1.6,2.8,0.9,3.2,2.3,3.0,3.0,3.7,0.8,2.8,2.8,3.2,,,2.5,-3.7,1.9000000000000001,1.2000000000000002,-0.3999999999999999,-0.10000000000000009,0.5000000000000002,1.0999999999999999,-1.2000000000000002,2.1,-0.3999999999999999,0.2999999999999998,,,-0.20000000000000007,0.0,0.09999999999999998,0.19999999999999996,0.7,-0.5,0.19999999999999996,0.10000000000000009,0.8000000000000003,-0.19999999999999996,0.19999999999999996,0.19999999999999996,,,-0.10000000000000053,-0.2999999999999998,0.09999999999999964,-0.1999999999999993,-0.20000000000000018,-0.10000000000000053,-0.20000000000000018,-0.2999999999999998,-0.40000000000000036,-0.39999999999999947,-0.39999999999999947,-0.5,,,-1.7999999999999998,1.5,-0.30000000000000004,0.30000000000000004,0.10000000000000009,0.10000000000000009,-0.10000000000000009,0.09999999999999964,0.2999999999999998,0.19999999999999973,0.19999999999999973,0.19999999999999973,,,0.2999999999999998,0.20000000000000018,-0.30000000000000027,0.0,0.20000000000000018,-0.8999999999999999,0.10000000000000009,0.19999999999999973,0.5,0.30000000000000027,0.30000000000000027,0.30000000000000027,,,,,,,,,,,,,,,,,,,,,,,,,,,,,,,3.3,0.0,-2.0,0.6000000000000005,-1.3999999999999995,1.1,0.6000000000000001,1.0,0.20000000000000018,1.3000000000000003,-0.19999999999999973,0.19999999999999973,,,20.4,-9.399999999999999,-13.5,14.3,-7.699999999999999,5.1,0.7000000000000002,-0.39999999999999947,1.4,2.5,2.5999999999999996,0.5,,,7.4,-0.5999999999999996,-5.1,3.0999999999999996,-2.5999999999999996,-3.8000000000000003,0.7999999999999998,-0.9000000000000004,-2.5,-0.30000000000000004,-0.5,-0.6,,,-6.700000000000001,16.1,-8.7,6.3999999999999995,-7.2,0.5,0.7,-0.5,2.3,2.4,-3.3,-1.4,,,0.8,-0.30000000000000004,1.3,-1.1,0.7000000000000002,0.30000000000000027,0.3999999999999999,0.3999999999999999,0.3999999999999999,0.5,0.5,0.3999999999999999,,,2.2,-3.7,2.0,1.2999999999999998,0.20000000000000018,-0.6000000000000001,0.7999999999999998,1.2999999999999998,-0.3999999999999999,1.9,-0.20000000000000018,0.5,,,0.050000000000000044,-0.010000000000000009,0.05999999999999983,0.06000000000000005,-0.010000000000000009,0.039999999999999813,0.030000000000000027,0.0,0.0,0.010000000000000009,0.010000000000000009,0.010000000000000009,,,-5.0,1.1999999999999997,-1.9,2.3000000000000003,0.8999999999999999,1.5,1.3,2.0,-2.0999999999999996,2.5999999999999996,-0.10000000000000009,-0.19999999999999973,,
1999-03-24,5.5,1.8,3.7,5.9,3.4,3.2,2.3,3.0,0.7,3.6,2.2,2.2,,,0.9,0.9,1.0,0.8,1.6,1.4,1.5,1.4,2.1,1.7,1.8,1.8,,,4.6,4.4,4.5,4.4,4.3,4.2,4.2,4.2,4.3,4.3,4.4,4.5,,,0.5,2.0,1.7,2.0,1.6,2.8,2.3,2.2,2.3,2.4,2.4,2.4,,,2.4,2.6,2.3,2.3,1.7,2.0,2.2,2.3,2.5,2.5,2.6,2.6,,,,,,,,,,,,,,,,,,,,,,,,,,,,,,,6.1,6.1,4.1,4.6,6.0,4.1,4.0,4.2,2.0,4.0,2.6,2.4,,,22.2,12.8,-0.7,15.8,9.1,6.7,4.7,4.0,4.5,6.9,6.9,7.6,,,15.6,15.0,9.9,10.6,11.6,-1.3,-4.7,-3.7,-2.8,-3.6,-3.2,-2.3,,,-8.8,7.3,-1.4,7.3,-5.1,0.5,-1.1,-2.1,0.3,2.1,-1.4,-3.4,,,2.1,1.8,3.1,1.4,5.2,2.8,3.3,3.3,3.4,3.3,3.4,3.4,,,6.4,2.7,4.7,6.8,5.1,4.6,3.8,4.5,2.8,5.4,4.0,4.1,,,1.59,1.57,1.64,1.7,1.75,1.64,1.62,1.61,1.59,1.57,1.56,1.55,,,1.6,2.8,0.9,2.2,1.3,3.9,4.5,4.6,0.0,2.4,2.5,2.7,,,0.0,0.0,0.0,0.9000000000000004,0.6999999999999997,0.8000000000000003,0.09999999999999964,0.10000000000000009,-0.30000000000000004,0.6000000000000001,-0.19999999999999973,-0.6999999999999997,,,0.0,0.0,0.0,-0.19999999999999996,-0.09999999999999987,0.0,0.0,-0.10000000000000009,-0.10000000000000009,-0.10000000000000009,0.0,0.0,,,0.0,0.0,0.0,0.0,0.0,-0.09999999999999964,-0.09999999999999964,-0.09999999999999964,0.0,-0.10000000000000053,0.0,0.09999999999999964,,,0.0,0.0,0.0,0.0,-0.5,0.3999999999999999,0.0,-0.09999999999999964,-0.20000000000000018,0.0,0.0,0.0,,,0.0,0.0,0.0,0.0,-1.0000000000000002,-0.10000000000000009,0.0,0.0,-0.10000000000000009,-0.10000000000000009,0.0,0.0,,,,,,,,,,,,,,,,,,,,,,,,,,,,,,,0.0,0.0,0.0,-0.10000000000000053,3.3,-0.10000000000000053,0.5,0.7000000000000002,-0.5,0.7999999999999998,-0.10000000000000009,-0.3999999999999999,,,0.0,0.0,0.0,1.8000000000000007,4.6,-2.999999999999999,-0.2999999999999998,-0.20000000000000018,0.20000000000000018,1.7000000000000002,0.10000000000000053,0.5999999999999996,,,0.0,0.0,0.0,-1.9000000000000004,3.6999999999999993,-2.2,-1.2000000000000002,0.5,1.4000000000000004,-1.6,-1.4000000000000001,-1.2999999999999998,,,0.0,0.0,0.0,2.2,-1.5999999999999996,0.6,0.09999999999999987,-0.20000000000000018,0.0,-0.19999999999999973,0.0,0.0,,,0.0,0.0,0.0,-0.8999999999999999,2.0,-0.30000000000000027,0.19999999999999973,0.19999999999999973,0.2999999999999998,0.19999999999999973,0.2999999999999998,0.2999999999999998,,,0.0,0.0,0.0,0.7999999999999998,0.6999999999999993,0.6999999999999997,0.0,0.0,-0.40000000000000036,0.6000000000000005,-0.2999999999999998,-0.7000000000000002,,,0.010000000000000009,0.0,0.010000000000000009,0.010000000000000009,0.07000000000000006,0.0,0.030000000000000027,0.06000000000000005,0.050000000000000044,0.030000000000000027,0.030000000000000027,0.020000000000000018,,,0.0,0.0,0.0,-1.0,-0.9999999999999998,0.8999999999999999,1.5,0.8999999999999995,-0.8,-0.3999999999999999,-0.2999999999999998,-0.5,,
1999-05-13,1.8,3.7,6.0,4.1,3.4,2.8,3.7,0.1,4.2,3.1,3.0,,,,0.9,1.0,0.8,1.5,1.4,1.5,1.5,1.8,1.6,1.6,1.6,,,,4.4,4.5,4.4,4.3,4.2,4.1,4.0,4.1,4.1,4.2,4.2,,,,2.0,1.7,2.0,1.5,3.5,2.3,2.1,1.7,2.2,2.3,2.3,,,,2.6,2.3,2.3,1.6,1.8,2.3,2.3,1.9,2.5,2.5,2.5,,,,,,,,,,,,,,,,,,,,,,,,,,,,,,,,6.1,4.1,5.0,6.8,4.2,4.4,4.5,2.6,4.4,3.4,3.0,,,,12.8,-0.7,14.6,8.2,9.2,5.1,2.1,4.0,8.7,8.6,8.2,,,,15.0,9.9,10.0,15.6,1.3,-4.9,-1.3,-2.1,-2.1,-2.4,-2.7,,,,7.3,-1.4,7.3,-0.7,-0.8,-1.1,-3.2,0.7,1.8,-1.3,-3.3,,,,1.8,3.1,1.3,7.7,1.1,3.3,3.4,3.7,3.6,3.7,3.7,,,,2.7,4.7,6.9,5.6,4.8,4.3,5.3,1.9,5.9,4.8,4.6,,,,1.57,1.64,1.7,1.79,1.66,1.66,1.64,1.63,1.61,1.6,1.57,,,,2.8,0.9,2.2,0.7,5.2,4.5,5.1,-2.3,4.1,3.9,3.7,,,,-3.7,1.9000000000000001,2.3,-1.8000000000000007,0.0,-0.40000000000000036,1.4000000000000004,-2.9,3.5,-0.5,0.7999999999999998,,,,0.0,0.09999999999999998,-0.19999999999999996,0.7,-0.20000000000000018,0.10000000000000009,0.0,0.40000000000000013,-0.5,-0.09999999999999987,-0.19999999999999996,,,,-0.1999999999999993,0.09999999999999964,-0.09999999999999964,-0.10000000000000053,-0.09999999999999964,-0.10000000000000053,-0.20000000000000018,-0.10000000000000053,-0.20000000000000018,-0.09999999999999964,-0.20000000000000018,,,,1.5,-0.30000000000000004,0.30000000000000004,-0.5,1.9,-0.5,-0.19999999999999973,-0.5000000000000002,-0.09999999999999964,-0.10000000000000009,-0.10000000000000009,,,,0.20000000000000018,-0.30000000000000027,0.0,-0.6999999999999997,0.10000000000000009,0.2999999999999998,0.09999999999999964,-0.3999999999999999,0.0,0.0,-0.10000000000000009,,,,,,,,,,,,,,,,,,,,,,,,,,,,,,,,0.0,-2.0,0.9000000000000004,2.2,-1.7999999999999998,0.3000000000000007,0.5,-1.6,2.4000000000000004,-0.6000000000000001,0.3999999999999999,,,,-9.399999999999999,-13.5,15.299999999999999,-7.600000000000001,0.09999999999999964,-1.6000000000000005,-2.6,0.0,4.199999999999999,1.6999999999999993,1.299999999999999,,,,-0.5999999999999996,-5.1,0.09999999999999964,5.0,-10.299999999999999,-3.6000000000000005,3.4000000000000004,1.6,0.6999999999999997,1.2000000000000002,0.5,,,,16.1,-8.7,8.7,-8.0,4.3,-1.6,-2.1,2.8,1.5,-3.4000000000000004,-1.9,,,,-0.30000000000000004,1.3,-1.8,6.300000000000001,-4.1,0.5,0.10000000000000009,0.40000000000000036,0.20000000000000018,0.40000000000000036,0.30000000000000027,,,,-3.7,2.0,2.2,-1.2000000000000002,-0.2999999999999998,-0.2999999999999998,1.5,-2.6,3.1000000000000005,-0.6000000000000005,0.5999999999999996,,,,-0.020000000000000018,0.06999999999999984,0.06000000000000005,0.09000000000000008,-0.09000000000000008,0.020000000000000018,0.019999999999999796,0.019999999999999796,0.020000000000000018,0.030000000000000027,0.010000000000000009,,,,1.1999999999999997,-1.9,1.3000000000000003,-1.5000000000000002,3.9000000000000004,0.6000000000000001,0.5999999999999996,-6.8999999999999995,4.1,1.5,1.2000000000000002,,,
1999-06-23,1.8,3.7,6.0,4.5,2.9,3.5,3.7,0.1,4.4,2.9,3.0,,,,0.9,1.0,0.8,1.5,1.7,1.3,1.6,2.1,1.6,1.7,1.7,,,,4.4,4.5,4.4,4.3,4.2,4.1,4.1,4.1,4.1,4.2,4.2,,,,1.7,1.7,1.7,1.5,3.6,1.8,2.4,2.1,2.3,2.4,2.5,,,,2.6,2.3,2.1,1.6,2.5,2.0,2.3,2.3,2.5,2.6,2.7,,,,,,,,,,,,,,,,,,,,,,,,,,,,,,,,6.1,4.1,5.0,6.8,4.4,3.9,4.4,2.0,4.8,3.3,3.0,,,,12.8,-0.7,14.6,8.3,15.2,4.9,2.4,3.1,10.4,8.5,8.1,,,,15.0,9.9,10.0,16.0,2.1,-1.5,2.3,-2.3,-4.6,-5.6,-3.3,,,,7.3,-1.4,7.3,-1.7,-3.5,2.6,-3.3,0.6,1.9,-1.4,-3.2,,,,1.8,3.1,1.3,8.0,-0.2,3.4,3.4,3.7,3.6,3.7,3.7,,,,2.7,4.7,6.9,6.0,4.7,4.8,5.4,2.2,6.0,4.7,4.7,,,,1.57,1.64,1.7,1.77,1.64,1.69,1.68,1.65,1.61,1.6,1.58,,,,2.8,0.9,2.2,1.3,4.8,4.8,5.0,-2.5,4.8,3.7,4.0,,,,0.0,0.0,0.0,0.40000000000000036,-0.5,0.7000000000000002,0.0,0.0,0.20000000000000018,-0.20000000000000018,0.0,,,,0.0,0.0,0.0,0.0,0.30000000000000004,-0.19999999999999996,0.10000000000000009,0.30000000000000004,0.0,0.09999999999999987,0.09999999999999987,,,,0.0,0.0,0.0,0.0,0.0,0.0,0.09999999999999964,0.0,0.0,0.0,0.0,,,,-0.30000000000000004,0.0,-0.30000000000000004,0.0,0.10000000000000009,-0.4999999999999998,0.2999999999999998,0.40000000000000013,0.09999999999999964,0.10000000000000009,0.20000000000000018,,,,0.0,0.0,-0.19999999999999973,0.0,0.7,-0.2999999999999998,0.0,0.3999999999999999,0.0,0.10000000000000009,0.20000000000000018,,,,,,,,,,,,,,,,,,,,,,,,,,,,,,,,0.0,0.0,0.0,0.0,0.20000000000000018,-0.5000000000000004,-0.09999999999999964,-0.6000000000000001,0.39999999999999947,-0.10000000000000009,0.0,,,,0.0,0.0,0.0,0.10000000000000142,6.0,-0.1999999999999993,0.2999999999999998,-0.8999999999999999,1.700000000000001,-0.09999999999999964,-0.09999999999999964,,,,0.0,0.0,0.0,0.40000000000000036,0.8,3.4000000000000004,3.5999999999999996,-0.19999999999999973,-2.4999999999999996,-3.1999999999999997,-0.5999999999999996,,,,0.0,0.0,0.0,-1.0,-2.7,3.7,-0.09999999999999964,-0.09999999999999998,0.09999999999999987,-0.09999999999999987,0.09999999999999964,,,,0.0,0.0,0.0,0.2999999999999998,-1.3,0.10000000000000009,0.0,0.0,0.0,0.0,0.0,,,,0.0,0.0,0.0,0.40000000000000036,-0.09999999999999964,0.5,0.10000000000000053,0.30000000000000027,0.09999999999999964,-0.09999999999999964,0.10000000000000053,,,,0.0,0.0,0.0,-0.020000000000000018,-0.020000000000000018,0.030000000000000027,0.040000000000000036,0.020000000000000018,0.0,0.0,0.010000000000000009,,,,0.0,0.0,0.0,0.6000000000000001,-0.40000000000000036,0.2999999999999998,-0.09999999999999964,-0.20000000000000018,0.7000000000000002,-0.19999999999999973,0.2999999999999998,,,
1999-08-18,3.7,6.0,4.3,1.9,3.5,4.1,0.4,4.4,3.2,3.1,,,,,1.0,0.8,1.6,1.6,1.4,1.6,2.2,1.8,1.9,1.9,,,,,4.5,4.4,4.3,4.3,4.2,4.2,4.2,4.2,4.3,4.3,,,,,1.7,1.7,1.5,3.4,2.5,2.8,2.1,2.2,2.4,2.5,,,,,2.3,2.1,1.6,2.5,1.8,2.5,2.5,2.6,2.7,2.8,,,,,,,,,,,,,,,,,,,,,,,,,,,,,,,,,4.1,5.0,6.7,3.8,3.6,4.6,2.0,4.8,3.2,3.0,,,,,-0.7,14.6,8.5,10.4,4.5,3.7,2.8,9.7,8.5,8.8,,,,,9.9,10.0,15.4,8.0,-4.8,-3.9,-4.3,-3.8,-3.2,-2.4,,,,,-1.4,7.3,-1.9,-3.2,2.3,0.3,3.2,2.0,-0.1,-2.9,,,,,3.1,1.3,7.7,-0.9,3.4,3.5,3.9,3.8,3.9,3.9,,,,,4.7,6.9,6.0,3.5,5.0,5.8,2.6,6.3,5.1,5.1,,,,,1.64,1.7,1.77,1.61,1.64,1.62,1.6,1.59,1.58,1.57,,,,,0.9,2.2,1.3,3.8,4.8,5.1,-2.5,4.5,3.7,4.1,,,,,1.9000000000000001,2.3,-1.7000000000000002,-2.6,0.6000000000000001,0.5999999999999996,-3.3000000000000003,4.300000000000001,-1.2000000000000002,0.20000000000000018,,,,,0.09999999999999998,-0.19999999999999996,0.8,0.10000000000000009,-0.30000000000000004,0.30000000000000004,0.6000000000000001,-0.30000000000000004,0.2999999999999998,0.19999999999999996,,,,,0.09999999999999964,-0.09999999999999964,-0.10000000000000053,0.0,0.0,0.10000000000000053,0.10000000000000053,0.10000000000000053,0.20000000000000018,0.09999999999999964,,,,,0.0,0.0,-0.19999999999999996,1.9,-1.1,0.9999999999999998,-0.2999999999999998,0.10000000000000009,0.10000000000000009,0.10000000000000009,,,,,-0.30000000000000027,-0.19999999999999973,-0.5,0.8999999999999999,-0.7,0.5,0.20000000000000018,0.30000000000000027,0.20000000000000018,0.19999999999999973,,,,,,,,,,,,,,,,,,,,,,,,,,,,,,,,,-2.0,0.9000000000000004,1.7000000000000002,-3.0,-0.8000000000000003,0.6999999999999997,-2.4000000000000004,2.8,-1.5999999999999996,-0.2999999999999998,,,,,-13.5,15.299999999999999,-6.1,2.0999999999999996,-10.7,-1.2000000000000002,0.3999999999999999,6.6,-1.9000000000000004,0.3000000000000007,,,,,-5.1,0.09999999999999964,5.4,-8.0,-6.9,-2.4,-6.6,-1.5,1.3999999999999995,3.1999999999999997,,,,,-8.7,8.7,-9.2,-1.5000000000000002,5.8,-2.3000000000000003,6.5,1.4,-2.0,-1.5,,,,,1.3,-1.8,6.4,-8.9,3.6,0.10000000000000009,0.5,0.09999999999999964,0.2999999999999998,0.19999999999999973,,,,,2.0,2.2,-0.9000000000000004,-2.5,0.2999999999999998,1.0,-2.8000000000000003,4.1,-0.9000000000000004,0.39999999999999947,,,,,0.06999999999999984,0.06000000000000005,0.07000000000000006,-0.15999999999999992,0.0,-0.06999999999999984,-0.07999999999999985,-0.05999999999999983,-0.030000000000000027,-0.030000000000000027,,,,,-1.9,1.3000000000000003,-0.9000000000000001,2.5,0.0,0.2999999999999998,-7.5,7.0,-1.0999999999999996,0.39999999999999947,,,,
1999-09-29,3.7,6.0,4.3,1.8,4.4,4.5,0.9,4.5,3.2,2.9,2.8,2.8,2.8,2.8,1.0,0.8,1.6,1.6,1.1,1.4,2.3,1.9,1.9,1.9,2.3,2.0,2.0,2.0,4.5,4.4,4.3,4.3,4.2,4.1,4.0,4.0,4.1,4.1,4.1,4.2,4.2,4.2,1.7,1.7,1.5,3.4,2.5,3.3,2.3,2.2,2.3,2.5,2.5,2.6,2.6,2.6,2.3,2.1,1.6,2.5,1.7,2.6,2.6,2.7,2.8,2.8,2.8,2.9,2.9,2.9,,,,,,,,,,,,,,,,,,,,,,,,,,,,,4.1,5.0,6.7,4.6,3.9,4.3,1.7,4.5,3.2,3.0,2.9,2.8,2.7,2.7,-0.7,14.6,8.5,11.3,15.2,1.2,4.1,10.6,8.6,9.0,8.2,8.1,8.4,8.1,9.9,10.0,15.4,7.7,-3.9,1.2,-5.6,-4.6,-4.2,-5.0,-3.6,-3.5,-4.4,-4.4,-1.4,7.3,-1.9,-3.5,2.5,1.8,6.1,3.4,-0.2,-2.9,-0.6,0.3,0.4,0.5,3.1,1.3,7.7,-0.3,3.0,3.5,4.0,4.1,4.1,4.0,3.8,3.7,3.7,3.6,4.7,6.9,6.0,3.3,5.5,6.1,3.2,6.4,5.2,4.8,5.2,4.8,4.9,4.9,1.64,1.7,1.77,1.62,1.65,1.61,1.6,1.59,1.58,1.56,1.54,1.52,1.5,1.47,0.9,2.2,1.3,3.8,4.4,4.9,-1.8,4.6,4.1,3.6,3.3,3.0,3.1,3.2,0.0,0.0,0.0,-0.09999999999999987,0.9000000000000004,0.40000000000000036,0.5,0.09999999999999964,0.0,-0.20000000000000018,,,,,0.0,0.0,0.0,0.0,-0.2999999999999998,-0.20000000000000018,0.09999999999999964,0.09999999999999987,0.0,0.0,,,,,0.0,0.0,0.0,0.0,0.0,-0.10000000000000053,-0.20000000000000018,-0.20000000000000018,-0.20000000000000018,-0.20000000000000018,,,,,0.0,0.0,0.0,0.0,0.0,0.5,0.19999999999999973,0.0,-0.10000000000000009,0.0,,,,,0.0,0.0,0.0,0.0,-0.10000000000000009,0.10000000000000009,0.10000000000000009,0.10000000000000009,0.09999999999999964,0.0,,,,,,,,,,,,,,,,,,,,,,,,,,,,,,,,,0.0,0.0,0.0,0.7999999999999998,0.2999999999999998,-0.2999999999999998,-0.30000000000000004,-0.2999999999999998,0.0,0.0,,,,,0.0,0.0,0.0,0.9000000000000004,10.7,-2.5,1.2999999999999998,0.9000000000000004,0.09999999999999964,0.1999999999999993,,,,,0.0,0.0,0.0,-0.2999999999999998,0.8999999999999999,5.1,-1.2999999999999998,-0.7999999999999998,-1.0,-2.6,,,,,0.0,0.0,0.0,-0.2999999999999998,0.20000000000000018,1.5,2.8999999999999995,1.4,-0.1,0.0,,,,,0.0,0.0,0.0,0.6000000000000001,-0.3999999999999999,0.0,0.10000000000000009,0.2999999999999998,0.19999999999999973,0.10000000000000009,,,,,0.0,0.0,0.0,-0.20000000000000018,0.5,0.2999999999999998,0.6000000000000001,0.10000000000000053,0.10000000000000053,-0.2999999999999998,,,,,0.0,0.0,0.0,0.010000000000000009,0.010000000000000009,-0.010000000000000009,0.0,0.0,0.0,-0.010000000000000009,,,,,0.0,0.0,0.0,0.0,-0.39999999999999947,-0.1999999999999993,0.7,0.09999999999999964,0.39999999999999947,-0.49999999999999956,,,,
1999-11-10,5.9,3.7,1.9,5.4,4.1,1.5,5.0,3.8,3.6,3.5,3.5,3.5,3.5,,0.9,2.0,1.3,1.0,1.7,2.1,1.7,1.7,1.7,2.1,1.8,1.8,1.8,,4.4,4.3,4.3,4.2,4.1,4.1,4.0,4.0,4.0,4.1,4.1,4.2,4.2,,1.7,1.5,3.4,2.7,3.0,2.0,2.4,2.2,2.4,2.3,2.6,2.4,2.5,,2.1,1.6,2.5,1.6,2.7,2.2,2.7,2.5,2.7,2.6,2.9,2.6,2.8,,,,,,,,,,,,,,,,,,,,,,,,,,,,,,4.6,6.5,5.1,4.3,4.1,2.5,5.1,3.8,3.6,3.5,3.3,3.2,3.1,,15.3,7.8,7.0,13.6,3.2,5.2,10.7,9.2,9.5,9.8,9.6,10.0,10.0,,9.8,12.9,5.5,-3.0,-2.1,-6.4,-6.6,-5.2,-4.9,-3.4,-2.8,-2.8,-2.7,,3.9,-0.5,2.1,3.1,-1.3,5.8,3.4,0.8,-1.3,0.8,0.5,0.5,0.3,,2.3,8.2,0.9,4.7,3.6,4.0,4.0,4.1,4.1,3.9,3.9,3.8,3.7,,7.0,5.7,3.3,6.3,5.9,3.6,6.8,5.6,5.3,5.7,5.3,5.3,5.4,,1.7,1.77,1.62,1.66,1.64,1.59,1.57,1.55,1.54,1.53,1.51,1.5,1.49,,2.2,1.3,3.8,3.7,4.5,-1.1,4.0,3.7,3.6,3.3,3.5,3.5,3.4,,2.2,-2.3,-2.4,3.6000000000000005,-0.3000000000000007,-3.0,4.1,-0.7000000000000002,0.3999999999999999,0.6000000000000001,0.7000000000000002,0.7000000000000002,0.7000000000000002,,-0.09999999999999998,1.2,-0.30000000000000004,-0.6000000000000001,0.5999999999999999,0.7000000000000002,-0.5999999999999999,-0.19999999999999996,-0.19999999999999996,0.20000000000000018,-0.4999999999999998,-0.19999999999999996,-0.19999999999999996,,-0.09999999999999964,-0.10000000000000053,0.0,-0.09999999999999964,-0.10000000000000053,0.0,0.0,0.0,-0.09999999999999964,0.0,0.0,0.0,0.0,,0.0,-0.19999999999999996,1.9,-0.6999999999999997,0.5,-1.2999999999999998,0.10000000000000009,0.0,0.10000000000000009,-0.20000000000000018,0.10000000000000009,-0.20000000000000018,-0.10000000000000009,,-0.19999999999999973,-0.5,0.8999999999999999,-0.8999999999999999,1.0000000000000002,-0.3999999999999999,0.10000000000000009,-0.20000000000000018,-0.09999999999999964,-0.19999999999999973,0.10000000000000009,-0.2999999999999998,-0.10000000000000009,,,,,,,,,,,,,,,,,,,,,,,,,,,,,,0.5,1.5,-1.6000000000000005,-0.2999999999999998,0.19999999999999973,-1.7999999999999998,3.3999999999999995,-0.7000000000000002,0.3999999999999999,0.5,0.3999999999999999,0.40000000000000036,0.3999999999999999,,16.0,-6.8,-1.5,2.299999999999999,-12.0,4.0,6.6,-1.4000000000000004,0.9000000000000004,0.8000000000000007,1.4000000000000004,1.9000000000000004,1.5999999999999996,,-0.09999999999999964,2.9000000000000004,-9.9,-10.7,1.7999999999999998,-7.6000000000000005,-1.0,-0.6000000000000005,-0.7000000000000002,1.6,0.8000000000000003,0.7000000000000002,1.7000000000000002,,5.3,-7.8,4.0,6.6,-3.8,4.0,-2.6999999999999997,-2.5999999999999996,-1.1,3.7,1.1,0.2,-0.10000000000000003,,-0.8000000000000003,6.8999999999999995,-6.8,5.0,0.6000000000000001,0.5,0.0,0.0,0.0,-0.10000000000000009,0.10000000000000009,0.09999999999999964,0.0,,2.3,-1.2000000000000002,-2.7,3.0,0.40000000000000036,-2.4999999999999996,3.5999999999999996,-0.8000000000000007,0.09999999999999964,0.9000000000000004,0.09999999999999964,0.5,0.5,,0.06000000000000005,0.07000000000000006,-0.1499999999999999,0.039999999999999813,-0.010000000000000009,-0.020000000000000018,-0.030000000000000027,-0.040000000000000036,-0.040000000000000036,-0.030000000000000027,-0.030000000000000027,-0.020000000000000018,-0.010000000000000009,,1.3000000000000003,-0.9000000000000001,2.5,-0.09999999999999964,0.09999999999999964,-6.0,5.8,-0.8999999999999995,-0.49999999999999956,-0.30000000000000027,0.20000000000000018,0.5,0.2999999999999998,
1999-12-15,5.9,3.7,1.9,5.6,4.8,3.2,4.3,3.8,3.8,3.8,3.8,3.8,3.8,,0.9,2.0,1.3,1.2,1.7,2.1,1.6,1.7,1.6,2.1,1.8,1.9,1.8,,4.4,4.3,4.3,4.2,4.1,4.1,4.0,4.0,4.0,4.1,4.1,4.1,4.1,,1.7,1.5,3.4,2.7,2.9,2.6,2.3,1.9,2.2,2.3,2.6,2.5,2.6,,2.1,1.6,2.5,1.6,2.6,2.2,2.8,2.5,2.7,2.7,3.0,2.8,2.9,,,,,,,,,,,,,,,,,,,,,,,,,,,,,,4.6,6.5,5.1,4.5,5.1,2.8,5.2,4.0,3.8,3.5,3.3,3.3,3.3,,15.3,7.8,7.0,12.4,5.6,9.6,7.9,9.1,9.6,10.0,9.6,10.1,10.0,,9.8,12.8,5.6,-5.0,-2.3,-6.1,-5.1,-4.8,-4.9,-3.4,-2.7,-2.7,-2.6,,3.9,-0.5,2.1,3.9,1.4,6.8,3.4,0.8,-2.0,0.8,0.5,0.5,0.2,,2.3,8.2,0.9,4.4,3.9,4.1,4.2,4.2,4.2,4.1,4.0,4.0,3.9,,7.0,5.7,3.3,6.6,6.4,5.4,5.9,5.5,5.4,5.9,5.6,5.6,5.7,,1.7,1.77,1.62,1.65,1.62,1.59,1.57,1.55,1.54,1.53,1.51,1.5,1.49,,3.3,2.0,4.7,4.7,5.6,2.6,4.1,3.7,3.8,3.6,4.2,3.6,3.6,,0.0,0.0,0.0,0.1999999999999993,0.7000000000000002,1.7000000000000002,-0.7000000000000002,0.0,0.19999999999999973,0.2999999999999998,0.2999999999999998,0.2999999999999998,0.2999999999999998,,0.0,0.0,0.0,0.19999999999999996,0.0,0.0,-0.09999999999999987,0.0,-0.09999999999999987,0.0,0.0,0.09999999999999987,0.0,,0.0,0.0,0.0,0.0,0.0,0.0,0.0,0.0,0.0,0.0,0.0,-0.10000000000000053,-0.10000000000000053,,0.0,0.0,0.0,0.0,-0.10000000000000009,0.6000000000000001,-0.10000000000000009,-0.30000000000000027,-0.19999999999999973,0.0,0.0,0.10000000000000009,0.10000000000000009,,0.0,0.0,0.0,0.0,-0.10000000000000009,0.0,0.09999999999999964,0.0,0.0,0.10000000000000009,0.10000000000000009,0.19999999999999973,0.10000000000000009,,,,,,,,,,,,,,,,,,,,,,,,,,,,,,0.0,0.0,0.0,0.20000000000000018,1.0,0.2999999999999998,0.10000000000000053,0.20000000000000018,0.19999999999999973,0.0,0.0,0.09999999999999964,0.19999999999999973,,0.0,0.0,0.0,-1.1999999999999993,2.3999999999999995,4.3999999999999995,-2.799999999999999,-0.09999999999999964,0.09999999999999964,0.1999999999999993,0.0,0.09999999999999964,0.0,,0.0,-0.09999999999999964,0.09999999999999964,-2.0,-0.19999999999999973,0.3000000000000007,1.5,0.40000000000000036,0.0,0.0,0.09999999999999964,0.09999999999999964,0.10000000000000009,,0.0,0.0,0.0,0.7999999999999998,2.7,1.0,0.0,0.0,-0.7,0.0,0.0,0.0,-0.09999999999999998,,0.0,0.0,0.0,-0.2999999999999998,0.2999999999999998,0.09999999999999964,0.20000000000000018,0.10000000000000053,0.10000000000000053,0.19999999999999973,0.10000000000000009,0.20000000000000018,0.19999999999999973,,0.0,0.0,0.0,0.2999999999999998,0.5,1.8000000000000003,-0.8999999999999995,-0.09999999999999964,0.10000000000000053,0.20000000000000018,0.2999999999999998,0.2999999999999998,0.2999999999999998,,0.0,0.0,0.0,-0.010000000000000009,-0.019999999999999796,0.0,0.0,0.0,0.0,0.0,0.0,0.0,0.0,,1.0999999999999996,0.7,0.9000000000000004,1.0,1.0999999999999996,3.7,0.09999999999999964,0.0,0.19999999999999973,0.30000000000000027,0.7000000000000002,0.10000000000000009,0.20000000000000018,
2000-01-27,3.7,1.9,5.7,5.2,4.0,4.2,4.1,3.9,3.8,3.8,3.8,3.9,,,2.0,1.3,1.1,1.6,2.1,1.8,1.9,1.8,2.1,1.7,1.8,1.8,,,4.3,4.3,4.2,4.1,4.0,4.0,4.0,4.0,4.1,4.1,4.1,4.1,,,1.5,3.4,2.7,2.9,2.9,2.7,1.9,2.1,2.2,2.4,2.4,2.5,,,1.6,2.5,1.6,2.5,2.2,2.8,2.4,2.7,2.6,2.8,2.7,2.8,,,1.4,2.2,1.8,2.5,2.4,2.0,1.7,1.8,1.9,2.0,2.1,2.1,,,1.4,1.3,1.2,2.1,1.8,2.0,1.9,2.0,2.1,2.1,2.2,2.2,,,6.5,5.1,4.9,5.2,4.8,4.5,4.4,3.8,3.9,3.9,3.3,3.0,,,7.8,7.0,10.9,3.4,11.6,8.8,9.8,10.0,10.3,10.4,10.7,10.6,,,12.9,5.5,-3.8,2.8,0.7,-6.0,-4.8,-4.1,-4.8,-3.4,-3.3,-2.8,,,-0.5,2.1,4.1,6.2,3.1,3.6,1.0,-1.8,1.0,0.7,0.7,0.4,,,8.2,0.9,4.8,5.2,4.4,4.5,4.5,4.6,4.3,4.2,4.3,4.2,,,5.7,3.3,6.8,6.7,6.1,6.1,6.1,5.8,6.0,5.6,5.7,5.8,,,1.77,1.62,1.66,1.65,1.64,1.62,1.59,1.57,1.56,1.54,1.53,1.52,,,2.0,4.7,4.8,6.6,4.2,3.9,4.2,3.9,3.5,4.1,4.1,3.6,,,-2.2,-1.8000000000000003,3.8000000000000003,-0.39999999999999947,-0.7999999999999998,1.0,-0.20000000000000018,0.10000000000000009,0.0,0.0,0.0,0.10000000000000009,,,1.1,-0.7,-0.19999999999999996,0.40000000000000013,0.40000000000000013,-0.30000000000000004,0.2999999999999998,0.10000000000000009,0.5,-0.40000000000000013,0.0,-0.09999999999999987,,,-0.10000000000000053,0.0,-0.09999999999999964,-0.10000000000000053,-0.09999999999999964,-0.09999999999999964,0.0,0.0,0.09999999999999964,0.0,0.0,0.0,,,-0.19999999999999996,1.9,-0.6999999999999997,0.19999999999999973,0.0,0.10000000000000009,-0.3999999999999999,0.20000000000000018,0.0,0.10000000000000009,-0.20000000000000018,0.0,,,-0.5,0.8999999999999999,-0.8999999999999999,0.8999999999999999,-0.3999999999999999,0.5999999999999996,-0.3999999999999999,0.20000000000000018,-0.10000000000000009,0.09999999999999964,-0.2999999999999998,0.0,,,,,,,,,,,,,,,,,,,,,,,,,,,,,,,1.9000000000000004,-1.4000000000000004,-0.1999999999999993,0.7000000000000002,-0.2999999999999998,1.7000000000000002,-0.7999999999999998,-0.20000000000000018,0.10000000000000009,0.3999999999999999,0.0,-0.2999999999999998,,,-7.500000000000001,-0.7999999999999998,3.9000000000000004,-9.0,6.0,-0.7999999999999989,1.9000000000000004,0.9000000000000004,0.7000000000000011,0.40000000000000036,1.0999999999999996,0.5,,,3.0999999999999996,-7.300000000000001,-9.399999999999999,7.8,3.0,0.09999999999999964,0.2999999999999998,0.7000000000000002,0.10000000000000053,0.0,-0.5999999999999996,-0.09999999999999964,,,-4.4,2.6,1.9999999999999996,2.3000000000000003,1.7000000000000002,-3.1999999999999997,-2.4,-2.6,3.0,-0.10000000000000009,0.19999999999999996,-0.09999999999999998,,,5.8999999999999995,-7.299999999999999,3.9,0.7999999999999998,0.5000000000000004,0.40000000000000036,0.2999999999999998,0.39999999999999947,0.09999999999999964,0.10000000000000053,0.2999999999999998,0.20000000000000018,,,-1.2999999999999998,-2.4000000000000004,3.5,0.10000000000000053,-0.3000000000000007,0.6999999999999993,0.1999999999999993,0.2999999999999998,0.5999999999999996,-0.3000000000000007,0.10000000000000053,0.20000000000000018,,,0.07000000000000006,-0.1499999999999999,0.039999999999999813,0.0,0.019999999999999796,0.030000000000000027,0.020000000000000018,0.020000000000000018,0.020000000000000018,0.010000000000000009,0.020000000000000018,0.020000000000000018,,,-1.2999999999999998,2.7,0.09999999999999964,1.8999999999999995,-1.3999999999999995,1.2999999999999998,0.10000000000000053,0.19999999999999973,-0.2999999999999998,0.49999999999999956,-0.10000000000000053,0.0,,
2000-03-15,3.7,1.9,5.7,7.0,4.3,4.9,3.8,3.8,3.7,3.6,3.7,3.7,,,2.0,1.3,1.1,2.0,2.9,2.6,1.6,1.7,2.0,1.8,1.9,1.9,,,4.3,4.3,4.2,4.1,4.0,4.0,4.0,4.0,4.1,4.1,4.1,4.2,,,1.7,3.2,2.4,2.9,3.9,4.4,1.1,1.7,1.9,2.3,2.3,2.5,,,1.8,2.1,2.1,2.3,2.2,2.8,2.5,2.7,2.6,3.0,2.8,3.0,,,1.4,2.2,1.8,2.5,3.3,3.4,1.1,1.5,1.7,1.9,2.0,2.1,,,1.4,1.3,1.2,2.0,2.0,2.3,1.9,2.0,2.1,2.2,2.2,2.3,,,6.5,5.1,4.9,6.0,6.1,4.1,4.4,3.8,3.9,3.6,3.2,2.9,,,7.8,7.0,10.9,2.0,14.8,15.1,8.4,11.5,9.8,9.9,9.6,9.7,,,12.9,5.5,-3.8,1.3,8.2,-1.4,-6.2,-7.7,-5.9,-4.0,-3.8,-3.9,,,-0.5,2.1,4.1,14.2,-13.2,11.7,1.6,-1.1,1.1,1.3,1.4,1.4,,,8.2,0.9,4.8,6.8,7.9,2.2,4.5,4.6,4.5,4.4,4.5,4.4,,,5.7,3.3,6.8,9.1,7.3,7.6,5.4,5.5,5.7,5.4,5.7,5.8,,,1.76,1.59,1.66,1.68,1.74,1.68,1.63,1.6,1.58,1.56,1.54,1.52,,,2.0,4.7,4.8,5.4,7.8,5.1,4.2,4.3,3.5,4.4,4.2,3.9,,,0.0,0.0,0.0,1.7999999999999998,0.2999999999999998,0.7000000000000002,-0.2999999999999998,-0.10000000000000009,-0.09999999999999964,-0.19999999999999973,-0.09999999999999964,-0.19999999999999973,,,0.0,0.0,0.0,0.3999999999999999,0.7999999999999998,0.8,-0.2999999999999998,-0.10000000000000009,-0.10000000000000009,0.10000000000000009,0.09999999999999987,0.09999999999999987,,,0.0,0.0,0.0,0.0,0.0,0.0,0.0,0.0,0.0,0.0,0.0,0.10000000000000053,,,0.19999999999999996,-0.19999999999999973,-0.30000000000000027,0.0,1.0,1.7000000000000002,-0.7999999999999998,-0.40000000000000013,-0.30000000000000027,-0.10000000000000009,-0.10000000000000009,0.0,,,0.19999999999999996,-0.3999999999999999,0.5,-0.20000000000000018,0.0,0.0,0.10000000000000009,0.0,0.0,0.20000000000000018,0.09999999999999964,0.20000000000000018,,,0.0,0.0,0.0,0.0,0.8999999999999999,1.4,-0.5999999999999999,-0.30000000000000004,-0.19999999999999996,-0.10000000000000009,-0.10000000000000009,0.0,,,0.0,0.0,0.0,-0.10000000000000009,0.19999999999999996,0.2999999999999998,0.0,0.0,0.0,0.10000000000000009,0.0,0.09999999999999964,,,0.0,0.0,0.0,0.7999999999999998,1.2999999999999998,-0.40000000000000036,0.0,0.0,0.0,-0.2999999999999998,-0.09999999999999964,-0.10000000000000009,,,0.0,0.0,0.0,-1.4,3.200000000000001,6.299999999999999,-1.4000000000000004,1.5,-0.5,-0.5,-1.0999999999999996,-0.9000000000000004,,,0.0,0.0,0.0,-1.4999999999999998,7.499999999999999,4.6,-1.4000000000000004,-3.6000000000000005,-1.1000000000000005,-0.6000000000000001,-0.5,-1.1,,,0.0,0.0,0.0,7.999999999999999,-16.3,8.1,0.6000000000000001,0.7,0.10000000000000009,0.6000000000000001,0.7,0.9999999999999999,,,0.0,0.0,0.0,1.5999999999999996,3.5,-2.3,0.0,0.0,0.20000000000000018,0.20000000000000018,0.20000000000000018,0.20000000000000018,,,0.0,0.0,0.0,2.3999999999999995,1.2000000000000002,1.5,-0.6999999999999993,-0.2999999999999998,-0.2999999999999998,-0.1999999999999993,0.0,0.0,,,-0.010000000000000009,-0.030000000000000027,0.0,0.030000000000000027,0.10000000000000009,0.05999999999999983,0.039999999999999813,0.030000000000000027,0.020000000000000018,0.020000000000000018,0.010000000000000009,0.0,,,0.0,0.0,0.0,-1.1999999999999993,3.5999999999999996,1.1999999999999997,0.0,0.3999999999999999,0.0,0.3000000000000007,0.10000000000000053,0.2999999999999998,,
2000-05-11,1.9,5.7,7.3,4.9,5.3,4.1,4.0,3.6,3.6,3.6,3.6,,,,1.3,1.1,2.0,2.6,2.7,1.9,1.8,2.1,1.9,2.0,2.0,,,,4.3,4.2,4.1,4.1,3.9,3.8,3.8,3.9,3.9,3.9,4.0,,,,3.2,2.4,2.9,4.1,3.5,2.1,2.3,2.2,2.5,2.4,2.6,,,,2.1,2.1,2.3,2.3,3.2,2.6,2.7,2.6,3.0,2.9,3.0,,,,2.2,1.8,2.5,3.2,2.6,1.8,2.1,2.0,2.2,2.2,2.3,,,,1.3,1.2,2.0,1.8,2.4,2.2,2.3,2.3,2.4,2.4,2.5,,,,5.1,4.9,5.9,7.6,4.0,4.4,3.8,3.9,3.5,3.0,2.5,,,,7.0,10.9,2.9,24.8,10.6,12.2,12.6,9.9,10.1,10.2,9.7,,,,5.5,-3.8,1.8,6.3,-2.2,-4.8,-5.0,-5.1,-3.2,-3.5,-2.6,,,,2.1,4.1,14.7,-15.5,8.7,1.2,-0.8,1.3,1.3,1.4,1.4,,,,0.9,4.8,6.4,7.0,1.4,4.7,4.7,4.7,4.6,4.7,4.7,,,,3.3,6.8,9.4,7.7,7.9,6.1,5.9,5.8,5.6,5.6,5.7,,,,1.59,1.66,1.69,1.72,1.65,1.64,1.61,1.6,1.58,1.56,1.56,,,,4.7,4.8,5.3,6.4,7.2,5.6,3.6,4.2,4.0,4.9,3.0,,,,-1.8000000000000003,3.8000000000000003,1.5999999999999996,-2.0999999999999996,1.0,-0.8000000000000007,0.20000000000000018,-0.19999999999999973,-0.10000000000000009,0.0,-0.10000000000000009,,,,-0.7,-0.19999999999999996,0.8999999999999999,0.6000000000000001,-0.19999999999999973,-0.7000000000000002,0.19999999999999996,0.40000000000000013,-0.10000000000000009,0.19999999999999996,0.10000000000000009,,,,0.0,-0.09999999999999964,-0.10000000000000053,0.0,-0.10000000000000009,-0.20000000000000018,-0.20000000000000018,-0.10000000000000009,-0.19999999999999973,-0.19999999999999973,-0.09999999999999964,,,,1.5000000000000002,-0.8000000000000003,0.5,1.1999999999999997,-0.3999999999999999,-2.3000000000000003,1.1999999999999997,0.5000000000000002,0.6000000000000001,0.10000000000000009,0.30000000000000027,,,,0.30000000000000004,0.0,0.19999999999999973,0.0,1.0,-0.19999999999999973,0.20000000000000018,-0.10000000000000009,0.3999999999999999,-0.10000000000000009,0.20000000000000018,,,,0.8000000000000003,-0.40000000000000013,0.7,0.7000000000000002,-0.6999999999999997,-1.5999999999999999,1.0,0.5,0.5000000000000002,0.30000000000000027,0.2999999999999998,,,,-0.09999999999999987,-0.10000000000000009,0.8,-0.19999999999999996,0.3999999999999999,-0.09999999999999964,0.3999999999999999,0.2999999999999998,0.2999999999999998,0.19999999999999973,0.2999999999999998,,,,-1.4000000000000004,-0.1999999999999993,1.0,1.5999999999999996,-2.0999999999999996,0.3000000000000007,-0.6000000000000005,0.10000000000000009,-0.3999999999999999,-0.6000000000000001,-0.7000000000000002,,,,-0.7999999999999998,3.9000000000000004,-8.0,22.8,-4.200000000000001,-2.9000000000000004,4.199999999999999,-1.5999999999999996,0.29999999999999893,0.29999999999999893,0.09999999999999964,,,,-7.4,-9.3,5.6,5.0,-10.399999999999999,-3.4,1.2000000000000002,2.6000000000000005,2.7,0.5,1.1999999999999997,,,,2.6,1.9999999999999996,10.6,-29.7,21.9,-10.5,-2.4000000000000004,2.4000000000000004,0.19999999999999996,0.09999999999999987,0.0,,,,-7.299999999999999,3.9,1.6000000000000005,0.20000000000000018,-6.5,2.5,0.20000000000000018,0.10000000000000053,0.09999999999999964,0.2999999999999998,0.20000000000000018,,,,-2.4000000000000004,3.5,2.6000000000000005,-1.3999999999999995,0.6000000000000005,-1.5,0.5,0.2999999999999998,-0.10000000000000053,0.1999999999999993,0.0,,,,-0.16999999999999993,0.06999999999999984,0.030000000000000027,0.040000000000000036,-0.09000000000000008,-0.040000000000000036,-0.019999999999999796,0.0,0.0,0.0,0.020000000000000018,,,,2.7,0.09999999999999964,0.5,1.0,-0.5999999999999996,0.5,-0.6000000000000001,-0.09999999999999964,0.5,0.5,-1.2000000000000002,,,
2000-06-21,1.9,5.7,7.3,5.5,4.1,3.8,3.8,3.5,3.5,3.5,3.5,,,,1.3,1.1,2.0,2.7,2.6,2.3,1.7,2.0,1.8,1.8,1.9,,,,4.3,4.2,4.1,4.1,4.0,3.9,3.9,4.0,4.0,4.1,4.1,,,,3.2,2.4,2.9,4.1,3.6,3.7,1.6,1.9,2.3,2.3,2.5,,,,2.1,2.1,2.3,2.3,2.8,2.4,2.8,2.7,3.0,2.8,2.9,,,,2.2,1.8,2.5,3.1,2.6,3.0,1.6,1.8,2.0,2.1,2.2,,,,1.3,1.2,2.0,1.8,2.1,2.1,2.3,2.3,2.4,2.3,2.4,,,,5.1,4.9,5.9,7.5,3.2,4.0,3.6,3.6,3.3,3.0,2.7,,,,7.0,10.9,2.9,25.8,12.7,10.3,12.2,10.5,10.5,10.0,9.3,,,,5.5,-3.8,1.8,6.5,-2.9,-6.8,-4.9,-7.8,-5.1,-5.3,-3.6,,,,2.1,4.1,14.7,-15.1,8.7,0.2,-0.2,1.1,1.3,1.5,1.5,,,,0.9,4.8,6.4,6.7,1.4,4.7,4.8,4.7,4.6,4.7,4.7,,,,3.3,6.8,9.4,8.4,6.8,6.2,5.6,5.6,5.5,5.4,5.5,,,,1.59,1.66,1.69,1.73,1.61,1.61,1.59,1.56,1.54,1.52,1.51,,,,4.7,4.8,5.3,6.6,6.6,3.7,3.8,3.5,4.1,4.0,3.9,,,,0.0,0.0,0.0,0.5999999999999996,-1.2000000000000002,-0.2999999999999998,-0.20000000000000018,-0.10000000000000009,-0.10000000000000009,-0.10000000000000009,-0.10000000000000009,,,,0.0,0.0,0.0,0.10000000000000009,-0.10000000000000009,0.3999999999999999,-0.10000000000000009,-0.10000000000000009,-0.09999999999999987,-0.19999999999999996,-0.10000000000000009,,,,0.0,0.0,0.0,0.0,0.10000000000000009,0.10000000000000009,0.10000000000000009,0.10000000000000009,0.10000000000000009,0.19999999999999973,0.09999999999999964,,,,0.0,0.0,0.0,0.0,0.10000000000000009,1.6,-0.6999999999999997,-0.30000000000000027,-0.20000000000000018,-0.10000000000000009,-0.10000000000000009,,,,0.0,0.0,0.0,0.0,-0.40000000000000036,-0.20000000000000018,0.09999999999999964,0.10000000000000009,0.0,-0.10000000000000009,-0.10000000000000009,,,,0.0,0.0,0.0,-0.10000000000000009,0.0,1.2,-0.5,-0.19999999999999996,-0.20000000000000018,-0.10000000000000009,-0.09999999999999964,,,,0.0,0.0,0.0,0.0,-0.2999999999999998,-0.10000000000000009,0.0,0.0,0.0,-0.10000000000000009,-0.10000000000000009,,,,0.0,0.0,0.0,-0.09999999999999964,-0.7999999999999998,-0.40000000000000036,-0.19999999999999973,-0.2999999999999998,-0.20000000000000018,0.0,0.20000000000000018,,,,0.0,0.0,0.0,1.0,2.0999999999999996,-1.8999999999999986,-0.40000000000000036,0.5999999999999996,0.40000000000000036,-0.1999999999999993,-0.3999999999999986,,,,0.0,0.0,0.0,0.20000000000000018,-0.6999999999999997,-2.0,0.09999999999999964,-2.7,-1.8999999999999995,-1.7999999999999998,-1.0,,,,0.0,0.0,0.0,0.40000000000000036,0.0,-1.0,0.6000000000000001,-0.19999999999999996,0.0,0.10000000000000009,0.10000000000000009,,,,0.0,0.0,0.0,-0.2999999999999998,0.0,0.0,0.09999999999999964,0.0,0.0,0.0,0.0,,,,0.0,0.0,0.0,0.7000000000000002,-1.1000000000000005,0.10000000000000053,-0.3000000000000007,-0.20000000000000018,-0.09999999999999964,-0.1999999999999993,-0.20000000000000018,,,,0.0,0.0,0.0,0.010000000000000009,-0.039999999999999813,-0.029999999999999805,-0.020000000000000018,-0.040000000000000036,-0.040000000000000036,-0.040000000000000036,-0.050000000000000044,,,,0.0,0.0,0.0,0.1999999999999993,-0.6000000000000005,-1.8999999999999995,0.19999999999999973,-0.7000000000000002,0.09999999999999964,-0.9000000000000004,0.8999999999999999,,,
2000-08-16,5.7,8.3,4.8,4.9,3.2,3.8,3.9,4.0,4.1,4.2,,,,,1.1,1.6,3.3,2.5,1.5,1.6,2.2,1.7,1.8,1.8,,,,,4.2,4.1,4.1,4.0,4.0,4.0,4.1,4.1,4.2,4.3,,,,,2.4,2.9,4.1,3.6,2.6,2.0,2.2,2.2,2.3,2.4,,,,,2.1,2.3,2.3,2.8,2.5,2.6,2.6,2.6,2.7,2.7,,,,,1.9,2.2,3.5,2.3,1.5,1.7,1.9,1.9,1.9,2.0,,,,,1.3,1.7,2.2,1.7,1.3,2.0,2.0,2.0,2.1,2.1,,,,,5.0,5.9,7.6,2.9,4.2,3.9,3.7,3.6,3.4,3.4,,,,,11.8,9.5,21.0,15.1,14.3,11.6,12.0,11.9,11.8,11.1,,,,,-3.1,0.5,3.2,1.1,-16.1,-9.5,-8.7,-4.2,-4.0,-4.6,,,,,6.9,13.2,-14.2,17.5,-6.6,1.8,1.5,1.4,1.8,2.0,,,,,3.7,6.1,6.6,-0.4,4.2,4.2,4.2,4.2,4.1,4.1,,,,,6.7,9.7,8.3,7.7,4.8,5.4,6.1,5.8,6.0,6.1,,,,,1.66,1.69,1.73,1.6,1.53,1.52,1.5,1.48,1.46,1.45,,,,,4.8,5.3,6.5,7.3,5.0,4.5,4.3,4.5,4.3,4.0,,,,,3.8000000000000003,2.6000000000000005,-2.5,-0.5999999999999996,-0.8999999999999995,0.0,0.10000000000000009,0.5,0.5999999999999996,0.7000000000000002,,,,,-0.19999999999999996,0.5,1.2999999999999998,-0.20000000000000018,-1.1,-0.6999999999999997,0.5000000000000002,-0.30000000000000004,0.0,0.0,,,,,-0.09999999999999964,-0.10000000000000053,0.0,-0.09999999999999964,0.0,0.10000000000000009,0.19999999999999973,0.09999999999999964,0.20000000000000018,0.20000000000000018,,,,,-0.8000000000000003,0.5,1.1999999999999997,-0.49999999999999956,-1.0,-1.7000000000000002,0.6000000000000001,0.30000000000000027,0.0,0.10000000000000009,,,,,0.0,0.19999999999999973,0.0,0.5,-0.2999999999999998,0.20000000000000018,-0.19999999999999973,-0.10000000000000009,-0.2999999999999998,-0.09999999999999964,,,,,-0.30000000000000027,0.40000000000000013,1.0,-0.8000000000000003,-1.1,-1.3,0.2999999999999998,0.09999999999999987,-0.10000000000000009,-0.10000000000000009,,,,,0.0,0.5,0.20000000000000018,-0.10000000000000009,-0.8,-0.10000000000000009,-0.2999999999999998,-0.2999999999999998,-0.2999999999999998,-0.19999999999999973,,,,,-0.09999999999999964,1.0,1.6999999999999993,-4.6,1.0,-0.10000000000000009,0.10000000000000009,0.0,0.10000000000000009,0.3999999999999999,,,,,4.800000000000001,-1.4000000000000004,18.1,-10.700000000000001,1.6000000000000014,1.299999999999999,-0.1999999999999993,1.4000000000000004,1.3000000000000007,1.0999999999999996,,,,,-8.6,4.3,1.4000000000000001,-5.4,-13.200000000000001,-2.7,-3.799999999999999,3.5999999999999996,1.0999999999999996,0.7000000000000002,,,,,4.800000000000001,9.1,-28.9,32.6,-15.299999999999999,1.6,1.7,0.2999999999999998,0.5,0.5,,,,,2.8000000000000003,1.2999999999999998,0.1999999999999993,-7.1000000000000005,2.8000000000000003,-0.5,-0.5999999999999996,-0.5,-0.5,-0.6000000000000005,,,,,3.4000000000000004,2.8999999999999995,-1.0999999999999996,-0.7000000000000002,-2.0,-0.7999999999999998,0.5,0.20000000000000018,0.5,0.6999999999999993,,,,,0.06999999999999984,0.030000000000000027,0.040000000000000036,-0.1299999999999999,-0.08000000000000007,-0.09000000000000008,-0.09000000000000008,-0.08000000000000007,-0.08000000000000007,-0.07000000000000006,,,,,0.09999999999999964,0.5,1.2000000000000002,0.7000000000000002,-1.5999999999999996,0.7999999999999998,0.5,1.0,0.20000000000000018,0.0,,,,
2000-09-27,5.7,8.3,4.8,5.2,3.0,3.7,3.8,3.9,4.0,4.2,4.3,4.3,4.3,4.4,1.1,1.6,3.3,2.6,1.8,2.0,2.3,1.8,1.8,1.8,2.2,1.8,1.8,1.8,4.2,4.1,4.1,4.0,4.1,4.1,4.1,4.1,4.2,4.3,4.3,4.4,4.4,4.5,2.4,2.9,4.1,3.6,3.0,2.7,2.4,2.5,2.4,2.4,2.4,2.4,2.5,2.5,2.1,2.3,2.3,2.8,2.5,2.7,2.7,2.7,2.7,2.8,2.8,2.8,2.9,2.9,1.9,2.2,3.5,2.3,2.0,2.2,2.0,2.0,2.0,2.0,2.0,2.1,2.1,2.1,1.3,1.7,2.2,1.7,1.4,2.1,2.1,2.1,2.1,2.2,2.2,2.2,2.3,2.3,5.0,5.9,7.6,2.9,4.7,3.8,3.6,3.5,3.4,3.4,3.4,3.4,3.4,3.4,11.8,9.5,21.0,14.5,11.9,9.1,11.7,11.1,11.2,11.1,11.4,11.3,11.2,11.2,-3.1,0.5,3.2,1.1,-12.4,-4.3,-5.1,-1.9,-4.1,-3.2,-2.3,-1.7,-2.3,-2.0,6.9,13.2,-14.2,16.7,-9.6,3.3,2.0,2.1,2.1,4.4,2.1,2.4,2.7,2.3,3.7,6.1,6.6,-1.1,2.8,4.2,4.2,4.2,4.2,4.2,4.2,4.2,4.1,4.1,6.7,9.7,8.3,8.2,4.8,5.7,6.2,5.7,5.8,6.1,6.6,6.2,6.2,6.2,1.66,1.69,1.73,1.6,1.55,1.57,1.57,1.55,1.54,1.53,1.52,1.51,1.5,1.49,4.8,5.3,6.5,8.0,3.5,4.2,4.5,4.5,4.3,4.6,4.8,5.1,4.8,4.9,0.0,0.0,0.0,0.2999999999999998,-0.20000000000000018,-0.09999999999999964,-0.10000000000000009,-0.10000000000000009,-0.09999999999999964,0.0,,,,,0.0,0.0,0.0,0.10000000000000009,0.30000000000000004,0.3999999999999999,0.09999999999999964,0.10000000000000009,0.0,0.0,,,,,0.0,0.0,0.0,0.0,0.09999999999999964,0.09999999999999964,0.0,0.0,0.0,0.0,,,,,0.0,0.0,0.0,0.0,0.3999999999999999,0.7000000000000002,0.19999999999999973,0.2999999999999998,0.10000000000000009,0.0,,,,,0.0,0.0,0.0,0.0,0.0,0.10000000000000009,0.10000000000000009,0.10000000000000009,0.0,0.09999999999999964,,,,,0.0,0.0,0.0,0.0,0.5,0.5000000000000002,0.10000000000000009,0.10000000000000009,0.10000000000000009,0.0,,,,,0.0,0.0,0.0,0.0,0.09999999999999987,0.10000000000000009,0.10000000000000009,0.10000000000000009,0.0,0.10000000000000009,,,,,0.0,0.0,0.0,0.0,0.5,-0.10000000000000009,-0.10000000000000009,-0.10000000000000009,0.0,0.0,,,,,0.0,0.0,0.0,-0.5999999999999996,-2.4000000000000004,-2.5,-0.3000000000000007,-0.8000000000000007,-0.6000000000000014,0.0,,,,,0.0,0.0,0.0,0.0,3.700000000000001,5.2,3.5999999999999996,2.3000000000000003,-0.09999999999999964,1.3999999999999995,,,,,0.0,0.0,0.0,-0.8000000000000007,-3.0,1.4999999999999998,0.5,0.7000000000000002,0.30000000000000004,2.4000000000000004,,,,,0.0,0.0,0.0,-0.7000000000000001,-1.4000000000000004,0.0,0.0,0.0,0.10000000000000053,0.10000000000000053,,,,,0.0,0.0,0.0,0.4999999999999991,0.0,0.2999999999999998,0.10000000000000053,-0.09999999999999964,-0.20000000000000018,0.0,,,,,0.0,0.0,0.0,0.0,0.020000000000000018,0.050000000000000044,0.07000000000000006,0.07000000000000006,0.08000000000000007,0.08000000000000007,,,,,0.0,0.0,0.0,0.7000000000000002,-1.5,-0.2999999999999998,0.20000000000000018,0.0,0.0,0.5999999999999996,,,,
2000-11-08,8.3,4.8,5.6,2.6,3.5,3.6,3.6,3.7,3.9,3.9,4.0,4.1,4.2,,1.6,3.3,2.4,2.0,2.2,2.4,1.7,1.7,1.8,2.1,1.8,1.8,1.8,,4.1,4.1,4.0,4.0,4.0,4.1,4.2,4.3,4.4,4.4,4.5,4.5,4.6,,2.9,4.3,3.6,3.1,2.8,2.2,2.1,2.3,2.3,2.4,2.4,2.5,2.5,,2.3,2.5,2.9,2.5,2.7,2.7,2.7,2.7,2.8,2.8,2.8,2.9,2.9,,2.2,3.5,2.1,2.2,2.3,1.8,1.8,1.9,2.0,2.0,2.1,2.1,2.2,,1.7,2.2,1.4,1.5,2.2,2.1,2.1,2.1,2.2,2.2,2.2,2.3,2.3,,5.9,7.6,3.1,4.5,3.6,3.6,3.4,3.4,3.3,3.2,3.2,3.2,3.2,,9.5,21.0,14.6,7.4,8.7,9.1,9.9,10.9,10.5,10.2,10.0,10.0,10.1,,0.5,3.2,1.3,-9.7,-5.3,-5.0,0.6,-1.0,-0.8,-1.7,-3.1,-3.4,-3.0,,13.2,-14.2,17.2,-10.1,3.2,1.8,2.2,2.0,4.5,2.5,2.4,2.7,2.3,,6.1,6.6,-1.1,2.5,4.2,4.2,4.2,4.2,4.2,4.2,4.2,4.2,4.1,,9.7,8.3,8.2,4.6,5.9,6.0,5.4,5.4,5.7,6.1,5.9,5.9,6.0,,1.69,1.73,1.61,1.53,1.56,1.57,1.57,1.57,1.57,1.55,1.54,1.53,1.52,,5.3,6.5,8.2,2.8,2.1,3.1,3.9,3.8,4.1,4.2,4.5,4.3,4.4,,2.6000000000000005,-3.500000000000001,0.7999999999999998,-2.6,0.5,-0.10000000000000009,-0.19999999999999973,-0.19999999999999973,-0.10000000000000009,-0.30000000000000027,-0.2999999999999998,-0.20000000000000018,-0.09999999999999964,,0.5,1.6999999999999997,-0.8999999999999999,-0.6000000000000001,0.40000000000000013,0.3999999999999999,-0.5999999999999999,-0.10000000000000009,0.0,0.30000000000000004,-0.40000000000000013,0.0,0.0,,-0.10000000000000053,0.0,-0.09999999999999964,0.0,-0.09999999999999964,0.0,0.10000000000000053,0.20000000000000018,0.20000000000000018,0.10000000000000053,0.20000000000000018,0.09999999999999964,0.1999999999999993,,0.5,1.4,-0.49999999999999956,-0.5,-0.20000000000000018,-0.5,-0.2999999999999998,-0.20000000000000018,-0.10000000000000009,0.0,0.0,0.10000000000000009,0.0,,0.19999999999999973,0.20000000000000018,0.6000000000000001,-0.2999999999999998,0.20000000000000018,0.0,0.0,0.0,0.09999999999999964,0.0,0.0,0.10000000000000009,0.0,,0.30000000000000027,1.2999999999999998,-1.4,-0.09999999999999964,0.2999999999999998,-0.40000000000000013,-0.19999999999999996,-0.10000000000000009,0.0,0.0,0.10000000000000009,0.0,0.10000000000000009,,0.3999999999999999,0.5000000000000002,-0.8000000000000003,-0.19999999999999996,0.8000000000000003,0.0,0.0,0.0,0.10000000000000009,0.0,0.0,0.09999999999999964,0.0,,0.9000000000000004,1.6999999999999993,-4.5,1.6,-1.1,-0.19999999999999973,-0.20000000000000018,-0.10000000000000009,-0.10000000000000009,-0.19999999999999973,-0.19999999999999973,-0.19999999999999973,-0.19999999999999973,,-2.3000000000000007,11.5,-6.4,-7.1,-3.200000000000001,0.0,-1.799999999999999,-0.1999999999999993,-0.6999999999999993,-0.9000000000000004,-1.4000000000000004,-1.3000000000000007,-1.0999999999999996,,3.6,2.7,-1.9000000000000001,-10.799999999999999,7.1000000000000005,-0.7000000000000002,5.699999999999999,0.8999999999999999,3.3,1.5000000000000002,-0.8000000000000003,-1.7,-0.7000000000000002,,6.299999999999999,-27.4,31.4,-26.799999999999997,12.8,-1.4999999999999998,0.20000000000000018,-0.10000000000000009,2.4,-1.9000000000000004,0.2999999999999998,0.30000000000000027,-0.40000000000000036,,2.3999999999999995,0.5,-7.699999999999999,3.6,1.4000000000000004,0.0,0.0,0.0,0.0,0.0,0.0,0.0,0.0,,2.999999999999999,-1.3999999999999986,-0.10000000000000142,-3.5999999999999996,1.1000000000000005,0.2999999999999998,-0.7999999999999998,-0.2999999999999998,-0.09999999999999964,0.0,-0.6999999999999993,-0.2999999999999998,-0.20000000000000018,,0.030000000000000027,0.040000000000000036,-0.11999999999999988,-0.07000000000000006,0.010000000000000009,0.0,0.0,0.020000000000000018,0.030000000000000027,0.020000000000000018,0.020000000000000018,0.020000000000000018,0.020000000000000018,,0.5,1.2000000000000002,1.6999999999999993,-5.2,-1.4,-1.1,-0.6000000000000001,-0.7000000000000002,-0.20000000000000018,-0.39999999999999947,-0.2999999999999998,-0.7999999999999998,-0.39999999999999947,
2000-12-13,8.3,4.8,5.6,2.3,2.4,2.2,3.1,3.3,3.6,3.7,3.8,3.9,4.0,,1.6,3.3,2.4,1.9,2.3,2.7,1.8,1.6,1.7,2.1,1.7,1.7,1.7,,4.1,4.1,4.0,4.0,4.0,4.3,4.4,4.6,4.7,4.8,4.9,4.9,5.0,,2.9,4.3,3.6,3.1,2.8,2.5,1.9,1.9,2.0,2.1,2.2,2.3,2.3,,2.3,2.5,2.9,2.5,2.5,2.6,2.6,2.6,2.6,2.6,2.6,2.6,2.6,,2.2,3.5,2.1,2.1,2.3,1.8,1.7,1.7,1.8,1.9,1.9,1.9,2.0,,1.7,2.2,1.4,1.5,2.2,2.0,2.0,2.0,2.0,2.0,2.0,2.0,2.0,,5.9,7.6,3.1,4.5,2.9,2.9,3.0,3.0,3.0,3.0,3.0,3.0,3.0,,9.5,21.0,14.6,7.2,7.5,5.7,7.3,7.7,7.7,9.7,9.6,9.6,9.6,,0.5,3.2,1.3,-10.5,-4.8,-5.1,1.6,1.0,1.0,0.1,-0.2,-0.6,-0.8,,13.2,-14.2,17.2,-9.0,0.8,3.3,2.8,2.5,2.8,2.7,2.6,2.7,2.7,,6.1,6.6,-1.1,2.9,3.3,3.9,3.9,3.9,3.9,3.8,3.8,3.8,3.8,,9.7,8.3,8.2,4.3,4.7,4.9,5.0,5.0,5.3,5.9,5.6,5.7,5.8,,1.69,1.73,1.61,1.53,1.52,1.55,1.55,1.57,1.57,1.57,1.57,1.56,1.56,,5.7,6.7,7.9,1.5,-0.7,-1.6,2.8,3.6,3.6,3.8,3.9,3.7,3.5,,0.0,0.0,0.0,-0.30000000000000027,-1.1,-1.4,-0.5,-0.40000000000000036,-0.2999999999999998,-0.19999999999999973,-0.20000000000000018,-0.19999999999999973,-0.20000000000000018,,0.0,0.0,0.0,-0.10000000000000009,0.09999999999999964,0.30000000000000027,0.10000000000000009,-0.09999999999999987,-0.10000000000000009,0.0,-0.10000000000000009,-0.10000000000000009,-0.10000000000000009,,0.0,0.0,0.0,0.0,0.0,0.20000000000000018,0.20000000000000018,0.2999999999999998,0.2999999999999998,0.39999999999999947,0.40000000000000036,0.40000000000000036,0.40000000000000036,,0.0,0.0,0.0,0.0,0.0,0.2999999999999998,-0.20000000000000018,-0.3999999999999999,-0.2999999999999998,-0.2999999999999998,-0.19999999999999973,-0.20000000000000018,-0.20000000000000018,,0.0,0.0,0.0,0.0,-0.20000000000000018,-0.10000000000000009,-0.10000000000000009,-0.10000000000000009,-0.19999999999999973,-0.19999999999999973,-0.19999999999999973,-0.2999999999999998,-0.2999999999999998,,0.0,0.0,0.0,-0.10000000000000009,0.0,0.0,-0.10000000000000009,-0.19999999999999996,-0.19999999999999996,-0.10000000000000009,-0.20000000000000018,-0.20000000000000018,-0.20000000000000018,,0.0,0.0,0.0,0.0,0.0,-0.10000000000000009,-0.10000000000000009,-0.10000000000000009,-0.20000000000000018,-0.20000000000000018,-0.20000000000000018,-0.2999999999999998,-0.2999999999999998,,0.0,0.0,0.0,0.0,-0.7000000000000002,-0.7000000000000002,-0.3999999999999999,-0.3999999999999999,-0.2999999999999998,-0.20000000000000018,-0.20000000000000018,-0.20000000000000018,-0.20000000000000018,,0.0,0.0,0.0,-0.20000000000000018,-1.1999999999999993,-3.3999999999999995,-2.6000000000000005,-3.2,-2.8,-0.5,-0.40000000000000036,-0.40000000000000036,-0.5,,0.0,0.0,0.0,-0.8000000000000007,0.5,-0.09999999999999964,1.0,2.0,1.8,1.8,2.9,2.8,2.2,,0.0,0.0,0.0,1.0999999999999996,-2.4000000000000004,1.4999999999999998,0.5999999999999996,0.5,-1.7000000000000002,0.20000000000000018,0.20000000000000018,0.0,0.40000000000000036,,0.0,0.0,0.0,0.3999999999999999,-0.9000000000000004,-0.30000000000000027,-0.30000000000000027,-0.30000000000000027,-0.30000000000000027,-0.40000000000000036,-0.40000000000000036,-0.40000000000000036,-0.2999999999999998,,0.0,0.0,0.0,-0.2999999999999998,-1.2000000000000002,-1.0999999999999996,-0.40000000000000036,-0.40000000000000036,-0.40000000000000036,-0.1999999999999993,-0.3000000000000007,-0.20000000000000018,-0.20000000000000018,,0.0,0.0,0.0,0.0,-0.040000000000000036,-0.020000000000000018,-0.020000000000000018,0.0,0.0,0.020000000000000018,0.030000000000000027,0.030000000000000027,0.040000000000000036,,0.40000000000000036,0.20000000000000018,-0.29999999999999893,-1.2999999999999998,-2.8,-4.7,-1.1,-0.19999999999999973,-0.49999999999999956,-0.40000000000000036,-0.6000000000000001,-0.5999999999999996,-0.9000000000000004,
2001-01-25,4.8,5.6,2.2,2.0,-0.5,1.3,2.6,3.6,3.7,3.7,3.8,4.0,,,3.3,2.4,1.6,2.0,3.0,1.8,1.6,1.6,1.9,1.6,1.6,1.6,,,4.1,4.0,4.0,4.0,4.4,4.7,5.0,5.2,5.3,5.4,5.5,5.5,,,4.3,3.6,3.1,2.8,3.9,1.8,1.5,1.8,1.9,2.0,2.0,2.0,,,2.5,2.9,2.5,2.4,2.6,2.6,2.5,2.5,2.4,2.4,2.4,2.4,,,3.5,2.1,1.8,2.0,2.6,1.5,1.4,1.5,1.6,1.7,1.7,1.7,,,2.2,1.4,1.1,1.8,1.9,1.9,1.9,1.9,1.8,1.8,1.8,1.8,,,7.6,3.1,4.5,2.8,1.4,1.1,1.8,2.2,2.8,2.8,2.9,2.9,,,21.0,14.6,7.7,0.5,3.0,2.6,5.6,6.6,8.9,9.0,9.3,9.2,,,3.2,1.3,-10.6,-3.4,-2.1,0.0,-0.2,0.2,1.3,1.6,0.6,-0.5,,,-14.2,17.2,-9.0,3.6,0.4,2.8,2.5,2.8,2.7,2.6,2.7,2.7,,,6.6,-1.1,2.9,2.3,3.3,3.2,3.2,3.3,3.5,3.5,3.6,3.6,,,8.3,8.2,3.8,4.1,2.4,3.0,4.3,5.3,5.8,5.4,5.5,5.7,,,1.73,1.61,1.53,1.56,1.59,1.56,1.57,1.58,1.59,1.6,1.6,1.6,,,6.7,7.9,3.5,-1.1,-6.5,0.9,3.1,3.8,4.0,4.2,3.6,3.6,,,-3.500000000000001,0.7999999999999998,-3.3999999999999995,-0.2999999999999998,-2.9,-0.9000000000000001,-0.5,0.30000000000000027,0.10000000000000009,0.0,0.0,0.10000000000000009,,,1.6999999999999997,-0.8999999999999999,-0.7999999999999998,0.10000000000000009,0.7000000000000002,-0.9000000000000001,-0.19999999999999996,0.0,0.19999999999999996,-0.5,-0.09999999999999987,-0.09999999999999987,,,0.0,-0.09999999999999964,0.0,0.0,0.40000000000000036,0.40000000000000036,0.5999999999999996,0.6000000000000005,0.5999999999999996,0.6000000000000005,0.5999999999999996,0.5999999999999996,,,1.4,-0.6999999999999997,-0.5,-0.30000000000000027,1.1,-0.7,-0.3999999999999999,-0.09999999999999987,-0.10000000000000009,-0.10000000000000009,-0.20000000000000018,-0.2999999999999998,,,0.20000000000000018,0.3999999999999999,-0.3999999999999999,-0.10000000000000009,0.10000000000000009,0.0,-0.10000000000000009,-0.10000000000000009,-0.20000000000000018,-0.20000000000000018,-0.20000000000000018,-0.20000000000000018,,,1.2999999999999998,-1.4,-0.30000000000000004,-0.10000000000000009,0.30000000000000027,-0.30000000000000004,-0.30000000000000004,-0.19999999999999996,-0.19999999999999996,-0.19999999999999996,-0.19999999999999996,-0.19999999999999996,,,0.5000000000000002,-0.8000000000000003,-0.2999999999999998,0.30000000000000004,-0.30000000000000027,-0.10000000000000009,-0.10000000000000009,-0.10000000000000009,-0.19999999999999996,-0.19999999999999996,-0.19999999999999996,-0.19999999999999996,,,1.6999999999999993,-4.5,1.4,-1.7000000000000002,-1.5,-1.7999999999999998,-1.2,-0.7999999999999998,-0.20000000000000018,-0.20000000000000018,-0.10000000000000009,-0.10000000000000009,,,11.5,-6.4,-6.8999999999999995,-6.7,-4.5,-3.1,-1.7000000000000002,-1.1000000000000005,1.2000000000000002,-0.6999999999999993,-0.29999999999999893,-0.40000000000000036,,,2.7,-1.9000000000000001,-11.9,7.1,2.6999999999999997,5.1,-1.8,-0.8,0.30000000000000004,1.5,0.8,0.09999999999999998,,,-27.4,31.4,-26.2,12.6,-0.4,-0.5,-0.2999999999999998,0.2999999999999998,-0.09999999999999964,-0.10000000000000009,0.10000000000000009,0.0,,,0.5,-7.699999999999999,4.0,-0.6000000000000001,0.0,-0.6999999999999997,-0.6999999999999997,-0.6000000000000001,-0.3999999999999999,-0.2999999999999998,-0.19999999999999973,-0.19999999999999973,,,-1.3999999999999986,-0.10000000000000142,-4.3999999999999995,-0.20000000000000018,-2.3000000000000003,-1.9000000000000004,-0.7000000000000002,0.2999999999999998,0.5,-0.5,-0.09999999999999964,0.0,,,0.040000000000000036,-0.11999999999999988,-0.08000000000000007,0.030000000000000027,0.07000000000000006,0.010000000000000009,0.020000000000000018,0.010000000000000009,0.020000000000000018,0.030000000000000027,0.030000000000000027,0.040000000000000036,,,1.0,1.2000000000000002,-4.4,-2.6,-5.8,2.5,0.30000000000000027,0.19999999999999973,0.3999999999999999,0.40000000000000036,-0.2999999999999998,-0.10000000000000009,,
2001-03-14,4.8,5.6,2.2,1.0,0.8,1.3,2.4,3.3,3.5,3.6,3.7,3.9,,,3.3,2.4,1.6,1.9,3.4,1.3,1.6,1.7,1.9,1.6,1.6,1.6,,,4.1,4.0,4.0,4.0,4.3,4.6,4.9,5.2,5.4,5.5,5.5,5.6,,,4.3,2.8,3.5,3.0,3.6,1.3,1.8,1.9,1.9,1.9,2.0,2.0,,,2.5,2.7,2.5,2.4,2.8,2.4,2.5,2.5,2.3,2.3,2.3,2.3,,,3.5,2.1,1.8,1.9,2.8,1.1,1.6,1.6,1.5,1.6,1.6,1.6,,,2.2,1.4,1.1,1.6,2.4,1.7,1.9,1.9,1.7,1.7,1.7,1.7,,,7.6,3.1,4.5,2.8,2.3,0.6,2.0,2.4,2.6,2.6,2.7,2.7,,,21.0,14.6,7.7,-1.1,6.3,0.2,3.2,6.0,8.9,9.2,9.5,9.7,,,3.2,1.3,-10.6,-1.9,7.9,5.2,-0.3,0.5,3.0,3.6,2.7,2.6,,,-14.2,17.2,-9.0,3.7,1.2,2.9,3.2,3.1,3.5,3.6,3.6,3.4,,,6.6,-1.1,2.9,2.4,3.4,3.2,3.2,3.3,3.5,3.5,3.6,3.6,,,8.3,8.2,3.8,2.9,4.2,2.7,4.1,5.0,5.5,5.2,5.4,5.6,,,1.73,1.61,1.53,1.55,1.65,1.64,1.63,1.64,1.66,1.66,1.67,1.68,,,6.7,7.9,3.5,-0.8,-4.5,0.1,2.3,4.0,4.6,4.6,4.1,3.9,,,0.0,0.0,0.0,-1.0,1.3,0.0,-0.20000000000000018,-0.30000000000000027,-0.20000000000000018,-0.10000000000000009,-0.09999999999999964,-0.10000000000000009,,,0.0,0.0,0.0,-0.10000000000000009,0.3999999999999999,-0.5,0.0,0.09999999999999987,0.0,0.0,0.0,0.0,,,0.0,0.0,0.0,0.0,-0.10000000000000053,-0.10000000000000053,-0.09999999999999964,0.0,0.10000000000000053,0.09999999999999964,0.0,0.09999999999999964,,,0.0,-0.8000000000000003,0.3999999999999999,0.20000000000000018,-0.2999999999999998,-0.5,0.30000000000000004,0.09999999999999987,0.0,-0.10000000000000009,0.0,0.0,,,0.0,-0.19999999999999973,0.0,0.0,0.19999999999999973,-0.20000000000000018,0.0,0.0,-0.10000000000000009,-0.10000000000000009,-0.10000000000000009,-0.10000000000000009,,,0.0,0.0,0.0,-0.10000000000000009,0.19999999999999973,-0.3999999999999999,0.20000000000000018,0.10000000000000009,-0.10000000000000009,-0.09999999999999987,-0.09999999999999987,-0.09999999999999987,,,0.0,0.0,0.0,-0.19999999999999996,0.5,-0.19999999999999996,0.0,0.0,-0.10000000000000009,-0.10000000000000009,-0.10000000000000009,-0.10000000000000009,,,0.0,0.0,0.0,0.0,0.8999999999999999,-0.5000000000000001,0.19999999999999996,0.19999999999999973,-0.19999999999999973,-0.19999999999999973,-0.19999999999999973,-0.19999999999999973,,,0.0,0.0,0.0,-1.6,3.3,-2.4,-2.3999999999999995,-0.5999999999999996,0.0,0.1999999999999993,0.1999999999999993,0.5,,,0.0,0.0,0.0,1.5,10.0,5.2,-0.09999999999999998,0.3,1.7,2.0,2.1,3.1,,,0.0,0.0,0.0,0.10000000000000009,0.7999999999999999,0.10000000000000009,0.7000000000000002,0.30000000000000027,0.7999999999999998,1.0,0.8999999999999999,0.6999999999999997,,,0.0,0.0,0.0,0.10000000000000009,0.10000000000000009,0.0,0.0,0.0,0.0,0.0,0.0,0.0,,,0.0,0.0,0.0,-1.1999999999999997,1.8000000000000003,-0.2999999999999998,-0.20000000000000018,-0.2999999999999998,-0.2999999999999998,-0.20000000000000018,-0.09999999999999964,-0.10000000000000053,,,0.0,0.0,0.0,-0.010000000000000009,0.05999999999999983,0.07999999999999985,0.05999999999999983,0.05999999999999983,0.06999999999999984,0.05999999999999983,0.06999999999999984,0.07999999999999985,,,0.0,0.0,0.0,0.30000000000000004,2.0,-0.8,-0.8000000000000003,0.20000000000000018,0.5999999999999996,0.39999999999999947,0.49999999999999956,0.2999999999999998,,
2001-05-09,5.6,2.2,1.0,2.0,0.7,1.5,3.4,3.3,3.3,3.5,3.7,,,,2.4,1.6,2.0,3.2,3.1,1.3,1.3,2.0,1.7,1.8,1.8,,,,4.0,4.0,4.0,4.2,4.6,4.9,5.1,5.3,5.4,5.4,5.5,,,,2.8,3.5,3.0,4.2,3.4,1.6,1.2,1.6,1.9,2.1,2.2,,,,2.7,2.5,2.4,3.1,2.6,2.5,2.5,2.5,2.5,2.5,2.5,,,,2.1,1.8,1.9,3.3,2.7,1.5,1.1,1.4,1.7,1.8,1.8,,,,1.4,1.1,1.6,2.7,1.9,1.9,1.9,1.9,1.9,1.9,1.9,,,,3.1,4.5,2.8,3.1,0.4,1.6,4.9,1.5,3.1,1.7,2.8,,,,14.6,7.7,-0.1,2.8,-1.5,0.9,3.2,6.5,7.1,7.0,8.1,,,,1.3,-10.6,-3.6,3.5,-0.3,0.3,2.3,2.5,3.1,2.2,2.3,,,,17.2,-9.0,3.8,5.7,0.4,3.1,2.8,3.6,3.7,3.7,3.4,,,,-1.1,2.9,2.5,4.7,2.1,2.9,3.1,3.4,3.5,3.5,3.7,,,,8.2,3.8,3.0,5.4,3.8,2.8,4.7,5.4,5.1,5.4,5.6,,,,1.61,1.53,1.56,1.64,1.62,1.63,1.64,1.66,1.66,1.67,1.68,,,,7.9,3.5,-0.9,-6.4,-0.9,-1.2,3.1,4.5,4.0,3.8,3.7,,,,0.7999999999999998,-3.3999999999999995,-1.2000000000000002,1.0,-0.10000000000000009,0.19999999999999996,1.0,0.0,-0.20000000000000018,-0.10000000000000009,0.0,,,,-0.8999999999999999,-0.7999999999999998,0.3999999999999999,1.3000000000000003,-0.2999999999999998,0.0,-0.30000000000000004,0.30000000000000004,-0.19999999999999996,0.19999999999999996,0.19999999999999996,,,,-0.09999999999999964,0.0,0.0,0.20000000000000018,0.2999999999999998,0.3000000000000007,0.1999999999999993,0.09999999999999964,0.0,-0.09999999999999964,0.0,,,,-1.5,0.7000000000000002,-0.5,1.2000000000000002,-0.20000000000000018,0.30000000000000004,-0.6000000000000001,-0.2999999999999998,0.0,0.20000000000000018,0.20000000000000018,,,,0.20000000000000018,-0.20000000000000018,-0.10000000000000009,0.7000000000000002,-0.19999999999999973,0.10000000000000009,0.0,0.0,0.20000000000000018,0.20000000000000018,0.20000000000000018,,,,-1.4,-0.30000000000000004,0.09999999999999987,1.4,-0.09999999999999964,0.3999999999999999,-0.5,-0.20000000000000018,0.19999999999999996,0.19999999999999996,0.19999999999999996,,,,-0.8000000000000003,-0.2999999999999998,0.5,1.1,-0.5,0.19999999999999996,0.0,0.0,0.19999999999999996,0.19999999999999996,0.19999999999999996,,,,-4.5,1.4,-1.7000000000000002,0.30000000000000027,-1.9,1.0,2.9000000000000004,-0.8999999999999999,0.5,-0.9000000000000001,0.09999999999999964,,,,-6.4,-6.8999999999999995,-7.8,3.9,-7.8,0.7,0.0,0.5,-1.8000000000000007,-2.1999999999999993,-1.4000000000000004,,,,-1.9000000000000001,-11.9,7.0,5.4,-8.200000000000001,-4.9,2.5999999999999996,2.0,0.10000000000000009,-1.4,-0.40000000000000036,,,,31.4,-26.2,12.8,2.0,-0.7999999999999999,0.20000000000000018,-0.40000000000000036,0.5,0.20000000000000018,0.10000000000000009,-0.20000000000000018,,,,-7.699999999999999,4.0,-0.3999999999999999,2.3000000000000003,-1.2999999999999998,-0.30000000000000027,-0.10000000000000009,0.10000000000000009,0.0,0.0,0.10000000000000009,,,,-0.10000000000000142,-4.3999999999999995,-0.7999999999999998,2.5000000000000004,-0.40000000000000036,0.09999999999999964,0.6000000000000005,0.40000000000000036,-0.40000000000000036,0.20000000000000018,0.1999999999999993,,,,-0.11999999999999988,-0.08000000000000007,0.030000000000000027,0.08999999999999986,-0.029999999999999805,-0.010000000000000009,0.010000000000000009,0.020000000000000018,0.0,0.010000000000000009,0.010000000000000009,,,,1.2000000000000002,-4.4,-4.4,-5.6000000000000005,3.6,-1.3,0.8000000000000003,0.5,-0.5999999999999996,-0.7999999999999998,-0.39999999999999947,,,
2001-06-20,5.6,2.2,1.0,1.2,0.6,1.3,2.9,3.2,3.2,3.7,3.8,,,,2.4,1.6,2.0,3.2,2.9,1.3,1.3,1.9,1.7,1.8,1.8,,,,4.0,4.0,4.0,4.2,4.5,4.9,5.2,5.4,5.5,5.6,5.6,,,,2.8,3.5,3.0,4.2,2.9,1.5,1.6,1.8,1.9,2.1,2.1,,,,2.7,2.5,2.4,3.1,2.5,2.3,2.5,2.5,2.5,2.5,2.5,,,,2.1,1.8,1.9,3.2,2.1,1.3,1.4,1.6,1.6,1.7,1.8,,,,1.4,1.1,1.6,2.6,1.6,1.7,1.9,1.9,1.9,1.9,1.9,,,,3.1,4.5,2.8,3.0,1.6,2.3,3.3,1.9,2.2,3.5,3.1,,,,14.6,7.7,-0.1,3.1,-8.4,-2.1,0.4,4.9,6.2,7.8,8.2,,,,1.3,-10.6,-3.6,3.8,0.7,-0.8,1.4,2.2,3.8,3.2,2.8,,,,17.2,-9.0,3.8,4.9,1.1,3.1,3.0,3.6,3.5,3.5,3.6,,,,-1.1,2.9,2.5,5.0,2.7,2.8,3.0,3.3,3.4,3.5,3.6,,,,8.2,3.8,3.0,4.6,3.5,2.5,4.2,5.2,4.9,5.6,5.7,,,,1.59,1.51,1.54,1.63,1.62,1.61,1.62,1.64,1.65,1.65,1.66,,,,7.9,3.5,-0.9,-6.7,-6.1,-4.2,0.5,3.1,3.4,3.7,3.2,,,,0.0,0.0,0.0,-0.8,-0.09999999999999998,-0.19999999999999996,-0.5,-0.09999999999999964,-0.09999999999999964,0.20000000000000018,0.09999999999999964,,,,0.0,0.0,0.0,0.0,-0.20000000000000018,0.0,0.0,-0.10000000000000009,0.0,0.0,0.0,,,,0.0,0.0,0.0,0.0,-0.09999999999999964,0.0,0.10000000000000053,0.10000000000000053,0.09999999999999964,0.1999999999999993,0.09999999999999964,,,,0.0,0.0,0.0,0.0,-0.5,-0.10000000000000009,0.40000000000000013,0.19999999999999996,0.0,0.0,-0.10000000000000009,,,,0.0,0.0,0.0,0.0,-0.10000000000000009,-0.20000000000000018,0.0,0.0,0.0,0.0,0.0,,,,0.0,0.0,0.0,-0.09999999999999964,-0.6000000000000001,-0.19999999999999996,0.2999999999999998,0.20000000000000018,-0.09999999999999987,-0.10000000000000009,0.0,,,,0.0,0.0,0.0,-0.10000000000000009,-0.2999999999999998,-0.19999999999999996,0.0,0.0,0.0,0.0,0.0,,,,0.0,0.0,0.0,-0.10000000000000009,1.2000000000000002,0.6999999999999997,-1.6000000000000005,0.3999999999999999,-0.8999999999999999,1.8,0.30000000000000027,,,,0.0,0.0,0.0,0.30000000000000027,-6.9,-3.0,-2.8000000000000003,-1.5999999999999996,-0.8999999999999995,0.7999999999999998,0.09999999999999964,,,,0.0,0.0,0.0,0.2999999999999998,1.0,-1.1,-0.8999999999999999,-0.2999999999999998,0.6999999999999997,1.0,0.5,,,,0.0,0.0,0.0,-0.7999999999999998,0.7000000000000001,0.0,0.20000000000000018,0.0,-0.20000000000000018,-0.20000000000000018,0.20000000000000018,,,,0.0,0.0,0.0,0.2999999999999998,0.6000000000000001,-0.10000000000000009,-0.10000000000000009,-0.10000000000000009,-0.10000000000000009,0.0,-0.10000000000000009,,,,0.0,0.0,0.0,-0.8000000000000007,-0.2999999999999998,-0.2999999999999998,-0.5,-0.20000000000000018,-0.1999999999999993,0.1999999999999993,0.10000000000000053,,,,-0.020000000000000018,-0.020000000000000018,-0.020000000000000018,-0.010000000000000009,0.0,-0.019999999999999796,-0.019999999999999796,-0.020000000000000018,-0.010000000000000009,-0.020000000000000018,-0.020000000000000018,,,,0.0,0.0,0.0,-0.2999999999999998,-5.199999999999999,-3.0,-2.6,-1.4,-0.6000000000000001,-0.09999999999999964,-0.5,,,
2001-08-16,1.3,1.9,1.3,0.2,1.0,1.5,2.4,2.4,2.9,3.0,,,,,1.9,1.8,3.3,2.2,1.5,1.8,2.2,1.7,1.8,1.8,,,,,4.0,4.0,4.2,4.5,4.7,5.1,5.3,5.5,5.6,5.6,,,,,3.5,3.0,4.2,3.0,0.5,2.1,2.1,2.1,2.1,2.2,,,,,2.5,2.4,3.1,2.6,2.5,2.6,2.6,2.5,2.5,2.5,,,,,2.4,2.0,3.2,1.7,0.7,1.8,1.7,1.7,1.7,1.7,,,,,1.6,1.5,2.6,1.1,1.9,1.9,1.9,1.8,1.8,1.8,,,,,4.3,3.1,3.0,2.1,2.9,3.4,1.7,1.8,2.8,2.6,,,,,7.1,1.0,-0.2,-13.4,-11.2,-4.6,0.3,4.1,5.8,5.8,,,,,-10.4,-1.1,8.5,4.8,-0.2,-0.5,-0.5,1.7,1.8,2.0,,,,,-10.4,4.6,3.2,1.6,3.4,4.6,1.8,3.3,3.2,3.2,,,,,3.0,2.7,6.4,7.4,1.3,2.1,3.1,3.5,3.6,3.7,,,,,3.3,3.7,4.6,2.5,2.5,3.3,4.7,4.2,4.7,4.8,,,,,1.51,1.54,1.63,1.62,1.64,1.64,1.64,1.65,1.65,1.66,,,,,3.5,-0.9,-6.8,-4.2,-4.6,-2.5,1.5,2.9,3.4,3.2,,,,,-4.3,-0.30000000000000027,0.30000000000000004,-1.0,0.4,0.19999999999999996,-0.5,-0.8000000000000003,-0.30000000000000027,-0.7000000000000002,,,,,-0.5,0.19999999999999996,1.2999999999999998,-1.0,-1.4,0.5,0.9000000000000001,-0.19999999999999996,0.10000000000000009,0.0,,,,,0.0,0.0,0.20000000000000018,0.2999999999999998,0.20000000000000018,0.1999999999999993,0.09999999999999964,0.09999999999999964,0.09999999999999964,0.0,,,,,0.7000000000000002,-0.5,1.2000000000000002,-1.2000000000000002,-2.4,0.6000000000000001,0.5,0.30000000000000004,0.20000000000000018,0.10000000000000009,,,,,-0.20000000000000018,-0.10000000000000009,0.7000000000000002,-0.5,0.0,0.30000000000000027,0.10000000000000009,0.0,0.0,0.0,,,,,0.2999999999999998,0.19999999999999996,1.3000000000000003,-1.5000000000000002,-1.4000000000000001,0.5,0.30000000000000004,0.09999999999999987,0.09999999999999987,0.0,,,,,0.20000000000000018,0.3999999999999999,1.0,-1.5,0.2999999999999998,0.19999999999999996,0.0,-0.09999999999999987,-0.09999999999999987,-0.09999999999999987,,,,,1.1999999999999997,-1.4,0.20000000000000018,-0.8999999999999999,1.2999999999999998,1.1,-1.5999999999999999,-0.09999999999999987,0.5999999999999996,-0.8999999999999999,,,,,-7.5,-6.7,-0.1,-16.5,-2.799999999999999,-2.4999999999999996,-0.10000000000000003,-0.8000000000000007,-0.40000000000000036,-2.0,,,,,-11.700000000000001,9.5,12.1,1.0,-0.8999999999999999,0.30000000000000004,-1.9,-0.5000000000000002,-1.9999999999999998,-1.2000000000000002,,,,,-27.6,13.6,-0.5999999999999996,-3.3000000000000003,2.3,1.4999999999999996,-1.2,-0.30000000000000027,-0.2999999999999998,-0.2999999999999998,,,,,4.1,-0.19999999999999973,3.9000000000000004,2.4000000000000004,-1.4000000000000001,-0.6999999999999997,0.10000000000000009,0.20000000000000018,0.20000000000000018,0.20000000000000018,,,,,-4.8999999999999995,-0.09999999999999964,1.5999999999999996,-2.0999999999999996,-1.0,0.7999999999999998,0.5,-1.0,-0.20000000000000018,-0.7999999999999998,,,,,-0.08000000000000007,0.030000000000000027,0.08999999999999986,-0.009999999999999787,0.019999999999999796,0.029999999999999805,0.019999999999999796,0.010000000000000009,0.0,0.010000000000000009,,,,,-4.4,-4.4,-5.8999999999999995,2.5,1.5,1.7000000000000002,1.0,-0.20000000000000018,0.0,-0.5,,,,
2001-09-27,1.3,1.9,1.3,0.4,-0.6,-0.7,-0.1,1.4,3.2,3.5,3.5,3.5,3.5,3.5,1.9,1.8,3.3,2.2,3.7,0.1,1.8,1.5,1.6,1.6,2.1,1.7,1.6,1.6,4.0,4.0,4.2,4.5,4.8,5.4,5.8,6.1,6.2,6.2,6.2,6.2,6.1,6.0,3.5,3.0,4.2,3.0,0.6,1.6,1.6,1.8,1.9,1.9,2.0,2.0,2.0,2.0,2.5,2.4,3.1,2.6,2.5,2.5,2.4,2.3,2.3,2.2,2.2,2.2,2.1,2.1,2.4,2.0,3.2,1.6,0.9,1.4,1.4,1.5,1.5,1.5,1.5,1.5,1.5,1.5,1.6,1.5,2.6,0.9,1.9,1.9,1.8,1.7,1.6,1.6,1.5,1.5,1.5,1.4,4.3,3.1,3.0,2.5,1.5,0.4,0.1,1.1,2.5,2.4,3.1,3.2,3.2,3.2,7.1,1.0,-0.2,-14.0,-11.6,-10.9,-5.6,-2.1,3.2,4.9,5.9,6.5,7.4,7.8,-10.4,-1.1,8.5,6.1,-2.2,-11.5,-5.3,2.1,5.3,5.7,5.7,2.8,1.0,0.6,-10.4,4.6,3.2,1.5,4.8,7.2,5.4,7.8,7.4,6.4,2.0,2.2,2.2,1.8,3.0,2.7,6.4,6.8,3.4,3.4,2.5,2.8,2.3,3.7,3.6,3.7,3.8,3.5,3.3,3.7,4.6,2.5,3.0,-0.5,1.7,2.9,4.8,5.1,5.6,5.2,5.2,5.2,1.51,1.54,1.63,1.62,1.57,1.56,1.58,1.62,1.65,1.67,1.68,1.68,1.68,1.68,3.5,-0.9,-6.8,-4.4,-6.5,-6.2,-2.7,1.5,3.8,4.1,4.0,3.8,3.5,4.1,0.0,0.0,0.0,0.2,-1.6,-2.2,-2.5,-1.0,0.30000000000000027,0.5,,,,,0.0,0.0,0.0,0.0,2.2,-1.7,-0.40000000000000013,-0.19999999999999996,-0.19999999999999996,-0.19999999999999996,,,,,0.0,0.0,0.0,0.0,0.09999999999999964,0.3000000000000007,0.5,0.5999999999999996,0.6000000000000005,0.6000000000000005,,,,,0.0,0.0,0.0,0.0,0.09999999999999998,-0.5,-0.5,-0.30000000000000004,-0.20000000000000018,-0.30000000000000027,,,,,0.0,0.0,0.0,0.0,0.0,-0.10000000000000009,-0.20000000000000018,-0.20000000000000018,-0.20000000000000018,-0.2999999999999998,,,,,0.0,0.0,0.0,-0.09999999999999987,0.20000000000000007,-0.40000000000000013,-0.30000000000000004,-0.19999999999999996,-0.19999999999999996,-0.19999999999999996,,,,,0.0,0.0,0.0,-0.20000000000000007,0.0,0.0,-0.09999999999999987,-0.10000000000000009,-0.19999999999999996,-0.19999999999999996,,,,,0.0,0.0,0.0,0.3999999999999999,-1.4,-3.0,-1.5999999999999999,-0.7,-0.2999999999999998,-0.20000000000000018,,,,,0.0,0.0,0.0,-0.5999999999999996,-0.40000000000000036,-6.300000000000001,-5.8999999999999995,-6.199999999999999,-2.5999999999999996,-0.8999999999999995,,,,,0.0,0.0,0.0,1.2999999999999998,-2.0,-11.0,-4.8,0.40000000000000013,3.5,3.7,,,,,0.0,0.0,0.0,-0.10000000000000009,1.4,2.6000000000000005,3.6000000000000005,4.5,4.2,3.2,,,,,0.0,0.0,0.0,-0.6000000000000005,2.0999999999999996,1.2999999999999998,-0.6000000000000001,-0.7000000000000002,-1.3000000000000003,0.0,,,,,0.0,0.0,0.0,0.0,0.5,-3.8,-3.0,-1.3000000000000003,0.09999999999999964,0.2999999999999998,,,,,0.0,0.0,0.0,0.0,-0.06999999999999984,-0.07999999999999985,-0.05999999999999983,-0.029999999999999805,0.0,0.010000000000000009,,,,,0.0,0.0,0.0,-0.20000000000000018,-1.9000000000000004,-3.7,-4.2,-1.4,0.3999999999999999,0.8999999999999995,,,,
2001-10-31,1.9,1.3,0.3,-0.4,-2.4,-0.1,2.8,3.5,3.5,3.5,3.7,3.7,3.8,,1.8,3.3,2.1,2.1,0.4,2.0,1.7,1.7,1.6,2.0,1.5,1.5,1.5,,4.0,4.2,4.5,4.8,5.4,5.9,6.0,6.1,6.1,6.1,6.0,5.9,5.9,,3.0,4.2,3.0,0.7,0.3,1.9,2.1,2.1,2.0,2.0,1.9,1.9,1.9,,2.4,3.1,2.6,2.6,2.5,2.4,2.2,2.2,2.1,2.1,2.0,2.0,2.0,,2.0,3.2,1.3,-0.4,1.4,1.4,1.6,1.6,1.5,1.4,1.4,1.4,1.4,,1.5,2.6,0.7,0.3,3.0,1.6,1.5,1.5,1.4,1.4,1.3,1.3,1.3,,3.1,3.0,2.5,1.4,1.3,-0.6,3.7,2.8,2.3,3.0,3.0,3.2,3.3,,1.0,-0.2,-14.6,-12.7,-22.3,-6.3,-1.0,5.2,7.8,9.1,8.9,8.8,10.1,,-1.1,8.5,5.9,1.8,-16.2,-5.8,3.0,5.7,5.4,5.2,3.6,1.1,-0.1,,4.6,3.2,1.8,4.5,8.7,3.5,6.4,6.3,3.2,2.0,2.2,2.3,1.8,,2.7,6.4,6.6,0.4,7.5,2.4,2.8,2.3,3.6,3.5,3.6,3.7,3.5,,3.7,4.6,2.4,1.6,-2.0,2.0,4.5,5.3,5.2,5.6,5.3,5.3,5.3,,1.54,1.63,1.62,1.59,1.51,1.56,1.59,1.63,1.66,1.68,1.68,1.68,1.67,,-0.9,-6.8,-4.4,-6.2,-9.5,-3.4,2.4,5.0,5.2,4.5,4.3,4.2,4.3,,0.5999999999999999,-0.5999999999999999,-1.0,-0.8,-1.7999999999999998,0.6,2.9,2.1,0.2999999999999998,0.0,0.20000000000000018,0.20000000000000018,0.2999999999999998,,-0.09999999999999987,1.4999999999999998,-1.1999999999999997,-0.10000000000000009,-3.3000000000000003,1.9,-0.10000000000000009,0.19999999999999996,0.0,0.3999999999999999,-0.6000000000000001,-0.19999999999999996,-0.10000000000000009,,0.0,0.20000000000000018,0.2999999999999998,0.2999999999999998,0.6000000000000005,0.5,0.20000000000000018,0.0,-0.10000000000000053,-0.10000000000000053,-0.20000000000000018,-0.2999999999999998,-0.1999999999999993,,-0.5,1.2000000000000002,-1.2000000000000002,-2.3,-0.3,0.2999999999999998,0.5,0.30000000000000004,0.10000000000000009,0.10000000000000009,-0.10000000000000009,-0.10000000000000009,-0.10000000000000009,,-0.10000000000000009,0.7000000000000002,-0.5,0.0,0.0,-0.10000000000000009,-0.19999999999999973,-0.09999999999999964,-0.19999999999999973,-0.10000000000000009,-0.20000000000000018,-0.20000000000000018,-0.10000000000000009,,-0.3999999999999999,1.2000000000000002,-1.9000000000000001,-2.0,0.4999999999999999,0.0,0.20000000000000018,0.10000000000000009,0.0,-0.10000000000000009,-0.10000000000000009,-0.10000000000000009,-0.10000000000000009,,-0.10000000000000009,1.1,-1.9000000000000001,-0.6000000000000001,1.1,-0.2999999999999998,-0.30000000000000004,-0.19999999999999996,-0.20000000000000018,-0.20000000000000018,-0.19999999999999996,-0.19999999999999996,-0.19999999999999996,,-1.1999999999999997,-0.10000000000000009,-0.5,-1.1,-0.19999999999999996,-1.0,3.6,1.6999999999999997,-0.20000000000000018,0.6000000000000001,-0.10000000000000009,0.0,0.09999999999999964,,-6.1,-1.2,-14.4,1.3000000000000007,-10.700000000000001,4.6000000000000005,4.6,7.300000000000001,4.6,4.199999999999999,3.0,2.3000000000000007,2.6999999999999993,,9.3,9.6,-2.5999999999999996,-4.3,-14.0,5.7,8.3,3.6,0.10000000000000053,-0.5,-2.1,-1.6999999999999997,-1.1,,15.0,-1.3999999999999995,-1.4000000000000001,3.0,3.8999999999999995,-3.7,1.0,-1.5,-4.2,-4.4,0.20000000000000018,0.09999999999999964,-0.40000000000000013,,-0.2999999999999998,3.7,0.1999999999999993,-6.3999999999999995,4.1,-1.0,0.2999999999999998,-0.5,1.3000000000000003,-0.20000000000000018,0.0,0.0,-0.2999999999999998,,0.40000000000000036,0.8999999999999995,-2.1999999999999997,-0.8999999999999999,-5.0,2.5,2.8,2.4,0.40000000000000036,0.5,-0.2999999999999998,0.09999999999999964,0.09999999999999964,,0.030000000000000027,0.08999999999999986,-0.009999999999999787,-0.030000000000000027,-0.06000000000000005,0.0,0.010000000000000009,0.009999999999999787,0.010000000000000009,0.010000000000000009,0.0,0.0,-0.010000000000000009,,-4.4,-5.8999999999999995,2.3999999999999995,-1.7999999999999998,-3.0,2.8000000000000003,5.1,3.5,1.4000000000000004,0.40000000000000036,0.2999999999999998,0.40000000000000036,0.7999999999999998,
2001-12-05,1.9,1.3,0.3,-1.1,-2.1,-0.1,3.3,4.5,3.6,3.5,3.7,3.7,3.7,,1.8,3.3,2.1,2.2,0.3,1.9,1.6,1.5,1.5,1.8,1.3,1.3,1.3,,4.0,4.2,4.5,4.8,5.5,5.9,6.1,6.1,6.0,6.0,5.9,5.8,5.8,,3.0,4.2,3.0,0.7,-0.6,1.3,2.2,2.1,2.0,1.9,1.8,1.8,1.8,,2.4,3.1,2.6,2.6,2.4,2.2,2.1,2.0,1.9,1.9,1.8,1.8,1.8,,2.0,3.2,1.3,-0.3,1.1,1.0,1.6,1.5,1.4,1.3,1.3,1.2,1.2,,1.5,2.6,0.7,0.4,3.0,1.5,1.3,1.3,1.2,1.1,1.1,1.1,1.1,,3.1,3.0,2.5,1.1,3.7,-2.6,4.3,4.5,2.9,2.2,3.1,3.2,3.2,,1.0,-0.2,-14.6,-8.7,-19.3,-7.1,-0.6,5.3,8.8,9.3,10.1,10.7,11.7,,-1.1,8.5,5.9,3.3,-8.7,-7.5,0.0,2.8,4.4,4.6,3.4,1.4,0.3,,4.6,3.2,1.8,2.7,9.3,4.7,6.9,6.4,3.3,2.1,2.1,2.1,1.8,,2.7,6.4,6.6,-1.3,8.0,2.1,2.4,1.9,3.3,3.3,3.5,3.7,3.7,,3.7,4.6,2.4,1.1,-1.8,1.8,5.0,6.1,5.1,5.4,5.0,5.1,5.1,,1.54,1.63,1.62,1.6,1.54,1.57,1.6,1.63,1.66,1.67,1.67,1.67,1.66,,-2.6,-6.1,-5.9,-4.8,-8.8,-3.6,3.3,5.4,5.2,5.0,4.9,4.7,5.0,,0.0,0.0,0.0,-0.7000000000000001,0.2999999999999998,0.0,0.5,1.0,0.10000000000000009,0.0,0.0,0.0,-0.09999999999999964,,0.0,0.0,0.0,0.10000000000000009,-0.10000000000000003,-0.10000000000000009,-0.09999999999999987,-0.19999999999999996,-0.10000000000000009,-0.19999999999999996,-0.19999999999999996,-0.19999999999999996,-0.19999999999999996,,0.0,0.0,0.0,0.0,0.09999999999999964,0.0,0.09999999999999964,0.0,-0.09999999999999964,-0.09999999999999964,-0.09999999999999964,-0.10000000000000053,-0.10000000000000053,,0.0,0.0,0.0,0.0,-0.8999999999999999,-0.5999999999999999,0.10000000000000009,0.0,0.0,-0.10000000000000009,-0.09999999999999987,-0.09999999999999987,-0.09999999999999987,,0.0,0.0,0.0,0.0,-0.10000000000000009,-0.19999999999999973,-0.10000000000000009,-0.20000000000000018,-0.20000000000000018,-0.20000000000000018,-0.19999999999999996,-0.19999999999999996,-0.19999999999999996,,0.0,0.0,0.0,0.10000000000000003,-0.2999999999999998,-0.3999999999999999,0.0,-0.10000000000000009,-0.10000000000000009,-0.09999999999999987,-0.09999999999999987,-0.19999999999999996,-0.19999999999999996,,0.0,0.0,0.0,0.10000000000000003,0.0,-0.10000000000000009,-0.19999999999999996,-0.19999999999999996,-0.19999999999999996,-0.2999999999999998,-0.19999999999999996,-0.19999999999999996,-0.19999999999999996,,0.0,0.0,0.0,-0.2999999999999998,2.4000000000000004,-2.0,0.5999999999999996,1.7000000000000002,0.6000000000000001,-0.7999999999999998,0.10000000000000009,0.0,-0.09999999999999964,,0.0,0.0,0.0,4.0,3.0,-0.7999999999999998,0.4,0.09999999999999964,1.0000000000000009,0.20000000000000107,1.1999999999999993,1.8999999999999986,1.5999999999999996,,0.0,0.0,0.0,1.4999999999999998,7.5,-1.7000000000000002,-3.0,-2.9000000000000004,-1.0,-0.6000000000000005,-0.20000000000000018,0.2999999999999998,0.4,,0.0,0.0,0.0,-1.7999999999999998,0.6000000000000014,1.2000000000000002,0.5,0.10000000000000053,0.09999999999999964,0.10000000000000009,-0.10000000000000009,-0.19999999999999973,0.0,,0.0,0.0,0.0,-1.7000000000000002,0.5,-0.2999999999999998,-0.3999999999999999,-0.3999999999999999,-0.30000000000000027,-0.20000000000000018,-0.10000000000000009,0.0,0.20000000000000018,,0.0,0.0,0.0,-0.5,0.19999999999999996,-0.19999999999999996,0.5,0.7999999999999998,-0.10000000000000053,-0.1999999999999993,-0.2999999999999998,-0.20000000000000018,-0.20000000000000018,,0.0,0.0,0.0,0.010000000000000009,0.030000000000000027,0.010000000000000009,0.010000000000000009,0.0,0.0,-0.010000000000000009,-0.010000000000000009,-0.010000000000000009,-0.010000000000000009,,-1.7000000000000002,0.7000000000000002,-1.5,1.4000000000000004,0.6999999999999993,-0.20000000000000018,0.8999999999999999,0.40000000000000036,0.0,0.5,0.6000000000000005,0.5,0.7000000000000002,
2002-01-23,1.3,0.3,-1.3,-0.3,1.5,2.5,3.5,3.3,3.4,3.5,3.6,3.7,,,3.3,2.1,2.3,0.2,1.7,1.6,1.5,1.4,1.7,1.3,1.3,1.3,,,4.2,4.5,4.8,5.6,5.9,6.0,6.0,6.0,5.9,5.9,5.9,5.8,,,4.2,3.0,0.7,-0.4,1.1,2.2,2.1,2.0,1.9,1.8,1.8,1.8,,,3.1,2.6,2.6,2.6,2.3,2.2,2.1,2.0,1.9,1.8,1.8,1.8,,,3.2,1.3,-0.2,0.8,0.7,1.5,1.5,1.4,1.3,1.2,1.2,1.2,,,2.6,0.7,0.5,2.8,1.3,1.4,1.3,1.2,1.1,1.1,1.1,1.1,,,3.0,2.5,1.0,4.7,-1.2,3.5,3.5,3.2,3.2,3.1,3.2,3.2,,,-0.2,-14.6,-8.5,-8.4,-8.7,-6.2,1.7,4.2,8.4,8.8,10.1,10.7,,,8.5,5.9,2.4,-7.0,-6.4,-0.3,3.1,4.4,2.8,1.9,0.2,-0.8,,,3.2,1.8,3.6,10.2,13.6,8.6,5.4,1.2,2.2,0.9,2.2,0.9,,,6.4,6.6,-1.3,8.9,0.4,2.6,2.9,3.5,3.4,3.6,3.8,3.7,,,4.6,2.4,0.9,-0.1,3.3,4.1,5.0,4.7,5.2,4.8,4.9,5.0,,,1.63,1.62,1.6,1.57,1.57,1.61,1.64,1.66,1.66,1.66,1.65,1.64,,,-6.1,-5.9,-4.7,-7.2,-0.6,2.2,3.9,4.4,4.5,4.2,4.2,4.2,,,-0.5999999999999999,-1.0,-1.6,0.8,3.6,2.6,0.20000000000000018,-1.2000000000000002,-0.20000000000000018,0.0,-0.10000000000000009,0.0,,,1.4999999999999998,-1.1999999999999997,0.19999999999999973,-2.0,1.4,-0.2999999999999998,-0.10000000000000009,-0.10000000000000009,0.19999999999999996,-0.5,0.0,0.0,,,0.20000000000000018,0.2999999999999998,0.2999999999999998,0.7999999999999998,0.40000000000000036,0.09999999999999964,-0.09999999999999964,-0.09999999999999964,-0.09999999999999964,-0.09999999999999964,0.0,0.0,,,1.2000000000000002,-1.2000000000000002,-2.3,-1.1,1.7000000000000002,0.9000000000000001,-0.10000000000000009,-0.10000000000000009,-0.10000000000000009,-0.09999999999999987,0.0,0.0,,,0.7000000000000002,-0.5,0.0,0.0,-0.10000000000000009,0.0,0.0,0.0,0.0,-0.09999999999999987,0.0,0.0,,,1.2000000000000002,-1.9000000000000001,-1.5,1.1,-0.40000000000000013,0.5,-0.10000000000000009,-0.10000000000000009,-0.09999999999999987,-0.10000000000000009,-0.10000000000000009,0.0,,,1.1,-1.9000000000000001,-0.19999999999999996,2.4,-1.7,-0.10000000000000009,0.0,-0.10000000000000009,-0.09999999999999987,0.0,0.0,0.0,,,-0.10000000000000009,-0.5,-1.5,3.6,-4.9,6.1,-0.7999999999999998,-1.2999999999999998,0.30000000000000027,0.8999999999999999,0.10000000000000009,0.0,,,-1.2,-14.4,6.1,0.29999999999999893,10.600000000000001,0.8999999999999995,2.3,-1.0999999999999996,-0.40000000000000036,-0.5,0.0,0.0,,,9.6,-2.5999999999999996,-3.5000000000000004,-10.3,2.299999999999999,7.2,3.1,1.6000000000000005,-1.6000000000000005,-2.6999999999999997,-3.1999999999999997,-2.2,,,-1.3999999999999995,-1.4000000000000001,1.8,7.499999999999999,4.299999999999999,3.8999999999999995,-1.5,-5.2,-1.0999999999999996,-1.2000000000000002,0.10000000000000009,-1.2000000000000002,,,3.7,0.1999999999999993,-7.8999999999999995,10.200000000000001,-7.6,0.5,0.5,1.6,0.10000000000000009,0.30000000000000027,0.2999999999999998,0.0,,,0.8999999999999995,-2.1999999999999997,-1.5,-1.2000000000000002,5.1,2.3,0.0,-1.3999999999999995,0.10000000000000053,-0.6000000000000005,-0.09999999999999964,-0.09999999999999964,,,0.08999999999999986,-0.009999999999999787,-0.020000000000000018,-0.030000000000000027,0.030000000000000027,0.040000000000000036,0.039999999999999813,0.030000000000000027,0.0,-0.010000000000000009,-0.020000000000000018,-0.030000000000000027,,,-3.4999999999999996,0.1999999999999993,1.2000000000000002,-2.4000000000000004,8.200000000000001,5.800000000000001,0.6000000000000001,-1.0,-0.7000000000000002,-0.7999999999999998,-0.7000000000000002,-0.5,,
2002-03-13,1.3,0.3,-1.3,1.4,3.8,3.5,3.6,3.6,3.9,3.9,3.9,4.1,,,3.3,2.1,2.3,-0.3,1.5,2.1,1.6,1.4,1.9,1.4,1.5,1.5,,,4.2,4.5,4.8,5.6,5.6,5.7,5.6,5.5,5.5,5.4,5.3,5.3,,,4.0,3.2,0.7,-0.2,1.2,3.4,1.9,1.7,1.9,1.9,1.9,1.9,,,3.1,2.4,2.6,2.6,2.2,2.4,2.2,2.0,2.1,2.1,2.1,2.1,,,3.2,1.3,-0.2,0.7,0.8,2.5,1.4,1.3,1.4,1.4,1.5,1.5,,,2.6,0.7,0.5,2.6,1.0,1.7,1.5,1.4,1.4,1.4,1.4,1.4,,,3.0,2.5,1.0,6.0,2.1,2.4,2.8,2.9,3.3,3.4,3.3,3.3,,,-0.2,-14.6,-8.5,-13.7,-1.4,2.3,5.1,6.0,11.3,11.8,11.8,12.5,,,8.5,5.9,2.4,-4.5,7.7,0.4,2.4,4.3,0.2,-3.3,-2.8,-2.5,,,3.2,1.8,3.6,11.6,13.8,8.7,7.2,3.9,2.0,1.0,2.1,0.9,,,6.4,6.6,-1.3,9.8,4.3,0.0,2.9,3.5,3.6,4.0,4.1,4.3,,,4.6,2.4,0.9,1.0,5.4,5.7,5.3,5.1,5.9,5.4,5.5,5.6,,,1.63,1.62,1.6,1.57,1.65,1.65,1.68,1.71,1.68,1.66,1.65,1.64,,,-6.1,-5.9,-4.7,-6.9,1.0,4.9,5.4,4.2,3.9,4.4,4.2,4.5,,,0.0,0.0,0.0,1.7,2.3,1.0,0.10000000000000009,0.30000000000000027,0.5,0.3999999999999999,0.2999999999999998,0.39999999999999947,,,0.0,0.0,0.0,-0.5,-0.19999999999999996,0.5,0.10000000000000009,0.0,0.19999999999999996,0.09999999999999987,0.19999999999999996,0.19999999999999996,,,0.0,0.0,0.0,0.0,-0.3000000000000007,-0.2999999999999998,-0.40000000000000036,-0.5,-0.40000000000000036,-0.5,-0.6000000000000005,-0.5,,,-0.20000000000000018,0.20000000000000018,0.0,0.2,0.09999999999999987,1.1999999999999997,-0.20000000000000018,-0.30000000000000004,0.0,0.09999999999999987,0.09999999999999987,0.09999999999999987,,,0.0,-0.20000000000000018,0.0,0.0,-0.09999999999999964,0.19999999999999973,0.10000000000000009,0.0,0.20000000000000018,0.30000000000000004,0.30000000000000004,0.30000000000000004,,,0.0,0.0,0.0,-0.10000000000000009,0.10000000000000009,1.0,-0.10000000000000009,-0.09999999999999987,0.09999999999999987,0.19999999999999996,0.30000000000000004,0.30000000000000004,,,0.0,0.0,0.0,-0.19999999999999973,-0.30000000000000004,0.30000000000000004,0.19999999999999996,0.19999999999999996,0.2999999999999998,0.2999999999999998,0.2999999999999998,0.2999999999999998,,,0.0,0.0,0.0,1.2999999999999998,3.3,-1.1,-0.7000000000000002,-0.30000000000000027,0.09999999999999964,0.2999999999999998,0.09999999999999964,0.09999999999999964,,,0.0,0.0,0.0,-5.299999999999999,7.299999999999999,8.5,3.3999999999999995,1.7999999999999998,2.9000000000000004,3.0,1.700000000000001,1.8000000000000007,,,0.0,0.0,0.0,2.5,14.100000000000001,0.7,-0.7000000000000002,-0.10000000000000053,-2.5999999999999996,-5.199999999999999,-3.0,-1.7,,,0.0,0.0,0.0,1.4000000000000004,0.20000000000000107,0.09999999999999964,1.7999999999999998,2.7,-0.20000000000000018,0.09999999999999998,-0.10000000000000009,0.0,,,0.0,0.0,0.0,0.9000000000000004,3.9,-2.6,0.0,0.0,0.20000000000000018,0.3999999999999999,0.2999999999999998,0.5999999999999996,,,0.0,0.0,0.0,1.1,2.1000000000000005,1.6000000000000005,0.2999999999999998,0.39999999999999947,0.7000000000000002,0.6000000000000005,0.5999999999999996,0.5999999999999996,,,0.0,0.0,0.0,0.0,0.07999999999999985,0.039999999999999813,0.040000000000000036,0.050000000000000044,0.020000000000000018,0.0,0.0,0.0,,,0.0,0.0,0.0,0.2999999999999998,1.6,2.7,1.5000000000000004,-0.20000000000000018,-0.6000000000000001,0.20000000000000018,0.0,0.2999999999999998,,
2002-05-01,0.3,-1.3,1.7,5.8,2.0,3.2,3.9,4.1,4.1,4.2,4.2,,,,2.1,2.3,-0.1,0.8,2.1,1.3,1.4,1.8,1.3,1.3,1.4,,,,4.5,4.8,5.6,5.6,5.9,5.9,5.7,5.6,5.5,5.5,5.4,,,,3.2,0.7,-0.2,1.4,4.0,2.0,1.7,1.7,1.8,1.8,1.9,,,,2.4,2.6,2.6,2.3,2.3,2.3,2.1,2.1,2.0,2.0,2.0,,,,1.3,-0.2,0.8,0.6,2.7,1.4,1.2,1.3,1.3,1.3,1.3,,,,0.7,0.5,2.7,0.8,1.3,1.4,1.4,1.4,1.3,1.3,1.3,,,,2.5,1.0,6.1,3.5,2.8,2.8,3.1,3.4,3.4,3.4,3.4,,,,-14.6,-8.5,-13.8,-5.2,1.8,2.4,9.0,10.6,12.1,12.1,13.0,,,,5.9,2.4,-4.6,16.5,-0.4,1.5,1.7,-0.7,-0.3,-1.0,-2.6,,,,1.8,3.6,11.4,12.4,3.3,5.1,5.6,4.2,3.5,3.4,2.7,,,,6.6,-1.3,9.6,4.3,0.0,2.9,3.5,3.6,4.0,4.1,4.3,,,,2.4,0.9,1.5,6.7,4.1,4.6,5.4,6.0,5.5,5.6,5.6,,,,1.62,1.6,1.58,1.71,1.65,1.68,1.7,1.7,1.68,1.67,1.67,,,,-5.9,-4.7,-6.7,2.5,4.7,3.8,4.2,4.2,4.4,4.6,4.6,,,,-1.0,-1.6,3.0,4.4,-1.7999999999999998,-0.2999999999999998,0.2999999999999998,0.49999999999999956,0.19999999999999973,0.30000000000000027,0.30000000000000027,,,,-1.1999999999999997,0.19999999999999973,-2.4,1.1,0.6000000000000001,-0.8,-0.20000000000000018,0.40000000000000013,-0.5999999999999999,-0.09999999999999987,-0.10000000000000009,,,,0.2999999999999998,0.2999999999999998,0.7999999999999998,0.0,0.3000000000000007,0.20000000000000018,0.10000000000000053,0.09999999999999964,0.0,0.09999999999999964,0.10000000000000053,,,,-0.7999999999999998,-2.5,-0.8999999999999999,1.5999999999999999,2.8,-1.4,-0.19999999999999996,0.0,-0.09999999999999987,-0.09999999999999987,0.0,,,,-0.7000000000000002,0.20000000000000018,0.0,-0.30000000000000027,0.09999999999999964,-0.10000000000000009,-0.10000000000000009,0.10000000000000009,-0.10000000000000009,-0.10000000000000009,-0.10000000000000009,,,,-1.9000000000000001,-1.5,1.0,-0.09999999999999998,1.9000000000000001,-1.1,-0.19999999999999996,0.0,-0.09999999999999987,-0.09999999999999987,-0.19999999999999996,,,,-1.9000000000000001,-0.19999999999999996,2.2,-1.8,0.30000000000000004,-0.30000000000000004,-0.10000000000000009,0.0,-0.09999999999999987,-0.09999999999999987,-0.09999999999999987,,,,-0.5,-1.5,5.1,-2.5,0.6999999999999997,0.3999999999999999,0.30000000000000027,0.5,0.10000000000000009,0.0,0.10000000000000009,,,,-14.4,6.1,-5.300000000000001,8.5,3.2,0.10000000000000009,3.9000000000000004,4.6,0.7999999999999989,0.29999999999999893,1.1999999999999993,,,,-2.5999999999999996,-3.5000000000000004,-7.0,21.0,-8.1,1.1,-0.7,-5.0,-0.5,2.3,0.19999999999999973,,,,-1.4000000000000001,1.8,7.800000000000001,0.8000000000000007,-10.5,-3.5999999999999996,-1.6000000000000005,0.30000000000000027,1.5,2.4,0.6000000000000001,,,,0.1999999999999993,-7.8999999999999995,10.9,-5.500000000000001,-4.3,2.9,0.6000000000000001,0.10000000000000009,0.3999999999999999,0.09999999999999964,0.20000000000000018,,,,-2.1999999999999997,-1.5,0.6,5.7,-1.3000000000000007,-1.1000000000000005,0.10000000000000053,0.9000000000000004,-0.40000000000000036,0.1999999999999993,0.09999999999999964,,,,-0.009999999999999787,-0.020000000000000018,-0.020000000000000018,0.1399999999999999,0.0,0.030000000000000027,0.020000000000000018,-0.010000000000000009,0.0,0.010000000000000009,0.020000000000000018,,,,0.1999999999999993,1.2000000000000002,-2.0,9.4,3.7,-1.1000000000000005,-1.2000000000000002,0.0,0.5000000000000004,0.1999999999999993,0.39999999999999947,,,
2002-06-20,0.3,-1.3,1.7,5.5,1.8,3.3,3.5,4.0,4.1,4.2,4.2,,,,2.1,2.3,-0.1,1.1,1.3,0.9,1.4,1.8,1.4,1.4,1.4,,,,4.5,4.8,5.6,5.6,5.9,6.0,5.9,5.9,5.7,5.6,5.5,,,,3.2,0.7,-0.2,1.4,3.4,1.7,2.1,1.9,1.9,1.9,1.9,,,,2.4,2.6,2.6,2.3,2.4,2.2,2.2,2.1,2.1,2.1,2.1,,,,1.3,-0.2,0.8,0.7,2.5,1.2,1.4,1.4,1.4,1.4,1.3,,,,0.7,0.5,2.7,1.0,1.7,1.4,1.4,1.4,1.4,1.3,1.3,,,,2.5,1.0,6.1,3.2,1.7,2.6,3.0,3.0,3.0,3.1,3.2,,,,-14.6,-8.5,-13.8,-7.7,1.4,3.4,6.9,9.7,10.4,12.1,12.3,,,,5.9,2.4,-4.6,15.5,2.7,0.3,1.2,1.3,1.1,-0.6,-2.3,,,,1.8,3.6,11.4,11.4,5.8,6.1,5.6,4.3,3.6,3.3,2.8,,,,6.6,-1.3,9.6,4.1,0.0,2.8,3.4,3.7,3.9,4.1,4.2,,,,2.4,0.9,1.5,6.6,3.2,4.3,4.9,5.8,5.5,5.6,5.6,,,,1.62,1.6,1.57,1.73,1.65,1.67,1.69,1.69,1.68,1.68,1.68,,,,-5.9,-4.7,-6.7,2.8,4.0,4.7,4.5,5.1,5.3,5.3,5.3,,,,0.0,0.0,0.0,-0.2999999999999998,-0.19999999999999996,0.09999999999999964,-0.3999999999999999,-0.09999999999999964,0.0,0.0,0.0,,,,0.0,0.0,0.0,0.30000000000000004,-0.8,-0.4,0.0,0.0,0.09999999999999987,0.09999999999999987,0.0,,,,0.0,0.0,0.0,0.0,0.0,0.09999999999999964,0.20000000000000018,0.3000000000000007,0.20000000000000018,0.09999999999999964,0.09999999999999964,,,,0.0,0.0,0.0,0.0,-0.6000000000000001,-0.30000000000000004,0.40000000000000013,0.19999999999999996,0.09999999999999987,0.09999999999999987,0.0,,,,0.0,0.0,0.0,0.0,0.10000000000000009,-0.09999999999999964,0.10000000000000009,0.0,0.10000000000000009,0.10000000000000009,0.10000000000000009,,,,0.0,0.0,0.0,0.09999999999999998,-0.20000000000000018,-0.19999999999999996,0.19999999999999996,0.09999999999999987,0.09999999999999987,0.09999999999999987,0.0,,,,0.0,0.0,0.0,0.19999999999999996,0.3999999999999999,0.0,0.0,0.0,0.09999999999999987,0.0,0.0,,,,0.0,0.0,0.0,-0.2999999999999998,-1.0999999999999999,-0.19999999999999973,-0.10000000000000009,-0.3999999999999999,-0.3999999999999999,-0.2999999999999998,-0.19999999999999973,,,,0.0,0.0,0.0,-2.5,-0.40000000000000013,1.0,-2.0999999999999996,-0.9000000000000004,-1.6999999999999993,0.0,-0.6999999999999993,,,,0.0,0.0,0.0,-1.0,3.1,-1.2,-0.5,2.0,1.4000000000000001,0.4,0.30000000000000027,,,,0.0,0.0,0.0,-1.0,2.5,1.0,0.0,0.09999999999999964,0.10000000000000009,-0.10000000000000009,0.09999999999999964,,,,0.0,0.0,0.0,-0.20000000000000018,0.0,-0.10000000000000009,-0.10000000000000009,0.10000000000000009,-0.10000000000000009,0.0,-0.09999999999999964,,,,0.0,0.0,0.0,-0.10000000000000053,-0.8999999999999995,-0.2999999999999998,-0.5,-0.20000000000000018,0.0,0.0,0.0,,,,0.0,0.0,-0.010000000000000009,0.020000000000000018,0.0,-0.010000000000000009,-0.010000000000000009,-0.010000000000000009,0.0,0.010000000000000009,0.010000000000000009,,,,0.0,0.0,0.0,0.2999999999999998,-0.7000000000000002,0.9000000000000004,0.2999999999999998,0.8999999999999995,0.8999999999999995,0.7000000000000002,0.7000000000000002,,,
2002-08-07,-0.3,2.7,5.0,1.2,2.7,2.2,3.3,3.4,3.6,3.8,,,,,2.2,-0.5,1.3,1.2,0.8,1.3,1.7,1.4,1.4,1.4,,,,,4.8,5.6,5.6,5.9,6.0,6.0,6.0,5.9,5.7,5.7,,,,,0.7,-0.2,1.4,3.4,1.7,1.9,1.8,1.8,1.9,1.9,,,,,2.6,2.6,2.4,2.1,1.7,2.2,2.1,2.1,2.1,2.1,,,,,-0.1,0.8,1.1,2.5,1.2,1.4,1.3,1.3,1.4,1.4,,,,,0.7,2.7,1.4,1.6,1.1,1.4,1.4,1.4,1.4,1.4,,,,,1.5,6.0,3.1,1.9,3.7,1.2,2.4,2.4,2.6,2.6,,,,,-6.0,-10.9,-5.8,-3.3,-0.9,3.3,8.1,8.7,10.8,10.9,,,,,0.4,-3.5,14.2,4.1,-2.8,-4.2,-2.8,1.2,1.0,-1.3,,,,,1.2,13.5,7.4,7.4,6.3,5.4,4.0,3.2,2.6,2.5,,,,,-2.3,8.9,4.6,-1.6,1.9,2.4,2.6,2.8,2.9,3.1,,,,,1.9,2.2,6.5,2.3,3.5,3.4,5.0,4.8,5.0,5.3,,,,,1.6,1.57,1.73,1.66,1.65,1.64,1.65,1.66,1.67,1.67,,,,,-4.7,-6.7,2.6,4.6,3.7,1.5,4.8,4.8,5.1,4.2,,,,,-0.6,4.0,3.3,-4.3,0.9000000000000001,-1.0999999999999996,-0.20000000000000018,-0.6000000000000001,-0.49999999999999956,-0.40000000000000036,,,,,0.10000000000000009,-2.8,1.4000000000000001,0.09999999999999987,-0.5,0.4,0.30000000000000004,-0.40000000000000013,0.0,0.0,,,,,0.2999999999999998,0.7999999999999998,0.0,0.3000000000000007,0.09999999999999964,0.0,0.09999999999999964,0.0,0.0,0.10000000000000053,,,,,-2.5,-0.8999999999999999,1.5999999999999999,2.0,-1.7,0.19999999999999996,-0.30000000000000004,-0.09999999999999987,0.0,0.0,,,,,0.20000000000000018,0.0,-0.20000000000000018,-0.19999999999999973,-0.7,0.0,-0.10000000000000009,0.0,0.0,0.0,,,,,-1.4000000000000001,1.0,0.30000000000000004,1.8,-1.3,0.19999999999999996,-0.09999999999999987,-0.09999999999999987,0.0,0.0,,,,,0.0,2.2,-1.3000000000000003,0.6000000000000001,-0.5999999999999999,0.0,0.0,0.0,0.0,0.09999999999999987,,,,,-1.0,5.0,-2.9999999999999996,-1.3000000000000003,2.0,-1.4000000000000001,-0.6000000000000001,-0.6000000000000001,-0.3999999999999999,-0.5,,,,,8.6,-2.4000000000000004,8.0,4.4,-2.3,-0.10000000000000009,1.1999999999999993,-1.0,0.40000000000000036,-1.1999999999999993,,,,,-5.5,-5.9,18.799999999999997,-11.4,-5.5,-4.5,-4.0,-0.10000000000000009,-0.10000000000000009,-0.7000000000000001,,,,,-0.6000000000000001,9.9,-4.0,-4.0,0.5,-0.6999999999999993,-1.5999999999999996,-1.0999999999999996,-1.0,-0.7999999999999998,,,,,-8.899999999999999,10.200000000000001,-5.0,-5.699999999999999,1.9,-0.3999999999999999,-0.7999999999999998,-0.9000000000000004,-1.0,-0.9999999999999996,,,,,-0.5,1.3000000000000003,5.0,-4.3,0.2999999999999998,-0.8999999999999999,0.09999999999999964,-1.0,-0.5,-0.2999999999999998,,,,,-0.020000000000000018,-0.030000000000000027,0.15999999999999992,-0.07000000000000006,0.0,-0.030000000000000027,-0.040000000000000036,-0.030000000000000027,-0.010000000000000009,-0.010000000000000009,,,,,1.2000000000000002,-2.0,9.3,1.7999999999999998,-0.2999999999999998,-3.2,0.2999999999999998,-0.2999999999999998,-0.20000000000000018,-1.0999999999999996,,,,
2002-09-18,-0.3,2.7,5.0,1.5,3.2,2.0,2.9,3.1,3.4,3.7,3.8,3.9,3.9,3.5,2.2,-0.5,1.3,1.1,1.1,1.2,1.9,1.5,1.4,1.4,1.8,1.4,1.3,1.3,4.8,5.6,5.6,5.9,5.8,6.0,6.1,6.1,6.0,6.0,5.9,5.9,5.8,5.7,0.7,-0.2,1.4,3.4,1.8,2.2,2.0,1.8,1.8,1.8,1.8,1.8,1.7,1.7,2.6,2.6,2.4,2.1,2.1,2.2,2.1,2.1,2.1,2.0,2.0,1.9,1.9,1.8,-0.1,0.8,1.1,2.5,1.6,1.7,1.5,1.3,1.3,1.3,1.3,1.4,1.3,1.3,0.7,2.7,1.4,1.6,1.8,1.6,1.5,1.5,1.4,1.4,1.4,1.3,1.3,1.3,1.5,6.0,3.1,1.8,4.8,1.1,2.3,2.5,2.6,2.7,2.9,3.0,3.0,3.4,-6.0,-10.9,-5.8,-2.6,2.6,-1.6,6.7,7.9,9.4,11.5,11.2,11.7,13.2,6.1,0.4,-3.5,14.2,2.9,-1.5,-3.6,-1.2,3.5,2.9,1.2,3.5,5.8,5.2,2.3,1.2,13.5,7.4,7.7,5.9,4.7,3.4,2.8,2.9,2.4,2.4,2.3,2.1,2.0,-2.3,8.9,4.6,-1.4,1.9,2.4,2.6,2.8,2.9,3.1,3.3,3.3,3.3,3.3,1.9,2.2,6.5,2.6,4.3,3.2,4.8,4.6,4.8,5.1,5.6,5.3,5.3,4.8,1.6,1.57,1.73,1.67,1.67,1.67,1.68,1.69,1.7,1.71,1.73,1.74,1.76,1.76,-4.7,-6.7,2.6,4.1,3.2,1.4,2.9,3.7,4.4,4.8,4.9,4.6,4.2,3.8,0.0,0.0,0.0,0.30000000000000004,0.5,-0.20000000000000018,-0.3999999999999999,-0.2999999999999998,-0.20000000000000018,-0.09999999999999964,,,,,0.0,0.0,0.0,-0.09999999999999987,0.30000000000000004,-0.10000000000000009,0.19999999999999996,0.10000000000000009,0.0,0.0,,,,,0.0,0.0,0.0,0.0,-0.20000000000000018,0.0,0.09999999999999964,0.1999999999999993,0.2999999999999998,0.2999999999999998,,,,,0.0,0.0,0.0,0.0,0.10000000000000009,0.30000000000000027,0.19999999999999996,0.0,-0.09999999999999987,-0.09999999999999987,,,,,0.0,0.0,0.0,0.0,0.40000000000000013,0.0,0.0,0.0,0.0,-0.10000000000000009,,,,,0.0,0.0,0.0,0.0,0.40000000000000013,0.30000000000000004,0.19999999999999996,0.0,-0.09999999999999987,-0.09999999999999987,,,,,0.0,0.0,0.0,0.0,0.7,0.20000000000000018,0.10000000000000009,0.10000000000000009,0.0,0.0,,,,,0.0,0.0,0.0,-0.09999999999999987,1.0999999999999996,-0.09999999999999987,-0.10000000000000009,0.10000000000000009,0.0,0.10000000000000009,,,,,0.0,0.0,0.0,0.6999999999999997,3.5,-4.9,-1.3999999999999995,-0.7999999999999989,-1.4000000000000004,0.5999999999999996,,,,,0.0,0.0,0.0,-1.1999999999999997,1.2999999999999998,0.6000000000000001,1.5999999999999999,2.3,1.9,2.5,,,,,0.0,0.0,0.0,0.2999999999999998,-0.39999999999999947,-0.7000000000000002,-0.6000000000000001,-0.40000000000000036,0.2999999999999998,-0.10000000000000009,,,,,0.0,0.0,0.0,0.20000000000000018,0.0,0.0,0.0,0.0,0.0,0.0,,,,,0.0,0.0,0.0,0.30000000000000027,0.7999999999999998,-0.19999999999999973,-0.20000000000000018,-0.20000000000000018,-0.20000000000000018,-0.20000000000000018,,,,,0.0,0.0,0.0,0.010000000000000009,0.020000000000000018,0.030000000000000027,0.030000000000000027,0.030000000000000027,0.030000000000000027,0.040000000000000036,,,,,0.0,0.0,0.0,-0.5,-0.5,-0.10000000000000009,-1.9,-1.0999999999999996,-0.6999999999999993,0.5999999999999996,,,,
2002-10-30,2.7,5.0,1.3,3.1,1.0,2.2,2.6,3.3,3.8,3.9,4.0,4.0,3.6,,-0.5,1.3,1.2,1.0,1.8,1.6,1.2,1.3,1.3,1.7,1.2,1.2,1.2,,5.6,5.6,5.9,5.7,5.9,6.2,6.2,6.1,6.1,6.0,5.9,5.9,5.8,,-0.2,1.4,3.4,1.8,2.7,1.4,1.5,1.6,1.7,1.7,1.7,1.7,1.8,,2.6,2.4,2.1,2.1,2.1,2.0,2.0,2.0,2.0,1.9,1.8,1.8,1.8,,0.8,1.1,2.7,1.7,2.1,1.1,1.1,1.2,1.2,1.2,1.3,1.3,1.3,,2.7,1.4,1.9,1.7,1.5,1.4,1.4,1.3,1.3,1.2,1.2,1.2,1.2,,6.0,3.1,1.8,4.1,0.3,2.2,2.3,2.7,2.9,3.4,3.2,3.2,3.2,,-10.9,-5.8,-2.4,-2.3,-2.5,4.6,5.3,7.7,10.8,12.0,12.2,13.3,7.0,,-3.5,14.2,2.7,-1.1,2.9,-2.1,0.0,2.3,3.6,5.0,5.9,5.3,4.3,,13.5,7.4,7.5,6.7,5.3,2.9,2.2,2.8,2.5,2.6,2.1,2.1,2.1,,8.9,4.6,-1.7,1.4,2.2,2.3,2.6,2.7,2.9,3.1,3.1,3.2,3.2,,2.2,6.5,2.5,4.2,2.9,3.9,3.9,4.6,5.2,5.7,5.3,5.3,4.9,,1.57,1.73,1.67,1.71,1.68,1.67,1.68,1.69,1.71,1.74,1.76,1.77,1.78,,-6.7,2.6,4.2,3.6,-2.6,2.3,3.6,3.9,4.4,4.8,4.6,4.6,4.4,,3.0,2.3,-3.7,1.6,-2.2,0.20000000000000018,-0.2999999999999998,0.19999999999999973,0.3999999999999999,0.19999999999999973,0.20000000000000018,0.10000000000000009,-0.2999999999999998,,-2.7,1.8,-0.10000000000000009,-0.10000000000000009,0.7,0.40000000000000013,-0.7,-0.19999999999999996,-0.09999999999999987,0.30000000000000004,-0.6000000000000001,-0.19999999999999996,-0.10000000000000009,,0.7999999999999998,0.0,0.3000000000000007,-0.20000000000000018,0.10000000000000053,0.20000000000000018,0.10000000000000053,0.0,0.09999999999999964,0.0,0.0,0.0,0.0,,-0.8999999999999999,1.5999999999999999,2.0,-1.5999999999999999,0.9000000000000001,-0.8000000000000003,-0.5,-0.19999999999999996,-0.10000000000000009,-0.10000000000000009,-0.10000000000000009,-0.10000000000000009,0.10000000000000009,,0.0,-0.20000000000000018,-0.2999999999999998,0.0,0.0,-0.20000000000000018,-0.10000000000000009,-0.10000000000000009,-0.10000000000000009,-0.10000000000000009,-0.19999999999999996,-0.09999999999999987,-0.09999999999999987,,0.9,0.30000000000000004,1.6,-0.8,0.5,-0.5999999999999999,-0.3999999999999999,-0.10000000000000009,-0.10000000000000009,-0.10000000000000009,0.0,-0.09999999999999987,0.0,,2.0,-1.3000000000000003,0.5,0.09999999999999987,-0.30000000000000004,-0.20000000000000018,-0.10000000000000009,-0.19999999999999996,-0.09999999999999987,-0.19999999999999996,-0.19999999999999996,-0.10000000000000009,-0.10000000000000009,,4.5,-2.9,-1.3,2.3,-4.5,1.1,0.0,0.20000000000000018,0.2999999999999998,0.6999999999999997,0.30000000000000027,0.20000000000000018,0.20000000000000018,,-4.9,5.1000000000000005,3.4,0.30000000000000027,-5.1,6.199999999999999,-1.4000000000000004,-0.20000000000000018,1.4000000000000004,0.5,1.0,1.6000000000000014,-6.199999999999999,,-3.9,17.7,-11.5,-4.0,4.4,1.5,1.2,-1.2000000000000002,0.7000000000000002,3.8,2.4000000000000004,-0.5,-0.9000000000000004,,12.3,-6.1,0.09999999999999964,-1.0,-0.6000000000000005,-1.8000000000000003,-1.1999999999999997,0.0,-0.3999999999999999,0.20000000000000018,-0.2999999999999998,-0.19999999999999973,0.0,,11.2,-4.300000000000001,-6.3,2.8,0.30000000000000027,-0.10000000000000009,0.0,-0.09999999999999964,0.0,0.0,-0.19999999999999973,-0.09999999999999964,-0.09999999999999964,,0.30000000000000027,4.3,-4.0,1.6,-1.4,0.6999999999999997,-0.8999999999999999,0.0,0.40000000000000036,0.6000000000000005,-0.2999999999999998,0.0,-0.39999999999999947,,-0.030000000000000027,0.15999999999999992,-0.06000000000000005,0.040000000000000036,0.010000000000000009,0.0,0.0,0.0,0.010000000000000009,0.030000000000000027,0.030000000000000027,0.030000000000000027,0.020000000000000018,,-2.0,9.3,1.6,-0.49999999999999956,-5.800000000000001,0.8999999999999999,0.7000000000000002,0.19999999999999973,0.0,0.0,-0.3000000000000007,0.0,0.20000000000000018,
2002-12-04,2.7,5.0,1.3,4.0,1.0,2.3,2.9,3.9,4.2,4.4,4.3,4.3,4.1,,-0.5,1.3,1.2,1.0,2.1,1.7,1.2,1.3,1.3,1.6,1.3,1.3,1.3,,5.6,5.6,5.9,5.7,5.8,6.0,6.0,6.0,5.9,5.8,5.7,5.6,5.4,,-0.2,1.4,3.4,1.8,2.3,1.7,1.7,1.6,1.7,1.8,1.8,1.8,1.8,,2.6,2.4,2.1,2.1,2.0,2.1,2.0,2.0,2.0,1.9,1.9,1.9,1.9,,0.8,1.1,2.7,1.7,2.0,1.4,1.3,1.2,1.3,1.3,1.4,1.3,1.3,,2.7,1.4,1.9,1.8,1.8,1.6,1.5,1.4,1.4,1.4,1.3,1.3,1.3,,6.0,3.1,1.8,4.1,0.0,2.6,3.0,3.4,3.3,3.8,3.7,3.5,3.6,,-10.9,-5.8,-2.4,-0.6,-0.7,5.5,6.3,8.4,11.7,13.4,13.0,13.3,8.8,,-3.5,14.2,2.7,1.3,6.1,-1.0,0.6,1.2,3.5,5.8,6.3,6.7,4.5,,13.5,7.4,7.5,4.3,2.7,5.2,1.7,2.0,2.1,2.2,1.7,1.8,1.5,,8.9,4.6,-1.7,2.1,1.9,2.3,2.6,2.7,2.9,3.1,3.1,3.2,3.2,,2.2,6.5,2.5,5.1,3.1,4.0,4.2,5.2,5.6,6.1,5.6,5.6,5.4,,1.57,1.73,1.67,1.7,1.66,1.7,1.7,1.71,1.73,1.76,1.78,1.81,1.81,,-6.7,2.6,4.2,3.5,-3.9,-0.3,4.8,4.7,5.3,5.7,5.3,5.2,5.3,,0.0,0.0,0.0,0.8999999999999999,0.0,0.09999999999999964,0.2999999999999998,0.6000000000000001,0.40000000000000036,0.5000000000000004,0.2999999999999998,0.2999999999999998,0.49999999999999956,,0.0,0.0,0.0,0.0,0.30000000000000004,0.09999999999999987,0.0,0.0,0.0,-0.09999999999999987,0.10000000000000009,0.10000000000000009,0.10000000000000009,,0.0,0.0,0.0,0.0,-0.10000000000000053,-0.20000000000000018,-0.20000000000000018,-0.09999999999999964,-0.1999999999999993,-0.20000000000000018,-0.20000000000000018,-0.3000000000000007,-0.39999999999999947,,0.0,0.0,0.0,0.0,-0.40000000000000036,0.30000000000000004,0.19999999999999996,0.0,0.0,0.10000000000000009,0.10000000000000009,0.10000000000000009,0.0,,0.0,0.0,0.0,0.0,-0.10000000000000009,0.10000000000000009,0.0,0.0,0.0,0.0,0.09999999999999987,0.09999999999999987,0.09999999999999987,,0.0,0.0,0.0,0.0,-0.10000000000000009,0.2999999999999998,0.19999999999999996,0.0,0.10000000000000009,0.10000000000000009,0.09999999999999987,0.0,0.0,,0.0,0.0,0.0,0.10000000000000009,0.30000000000000004,0.20000000000000018,0.10000000000000009,0.09999999999999987,0.09999999999999987,0.19999999999999996,0.10000000000000009,0.10000000000000009,0.10000000000000009,,0.0,0.0,0.0,0.0,-0.3,0.3999999999999999,0.7000000000000002,0.6999999999999997,0.3999999999999999,0.3999999999999999,0.5,0.2999999999999998,0.3999999999999999,,0.0,0.0,0.0,1.6999999999999997,1.8,0.9000000000000004,1.0,0.7000000000000002,0.8999999999999986,1.4000000000000004,0.8000000000000007,0.0,1.8000000000000007,,0.0,0.0,0.0,2.4000000000000004,3.1999999999999997,1.1,0.6,-1.0999999999999999,-0.10000000000000009,0.7999999999999998,0.39999999999999947,1.4000000000000004,0.20000000000000018,,0.0,0.0,0.0,-2.4000000000000004,-2.5999999999999996,2.3000000000000003,-0.5000000000000002,-0.7999999999999998,-0.3999999999999999,-0.3999999999999999,-0.40000000000000013,-0.30000000000000004,-0.6000000000000001,,0.0,0.0,0.0,0.7000000000000002,-0.30000000000000027,0.0,0.0,0.0,0.0,0.0,0.0,0.0,0.0,,0.0,0.0,0.0,0.8999999999999995,0.20000000000000018,0.10000000000000009,0.30000000000000027,0.6000000000000005,0.39999999999999947,0.39999999999999947,0.2999999999999998,0.2999999999999998,0.5,,0.0,0.0,0.0,-0.010000000000000009,-0.020000000000000018,0.030000000000000027,0.020000000000000018,0.020000000000000018,0.020000000000000018,0.020000000000000018,0.020000000000000018,0.040000000000000036,0.030000000000000027,,0.0,0.0,0.0,-0.10000000000000009,-1.2999999999999998,-2.5999999999999996,1.1999999999999997,0.8000000000000003,0.8999999999999995,0.9000000000000004,0.7000000000000002,0.6000000000000005,0.8999999999999995,
2003-01-22,5.0,1.3,4.0,0.2,2.6,2.9,4.3,4.6,5.0,4.9,4.7,4.4,,,1.3,1.2,1.0,1.8,1.2,1.2,1.2,1.3,1.6,1.2,1.2,1.2,,,5.6,5.9,5.7,5.9,6.2,6.2,6.2,6.1,6.0,5.8,5.6,5.4,,,1.4,3.4,1.8,2.4,2.9,1.6,1.1,1.4,1.6,1.6,1.6,1.6,,,2.4,2.1,2.1,1.8,1.9,2.0,1.9,1.9,1.8,1.8,1.7,1.7,,,1.1,2.7,1.7,1.8,2.1,1.2,0.9,1.1,1.2,1.2,1.2,1.2,,,1.4,1.9,1.8,1.4,1.2,1.4,1.4,1.3,1.3,1.2,1.2,1.1,,,3.1,1.8,4.2,1.2,1.9,2.8,3.8,4.0,4.4,4.3,4.1,4.1,,,-5.8,-2.4,-0.8,-0.7,0.8,3.7,8.4,10.4,13.4,13.1,14.0,10.5,,,14.2,2.7,1.1,11.3,9.5,3.1,5.5,6.6,7.6,7.3,4.8,3.2,,,7.4,7.5,4.3,3.1,4.3,2.2,1.8,2.1,2.3,1.7,1.9,1.5,,,4.6,-1.7,2.2,2.0,1.8,1.6,1.7,2.0,1.9,1.9,2.0,2.0,,,6.5,2.5,5.1,2.0,3.8,4.1,5.6,5.9,6.7,6.2,6.0,5.6,,,1.73,1.67,1.7,1.75,1.77,1.79,1.83,1.87,1.9,1.92,1.94,1.95,,,1.4,4.4,3.4,-2.4,0.6,4.4,5.9,5.8,6.4,6.2,5.7,5.3,,,2.3,-3.7,2.7,-3.8,1.6,0.6000000000000001,1.4,0.6999999999999997,0.7999999999999998,0.5,0.40000000000000036,0.10000000000000053,,,1.8,-0.10000000000000009,-0.19999999999999996,0.8,-0.9000000000000001,-0.5,0.0,0.0,0.30000000000000004,-0.40000000000000013,-0.10000000000000009,-0.10000000000000009,,,0.0,0.3000000000000007,-0.20000000000000018,0.20000000000000018,0.40000000000000036,0.20000000000000018,0.20000000000000018,0.09999999999999964,0.09999999999999964,0.0,-0.10000000000000053,-0.1999999999999993,,,1.5999999999999999,2.0,-1.5999999999999999,0.5999999999999999,0.6000000000000001,-0.09999999999999987,-0.5999999999999999,-0.20000000000000018,-0.09999999999999987,-0.19999999999999996,-0.19999999999999996,-0.19999999999999996,,,-0.20000000000000018,-0.2999999999999998,0.0,-0.30000000000000004,-0.10000000000000009,-0.10000000000000009,-0.10000000000000009,-0.10000000000000009,-0.19999999999999996,-0.09999999999999987,-0.19999999999999996,-0.19999999999999996,,,0.30000000000000004,1.6,-1.0000000000000002,0.10000000000000009,0.10000000000000009,-0.19999999999999996,-0.4,-0.09999999999999987,-0.10000000000000009,-0.10000000000000009,-0.19999999999999996,-0.10000000000000009,,,-1.3000000000000003,0.5,-0.09999999999999987,-0.40000000000000013,-0.6000000000000001,-0.20000000000000018,-0.10000000000000009,-0.09999999999999987,-0.09999999999999987,-0.19999999999999996,-0.10000000000000009,-0.19999999999999996,,,-2.9,-1.3,2.4000000000000004,-2.8999999999999995,1.9,0.19999999999999973,0.7999999999999998,0.6000000000000001,1.1000000000000005,0.5,0.39999999999999947,0.5999999999999996,,,5.1000000000000005,3.4,1.5999999999999999,-0.09999999999999998,1.5,-1.7999999999999998,2.1000000000000005,2.0,1.700000000000001,-0.3000000000000007,1.0,-2.8000000000000007,,,17.7,-11.5,-1.6,10.0,3.4000000000000004,4.1,4.9,5.3999999999999995,4.1,1.5,-1.5,-3.5,,,-6.1,0.09999999999999964,-3.2,-1.1999999999999997,1.5999999999999996,-3.0,0.10000000000000009,0.10000000000000009,0.19999999999999973,-0.5000000000000002,0.19999999999999996,-0.30000000000000004,,,-4.300000000000001,-6.3,3.9000000000000004,-0.10000000000000009,-0.09999999999999987,-0.6999999999999997,-0.9000000000000001,-0.7000000000000002,-1.0,-1.2000000000000002,-1.1,-1.2000000000000002,,,4.3,-4.0,2.5999999999999996,-3.0999999999999996,0.6999999999999997,0.09999999999999964,1.3999999999999995,0.7000000000000002,1.1000000000000005,0.10000000000000053,0.40000000000000036,0.0,,,0.15999999999999992,-0.06000000000000005,0.030000000000000027,0.050000000000000044,0.1100000000000001,0.09000000000000008,0.13000000000000012,0.16000000000000014,0.16999999999999993,0.15999999999999992,0.15999999999999992,0.1399999999999999,,,8.1,1.8000000000000003,-0.8000000000000003,-5.9,4.5,4.7,1.1000000000000005,1.0999999999999996,1.1000000000000005,0.5,0.40000000000000036,0.09999999999999964,,
2003-03-13,5.0,1.3,4.0,1.4,2.3,2.3,3.8,4.5,4.9,4.7,4.6,4.4,,,1.3,1.2,1.0,1.6,2.0,1.4,1.0,1.2,1.6,1.2,1.1,1.1,,,5.6,5.9,5.8,5.9,5.8,6.1,6.2,6.1,6.0,5.9,5.7,5.5,,,1.4,3.4,2.2,2.0,3.8,2.8,0.4,1.1,1.4,1.4,1.4,1.5,,,2.1,2.1,2.1,1.7,1.7,2.2,2.0,1.9,1.9,1.8,1.7,1.7,,,1.1,2.7,1.7,1.6,2.3,2.2,0.5,0.9,1.0,1.0,0.9,1.0,,,1.4,1.9,1.8,1.3,0.7,1.6,1.5,1.4,1.2,1.1,1.0,1.0,,,3.1,1.8,4.2,1.5,1.7,2.3,3.2,3.8,4.6,4.3,4.2,4.2,,,-5.8,-2.4,-0.8,2.3,-3.5,6.3,8.4,7.8,12.5,12.7,13.4,9.0,,,14.2,2.7,1.1,9.5,16.7,4.9,8.5,11.1,12.5,4.3,-0.2,-0.6,,,7.4,7.5,4.3,11.2,8.1,8.1,2.5,1.0,1.8,1.1,0.5,1.7,,,4.6,-1.7,2.2,1.2,1.6,1.6,1.7,2.0,1.9,2.0,2.1,2.1,,,6.5,2.5,5.1,3.0,4.3,3.8,4.9,5.7,6.6,6.0,5.7,5.5,,,1.73,1.67,1.7,1.76,1.82,1.86,1.9,1.97,2.02,1.99,1.99,1.98,,,1.4,4.4,3.4,-3.1,1.9,0.9,5.4,6.0,6.4,6.0,5.8,5.5,,,0.0,0.0,0.0,1.2,-0.30000000000000027,-0.6000000000000001,-0.5,-0.09999999999999964,-0.09999999999999964,-0.20000000000000018,-0.10000000000000053,0.0,,,0.0,0.0,0.0,-0.19999999999999996,0.8,0.19999999999999996,-0.19999999999999996,-0.10000000000000009,0.0,0.0,-0.09999999999999987,-0.09999999999999987,,,0.0,0.0,0.09999999999999964,0.0,-0.40000000000000036,-0.10000000000000053,0.0,0.0,0.0,0.10000000000000053,0.10000000000000053,0.09999999999999964,,,0.0,0.0,0.40000000000000013,-0.3999999999999999,0.8999999999999999,1.1999999999999997,-0.7000000000000001,-0.2999999999999998,-0.20000000000000018,-0.20000000000000018,-0.20000000000000018,-0.10000000000000009,,,-0.2999999999999998,0.0,0.0,-0.10000000000000009,-0.19999999999999996,0.20000000000000018,0.10000000000000009,0.0,0.09999999999999987,0.0,0.0,0.0,,,0.0,0.0,0.0,-0.19999999999999996,0.19999999999999973,1.0000000000000002,-0.4,-0.20000000000000007,-0.19999999999999996,-0.19999999999999996,-0.29999999999999993,-0.19999999999999996,,,0.0,0.0,0.0,-0.09999999999999987,-0.5,0.20000000000000018,0.10000000000000009,0.09999999999999987,-0.10000000000000009,-0.09999999999999987,-0.19999999999999996,-0.10000000000000009,,,0.0,0.0,0.0,0.30000000000000004,-0.19999999999999996,-0.5,-0.5999999999999996,-0.20000000000000018,0.1999999999999993,0.0,0.10000000000000053,0.10000000000000053,,,0.0,0.0,0.0,3.0,-4.3,2.5999999999999996,0.0,-2.6000000000000005,-0.9000000000000004,-0.40000000000000036,-0.5999999999999996,-1.5,,,0.0,0.0,0.0,-1.8000000000000007,7.199999999999999,1.8000000000000003,3.0,4.5,4.9,-3.0,-5.0,-3.8000000000000003,,,0.0,0.0,0.0,8.1,3.8,5.8999999999999995,0.7,-1.1,-0.4999999999999998,-0.5999999999999999,-1.4,0.19999999999999996,,,0.0,0.0,0.0,-0.8,-0.19999999999999996,0.0,0.0,0.0,0.0,0.10000000000000009,0.10000000000000009,0.10000000000000009,,,0.0,0.0,0.0,1.0,0.5,-0.2999999999999998,-0.6999999999999993,-0.20000000000000018,-0.10000000000000053,-0.20000000000000018,-0.2999999999999998,-0.09999999999999964,,,0.0,0.0,0.0,0.010000000000000009,0.050000000000000044,0.07000000000000006,0.06999999999999984,0.09999999999999987,0.1200000000000001,0.07000000000000006,0.050000000000000044,0.030000000000000027,,,0.0,0.0,0.0,-0.7000000000000002,1.2999999999999998,-3.5000000000000004,-0.5,0.20000000000000018,0.0,-0.20000000000000018,0.09999999999999964,0.20000000000000018,,
2003-04-30,1.3,4.0,1.4,1.6,2.0,3.4,4.3,4.7,4.8,4.8,4.8,,,,1.2,1.0,1.8,2.6,1.0,1.1,1.2,1.6,1.2,1.1,1.1,,,,5.9,5.8,5.9,5.8,6.0,6.1,6.1,6.1,6.0,5.9,5.6,,,,3.4,2.2,2.0,3.8,0.3,0.7,1.5,1.5,1.4,1.4,1.4,,,,2.1,2.1,1.7,1.3,1.7,1.9,1.7,1.6,1.6,1.5,1.5,,,,2.7,1.7,1.8,2.8,0.6,0.5,1.1,1.1,1.1,1.0,1.0,,,,1.9,1.8,1.5,0.9,1.6,1.3,1.2,1.2,1.1,1.0,1.0,,,,1.8,4.2,1.7,1.4,2.5,2.9,3.6,4.8,4.1,4.8,4.9,,,,-2.4,-0.8,2.3,-4.2,5.6,3.3,5.6,9.7,12.2,13.7,9.5,,,,2.7,1.1,9.4,11.5,-1.5,1.4,1.8,2.6,3.3,4.4,5.0,,,,7.5,4.3,11.0,2.6,20.3,12.5,3.3,0.3,0.0,-1.5,-0.1,,,,-1.7,2.2,1.2,0.1,0.8,1.2,1.4,1.7,1.9,2.1,2.1,,,,2.5,5.1,3.2,4.3,3.1,4.5,5.5,6.3,6.0,6.0,5.9,,,,1.67,1.7,1.75,1.75,1.76,1.79,1.8,1.81,1.82,1.85,1.86,,,,4.4,3.4,-3.4,0.4,-2.9,3.6,6.4,6.7,6.7,5.5,5.2,,,,-3.7,2.7,-2.6,0.20000000000000018,-0.2999999999999998,1.1,0.5,0.20000000000000018,-0.10000000000000053,0.09999999999999964,0.20000000000000018,,,,-0.10000000000000009,-0.19999999999999996,0.8,1.0,-1.0,-0.2999999999999998,0.19999999999999996,0.40000000000000013,-0.40000000000000013,-0.09999999999999987,0.0,,,,0.3000000000000007,-0.10000000000000053,0.10000000000000053,-0.10000000000000053,0.20000000000000018,0.0,-0.10000000000000053,0.0,0.0,0.0,-0.10000000000000053,,,,2.0,-1.1999999999999997,-0.20000000000000018,1.7999999999999998,-3.5,-2.0999999999999996,1.1,0.3999999999999999,0.0,0.0,0.0,,,,0.0,0.0,-0.40000000000000013,-0.3999999999999999,0.0,-0.30000000000000027,-0.30000000000000004,-0.2999999999999998,-0.2999999999999998,-0.30000000000000004,-0.19999999999999996,,,,1.6,-1.0000000000000002,0.10000000000000009,1.1999999999999997,-1.6999999999999997,-1.7000000000000002,0.6000000000000001,0.20000000000000007,0.10000000000000009,0.0,0.09999999999999998,,,,0.5,-0.09999999999999987,-0.30000000000000004,-0.4,0.9000000000000001,-0.30000000000000004,-0.30000000000000004,-0.19999999999999996,-0.09999999999999987,-0.10000000000000009,0.0,,,,-1.3,2.4000000000000004,-2.5,-0.10000000000000009,0.8,0.6000000000000001,0.3999999999999999,1.0,-0.5,0.5,0.7000000000000002,,,,3.4,1.5999999999999999,3.0999999999999996,-6.5,9.1,-3.0,-2.8000000000000007,1.8999999999999995,-0.3000000000000007,1.0,-3.9000000000000004,,,,-11.5,-1.6,8.3,2.0,-18.2,-3.5000000000000004,-6.7,-8.5,-9.2,0.10000000000000053,5.2,,,,0.09999999999999964,-3.2,6.7,-8.6,12.200000000000001,4.4,0.7999999999999998,-0.7,-1.8,-2.6,-0.6,,,,-6.3,3.9000000000000004,-1.0000000000000002,-1.0999999999999999,-0.8,-0.40000000000000013,-0.30000000000000004,-0.30000000000000004,0.0,0.10000000000000009,0.0,,,,-4.0,2.5999999999999996,-1.8999999999999995,1.2999999999999998,-1.1999999999999997,0.7000000000000002,0.5999999999999996,0.5999999999999996,-0.5999999999999996,0.0,0.20000000000000018,,,,-0.06000000000000005,0.030000000000000027,0.050000000000000044,-0.010000000000000009,-0.06000000000000005,-0.07000000000000006,-0.09999999999999987,-0.15999999999999992,-0.19999999999999996,-0.1399999999999999,-0.1299999999999999,,,,3.0000000000000004,-1.0000000000000004,-6.8,3.5,-4.8,2.7,1.0,0.7000000000000002,0.2999999999999998,-0.5,-0.5999999999999996,,,
2003-06-18,1.3,4.0,1.4,1.6,1.5,3.8,4.6,5.3,5.3,5.4,5.4,,,,1.2,1.0,1.8,2.5,0.9,0.4,1.1,1.5,1.0,1.0,0.9,,,,5.9,5.8,5.9,5.8,6.1,6.2,6.1,6.0,5.9,5.7,5.4,,,,3.4,2.2,2.0,3.8,0.6,1.4,1.0,1.1,1.2,1.2,1.1,,,,2.1,2.1,1.7,1.3,1.0,1.8,1.7,1.6,1.5,1.4,1.3,,,,2.7,1.7,1.8,2.7,0.6,1.0,0.8,0.9,0.9,0.8,0.8,,,,1.9,1.8,1.5,0.8,1.0,1.2,1.2,1.1,1.0,0.9,0.8,,,,1.8,4.2,1.7,2.0,2.1,3.8,4.6,4.3,4.3,4.7,5.0,,,,-2.4,-0.8,2.3,-5.7,3.2,3.7,5.3,9.5,15.3,15.5,17.2,,,,2.7,1.1,9.4,10.8,-3.9,1.8,5.1,3.6,5.2,4.3,5.9,,,,7.5,4.3,11.0,0.9,22.2,12.8,3.2,0.1,0.2,-1.5,-0.1,,,,-1.7,2.2,1.2,0.3,-0.8,0.8,0.9,1.2,1.5,1.7,1.7,,,,2.5,5.1,3.2,4.1,2.4,4.3,5.7,6.8,6.4,6.4,6.4,,,,1.68,1.7,1.74,1.74,1.7,1.8,1.81,1.82,1.84,1.86,1.88,,,,4.4,3.4,-3.4,0.3,-3.0,4.0,5.9,7.7,7.3,7.7,7.0,,,,0.0,0.0,0.0,0.0,-0.5,0.3999999999999999,0.2999999999999998,0.5999999999999996,0.5,0.6000000000000005,0.6000000000000005,,,,0.0,0.0,0.0,-0.10000000000000009,-0.09999999999999998,-0.7000000000000001,-0.09999999999999987,-0.10000000000000009,-0.19999999999999996,-0.10000000000000009,-0.20000000000000007,,,,0.0,0.0,0.0,0.0,0.09999999999999964,0.10000000000000053,0.0,-0.09999999999999964,-0.09999999999999964,-0.20000000000000018,-0.1999999999999993,,,,0.0,0.0,0.0,0.0,0.3,0.7,-0.5,-0.3999999999999999,-0.19999999999999996,-0.19999999999999996,-0.2999999999999998,,,,0.0,0.0,0.0,0.0,-0.7,-0.09999999999999987,0.0,0.0,-0.10000000000000009,-0.10000000000000009,-0.19999999999999996,,,,0.0,0.0,0.0,-0.09999999999999964,0.0,0.5,-0.30000000000000004,-0.20000000000000007,-0.20000000000000007,-0.19999999999999996,-0.19999999999999996,,,,0.0,0.0,0.0,-0.09999999999999998,-0.6000000000000001,-0.10000000000000009,0.0,-0.09999999999999987,-0.10000000000000009,-0.09999999999999998,-0.19999999999999996,,,,0.0,0.0,0.0,0.6000000000000001,-0.3999999999999999,0.8999999999999999,0.9999999999999996,-0.5,0.20000000000000018,-0.09999999999999964,0.09999999999999964,,,,0.0,0.0,0.0,-1.5,-2.3999999999999995,0.40000000000000036,-0.2999999999999998,-0.1999999999999993,3.1000000000000014,1.8000000000000007,7.699999999999999,,,,0.0,0.0,0.0,-0.6999999999999993,-2.4,0.40000000000000013,3.3,1.0,1.9000000000000004,-0.10000000000000053,0.9000000000000004,,,,0.0,0.0,0.0,-1.7000000000000002,1.8999999999999986,0.3000000000000007,-0.09999999999999964,-0.19999999999999998,0.2,0.0,0.0,,,,0.0,0.0,0.0,0.19999999999999998,-1.6,-0.3999999999999999,-0.4999999999999999,-0.5,-0.3999999999999999,-0.40000000000000013,-0.40000000000000013,,,,0.0,0.0,0.0,-0.20000000000000018,-0.7000000000000002,-0.20000000000000018,0.20000000000000018,0.5,0.40000000000000036,0.40000000000000036,0.5,,,,0.010000000000000009,0.0,-0.010000000000000009,-0.010000000000000009,-0.06000000000000005,0.010000000000000009,0.010000000000000009,0.010000000000000009,0.020000000000000018,0.010000000000000009,0.019999999999999796,,,,0.0,0.0,0.0,-0.10000000000000003,-0.10000000000000009,0.3999999999999999,-0.5,1.0,0.5999999999999996,2.2,1.7999999999999998,,,
2003-08-06,4.0,1.4,1.4,2.6,3.6,4.4,4.8,4.8,4.8,4.8,,,,,1.0,1.8,2.4,1.0,0.9,1.0,1.3,0.9,0.9,0.9,,,,,5.8,5.9,5.8,6.2,6.3,6.2,6.0,5.9,5.8,5.5,,,,,2.2,2.0,3.8,0.7,1.9,1.4,0.8,0.8,1.0,1.0,,,,,2.1,1.7,1.3,0.8,1.5,1.7,1.5,1.4,1.3,1.2,,,,,1.7,1.8,2.7,0.9,1.6,1.0,0.6,0.7,0.7,0.7,,,,,1.8,1.5,0.8,1.2,1.4,1.2,1.1,1.0,0.9,0.8,,,,,4.2,1.7,2.0,3.3,3.3,3.6,3.8,4.1,4.6,4.6,,,,,-0.8,2.3,-4.4,7.6,7.0,7.2,8.2,13.7,14.3,15.9,,,,,1.1,9.4,10.1,5.3,6.1,-1.1,-0.5,5.3,5.6,6.1,,,,,4.3,11.0,0.7,25.1,9.1,5.9,3.8,0.0,-0.7,0.0,,,,,2.2,1.2,0.2,-0.5,0.3,0.4,1.0,1.3,1.6,1.8,,,,,5.1,3.2,3.8,3.6,4.6,5.5,6.2,5.8,5.8,5.7,,,,,1.7,1.74,1.74,1.72,1.74,1.74,1.75,1.78,1.8,1.82,,,,,3.4,-3.4,0.3,-3.2,2.9,4.6,7.4,7.1,7.4,6.7,,,,,2.7,-2.6,0.0,1.0,2.1,0.6000000000000005,0.20000000000000018,-0.5,-0.5,-0.6000000000000005,,,,,-0.19999999999999996,0.8,0.5999999999999999,-1.5,0.0,0.6,0.19999999999999996,-0.6,-0.09999999999999998,-0.09999999999999998,,,,,-0.10000000000000053,0.10000000000000053,-0.10000000000000053,0.40000000000000036,0.20000000000000018,0.0,-0.09999999999999964,-0.09999999999999964,-0.10000000000000053,-0.20000000000000018,,,,,-1.1999999999999997,-0.20000000000000018,1.7999999999999998,-3.0999999999999996,1.2999999999999998,0.0,-0.19999999999999996,-0.30000000000000004,-0.19999999999999996,-0.19999999999999996,,,,,0.0,-0.40000000000000013,-0.3999999999999999,-0.5,0.5,-0.10000000000000009,-0.19999999999999996,-0.20000000000000018,-0.19999999999999996,-0.19999999999999996,,,,,-1.0000000000000002,0.10000000000000009,0.9000000000000001,-1.8000000000000003,1.0,0.0,-0.20000000000000007,-0.20000000000000007,-0.20000000000000007,-0.10000000000000009,,,,,-0.09999999999999987,-0.30000000000000004,-0.7,0.3999999999999999,0.3999999999999999,0.0,-0.09999999999999987,-0.10000000000000009,-0.09999999999999998,-0.09999999999999998,,,,,2.4000000000000004,-2.5,0.30000000000000004,1.2999999999999998,1.1999999999999997,-0.19999999999999973,-0.7999999999999998,-0.20000000000000018,0.2999999999999998,-0.10000000000000053,,,,,1.5999999999999999,3.0999999999999996,-6.7,13.3,3.8,3.5,2.8999999999999995,4.199999999999999,-1.0,0.40000000000000036,,,,,-1.6,8.3,0.6999999999999993,-5.500000000000001,10.0,-2.9000000000000004,-5.6,1.6999999999999997,0.39999999999999947,1.7999999999999998,,,,,-3.2,6.7,-10.3,24.200000000000003,-13.1,-6.9,0.5999999999999996,-0.1,-0.8999999999999999,1.5,,,,,3.9000000000000004,-1.0000000000000002,-1.0,-0.8,1.1,-0.4,0.09999999999999998,0.10000000000000009,0.10000000000000009,0.10000000000000009,,,,,2.5999999999999996,-1.8999999999999995,0.5999999999999996,-0.49999999999999956,2.1999999999999997,1.2000000000000002,0.5,-1.0,-0.6000000000000005,-0.7000000000000002,,,,,0.020000000000000018,0.040000000000000036,0.0,-0.020000000000000018,0.040000000000000036,-0.06000000000000005,-0.06000000000000005,-0.040000000000000036,-0.040000000000000036,-0.040000000000000036,,,,,-1.0000000000000004,-6.8,3.6999999999999997,-3.5,5.9,0.5999999999999996,1.5,-0.6000000000000005,0.10000000000000053,-1.0,,,,
2003-09-10,4.0,1.4,1.4,3.3,4.4,4.6,5.2,5.1,5.0,4.7,3.8,4.1,4.0,3.9,1.0,1.8,2.4,0.8,1.5,1.1,1.1,0.9,0.9,0.9,1.3,0.9,0.9,0.8,5.8,5.9,5.8,6.2,6.2,6.2,6.1,6.0,5.9,5.7,5.5,5.4,5.3,5.3,2.2,2.0,3.8,0.7,2.2,1.3,0.6,0.8,1.0,1.1,1.1,1.1,1.1,1.1,2.1,1.7,1.3,0.8,1.7,1.7,1.5,1.4,1.4,1.4,1.3,1.3,1.3,1.2,1.7,1.8,2.7,0.7,2.0,1.0,0.5,0.7,0.8,0.8,0.8,0.8,0.8,0.8,1.8,1.5,0.8,0.9,1.7,1.2,1.1,1.0,1.0,0.9,0.9,0.9,0.8,0.8,4.2,1.7,2.0,3.8,4.8,2.8,4.7,4.5,4.4,4.4,4.4,4.3,4.0,3.5,-0.8,2.3,-4.4,7.6,11.5,6.3,10.7,13.2,14.4,16.8,-2.9,10.3,11.0,11.1,1.1,9.4,10.1,7.3,14.8,-3.6,-2.4,3.9,3.3,4.6,3.3,1.1,-0.5,-1.3,4.3,11.0,0.7,25.5,-3.5,17.9,8.6,3.5,1.7,1.0,3.0,1.0,1.8,3.0,2.2,1.2,0.2,-0.1,0.5,0.3,0.9,1.1,1.5,1.8,2.0,1.9,2.2,2.2,5.1,3.2,3.8,4.2,5.9,5.7,6.3,6.0,6.0,5.6,5.1,5.0,4.9,4.7,1.7,1.74,1.74,1.74,1.8,1.76,1.77,1.79,1.8,1.82,1.82,1.81,1.8,1.79,3.4,-3.4,0.3,-3.5,2.8,2.3,6.9,6.8,6.8,6.6,5.1,4.9,4.7,4.8,0.0,0.0,0.0,0.6999999999999997,0.8000000000000003,0.1999999999999993,0.40000000000000036,0.2999999999999998,0.20000000000000018,-0.09999999999999964,,,,,0.0,0.0,0.0,-0.19999999999999996,0.6,0.10000000000000009,-0.19999999999999996,0.0,0.0,0.0,,,,,0.0,0.0,0.0,0.0,-0.09999999999999964,0.0,0.09999999999999964,0.09999999999999964,0.10000000000000053,0.20000000000000018,,,,,0.0,0.0,0.0,0.0,0.30000000000000027,-0.09999999999999987,-0.20000000000000007,0.0,0.0,0.10000000000000009,,,,,0.0,0.0,0.0,0.0,0.19999999999999996,0.0,0.0,0.0,0.09999999999999987,0.19999999999999996,,,,,0.0,0.0,0.0,-0.20000000000000007,0.3999999999999999,0.0,-0.09999999999999998,0.0,0.10000000000000009,0.10000000000000009,,,,,0.0,0.0,0.0,-0.29999999999999993,0.30000000000000004,0.0,0.0,0.0,0.09999999999999998,0.09999999999999998,,,,,0.0,0.0,0.0,0.5,1.5,-0.8000000000000003,0.9000000000000004,0.40000000000000036,-0.1999999999999993,-0.1999999999999993,,,,,0.0,0.0,0.0,0.0,4.5,-0.9000000000000004,2.5,-0.5,0.09999999999999964,0.9000000000000004,,,,,0.0,0.0,0.0,2.0,8.700000000000001,-2.5,-1.9,-1.4,-2.3,-1.5,,,,,0.0,0.0,0.0,0.3999999999999986,-12.6,11.999999999999998,4.8,3.5,2.4,1.0,,,,,0.0,0.0,0.0,0.4,0.2,-0.10000000000000003,-0.09999999999999998,-0.19999999999999996,-0.10000000000000009,0.0,,,,,0.0,0.0,0.0,0.6000000000000001,1.3000000000000007,0.20000000000000018,0.09999999999999964,0.20000000000000018,0.20000000000000018,-0.10000000000000053,,,,,0.0,0.0,0.0,0.020000000000000018,0.06000000000000005,0.020000000000000018,0.020000000000000018,0.010000000000000009,0.0,0.0,,,,,0.0,0.0,0.0,-0.2999999999999998,-0.10000000000000009,-2.3,-0.5,-0.2999999999999998,-0.6000000000000005,-0.10000000000000053,,,,
2003-10-22,1.4,1.4,3.3,6.3,4.4,5.2,5.2,5.1,4.8,3.9,4.2,4.1,4.0,,1.8,2.4,1.0,1.8,0.8,1.1,0.9,1.0,1.0,1.4,1.0,1.0,0.9,,5.9,5.8,6.2,6.1,6.2,6.0,5.8,5.7,5.4,5.2,5.1,5.1,5.1,,2.0,3.8,0.7,2.4,1.2,0.7,0.9,1.0,1.1,1.2,1.2,1.2,1.3,,1.7,1.3,0.8,1.7,1.8,1.5,1.5,1.5,1.4,1.4,1.4,1.3,1.3,,1.8,2.7,0.8,2.4,1.0,0.7,0.8,0.8,0.9,0.9,0.9,0.9,1.0,,1.5,0.8,1.1,1.8,1.3,1.2,1.1,1.1,1.0,1.0,1.0,1.0,1.0,,1.7,2.0,3.8,6.1,1.8,4.5,4.6,4.5,4.5,4.4,4.3,4.1,3.8,,2.3,-4.4,7.3,8.1,7.9,11.6,14.0,14.5,16.9,-2.6,10.5,11.3,11.7,,9.4,10.1,6.6,19.0,5.6,-0.2,3.0,0.9,3.7,3.6,1.3,0.2,-0.5,,11.0,0.7,25.5,1.3,12.3,8.6,3.5,1.6,1.1,3.1,0.8,1.8,3.0,,1.2,0.2,-0.2,0.5,0.3,0.9,1.1,1.5,1.8,2.0,1.9,2.2,2.2,,3.2,3.8,4.3,8.2,5.2,6.3,6.1,6.1,5.8,5.3,5.2,5.0,5.0,,1.74,1.74,1.74,1.87,1.84,1.84,1.84,1.84,1.86,1.87,1.86,1.85,1.84,,-3.4,0.3,-3.7,3.3,3.1,7.1,6.5,6.3,5.9,5.3,5.1,5.1,5.3,,-2.6,0.0,1.9,3.0,0.0,0.6000000000000005,0.0,0.0,-0.20000000000000018,-0.8000000000000003,0.40000000000000036,0.0,0.0,,0.8,0.5999999999999999,-1.4,1.0,-0.7,0.0,-0.20000000000000007,0.09999999999999998,0.09999999999999998,0.4999999999999999,-0.30000000000000004,0.09999999999999998,0.0,,0.10000000000000053,-0.10000000000000053,0.40000000000000036,-0.10000000000000053,0.0,-0.20000000000000018,-0.2999999999999998,-0.2999999999999998,-0.5,-0.5,-0.40000000000000036,-0.3000000000000007,-0.20000000000000018,,-0.20000000000000018,1.7999999999999998,-3.0999999999999996,1.7,-1.0000000000000002,-0.6000000000000001,0.30000000000000004,0.19999999999999996,0.10000000000000009,0.09999999999999987,0.09999999999999987,0.09999999999999987,0.19999999999999996,,-0.40000000000000013,-0.3999999999999999,-0.5,0.8999999999999999,0.10000000000000009,-0.19999999999999996,0.0,0.10000000000000009,0.0,0.0,0.09999999999999987,0.0,0.0,,0.10000000000000009,0.9000000000000001,-1.9000000000000001,1.7,-1.0,-0.30000000000000004,0.30000000000000004,0.10000000000000009,0.09999999999999998,0.09999999999999998,0.09999999999999998,0.09999999999999998,0.19999999999999996,,-0.30000000000000004,-0.7,0.30000000000000004,0.9,-0.3999999999999999,0.0,0.0,0.10000000000000009,0.0,0.09999999999999998,0.09999999999999998,0.09999999999999998,0.19999999999999996,,-2.5,0.30000000000000004,1.7999999999999998,2.3,-3.0,1.7000000000000002,-0.10000000000000053,0.0,0.09999999999999964,0.0,-0.10000000000000053,-0.20000000000000018,-0.20000000000000018,,3.0999999999999996,-6.7,11.7,0.5,-3.5999999999999996,5.3,3.3000000000000007,1.3000000000000007,2.4999999999999982,-19.400000000000002,13.4,1.0,0.6999999999999993,,8.3,0.6999999999999993,-3.5,11.7,-9.200000000000001,3.4,5.4,-3.0,0.40000000000000036,-0.9999999999999996,-1.9999999999999998,-0.9000000000000001,0.0,,6.7,-10.3,24.8,-24.2,15.8,-9.299999999999999,-5.1,-1.9,-0.5999999999999999,2.1,-2.2,0.8,1.2,,-1.0000000000000002,-1.0,-0.4,0.6,-0.2,0.6000000000000001,0.20000000000000007,0.3999999999999999,0.30000000000000004,0.19999999999999996,-0.10000000000000009,0.30000000000000027,0.0,,-1.8999999999999995,0.5999999999999996,0.5,3.999999999999999,-0.7000000000000002,0.5999999999999996,-0.20000000000000018,0.09999999999999964,-0.20000000000000018,-0.2999999999999998,0.10000000000000053,0.0,0.09999999999999964,,0.040000000000000036,0.0,0.0,0.13000000000000012,0.040000000000000036,0.08000000000000007,0.07000000000000006,0.050000000000000044,0.06000000000000005,0.050000000000000044,0.040000000000000036,0.040000000000000036,0.040000000000000036,,-6.8,3.6999999999999997,-4.0,6.8,0.30000000000000027,4.8,-0.40000000000000036,-0.5,-0.8999999999999995,-1.2999999999999998,0.0,0.1999999999999993,0.5999999999999996,
2003-12-03,1.4,1.4,3.3,8.2,4.4,5.3,5.5,5.3,4.9,3.8,4.0,3.9,3.7,,1.8,2.4,1.0,1.7,1.1,1.2,0.9,0.9,1.0,1.4,1.1,1.1,1.0,,5.9,5.8,6.2,6.1,6.0,6.0,5.8,5.5,5.3,5.2,5.1,5.0,5.0,,2.0,3.8,0.7,2.4,1.3,1.0,0.9,1.0,1.2,1.2,1.3,1.3,1.4,,1.7,1.3,0.8,1.7,1.8,1.6,1.5,1.5,1.5,1.5,1.5,1.5,1.5,,1.8,2.7,0.8,2.3,0.9,0.8,0.8,0.9,0.9,1.0,1.0,1.0,1.1,,1.5,0.8,1.1,1.7,1.2,1.2,1.1,1.1,1.1,1.1,1.1,1.1,1.1,,1.7,2.0,3.8,6.4,2.0,4.3,4.9,4.7,4.6,4.5,4.4,4.1,3.7,,2.3,-4.4,7.3,14.0,8.1,14.7,13.8,14.1,16.1,-3.0,10.2,10.9,11.6,,9.4,10.1,6.6,23.4,15.0,3.2,3.3,0.6,1.0,0.7,-0.6,-0.8,-0.7,,11.0,0.7,25.5,-0.4,6.8,11.9,3.5,1.4,1.5,2.3,1.6,1.6,2.6,,1.2,0.2,-0.2,2.3,1.1,0.9,1.1,1.5,1.8,2.0,2.0,2.2,2.3,,3.2,3.8,4.3,10.1,5.5,6.6,6.4,6.3,6.0,5.3,5.1,5.0,4.8,,1.74,1.74,1.74,1.88,1.93,1.87,1.88,1.88,1.88,1.86,1.86,1.85,1.84,,-1.9,0.9,-4.0,4.0,4.9,6.4,6.4,6.0,5.9,4.9,4.7,4.6,4.8,,0.0,0.0,0.0,1.8999999999999995,0.0,0.09999999999999964,0.2999999999999998,0.20000000000000018,0.10000000000000053,-0.10000000000000009,-0.20000000000000018,-0.19999999999999973,-0.2999999999999998,,0.0,0.0,0.0,-0.10000000000000009,0.30000000000000004,0.09999999999999987,0.0,-0.09999999999999998,0.0,0.0,0.10000000000000009,0.10000000000000009,0.09999999999999998,,0.0,0.0,0.0,0.0,-0.20000000000000018,0.0,0.0,-0.20000000000000018,-0.10000000000000053,0.0,0.0,-0.09999999999999964,-0.09999999999999964,,0.0,0.0,0.0,0.0,0.10000000000000009,0.30000000000000004,0.0,0.0,0.09999999999999987,0.0,0.10000000000000009,0.10000000000000009,0.09999999999999987,,0.0,0.0,0.0,0.0,0.0,0.10000000000000009,0.0,0.0,0.10000000000000009,0.10000000000000009,0.10000000000000009,0.19999999999999996,0.19999999999999996,,0.0,0.0,0.0,-0.10000000000000009,-0.09999999999999998,0.10000000000000009,0.0,0.09999999999999998,0.0,0.09999999999999998,0.09999999999999998,0.09999999999999998,0.10000000000000009,,0.0,0.0,0.0,-0.10000000000000009,-0.10000000000000009,0.0,0.0,0.0,0.10000000000000009,0.10000000000000009,0.10000000000000009,0.10000000000000009,0.10000000000000009,,0.0,0.0,0.0,0.3000000000000007,0.19999999999999996,-0.20000000000000018,0.3000000000000007,0.20000000000000018,0.09999999999999964,0.09999999999999964,0.10000000000000053,0.0,-0.09999999999999964,,0.0,0.0,0.0,5.9,0.1999999999999993,3.0999999999999996,-0.1999999999999993,-0.40000000000000036,-0.7999999999999972,-0.3999999999999999,-0.3000000000000007,-0.40000000000000036,-0.09999999999999964,,0.0,0.0,0.0,4.399999999999999,9.4,3.4000000000000004,0.2999999999999998,-0.30000000000000004,-2.7,-2.9000000000000004,-1.9,-1.0,-0.19999999999999996,,0.0,0.0,0.0,-1.7000000000000002,-5.500000000000001,3.3000000000000007,0.0,-0.20000000000000018,0.3999999999999999,-0.8000000000000003,0.8,-0.19999999999999996,-0.3999999999999999,,0.0,0.0,0.0,1.7999999999999998,0.8,0.0,0.0,0.0,0.0,0.0,0.10000000000000009,0.0,0.09999999999999964,,0.0,0.0,0.0,1.9000000000000004,0.2999999999999998,0.2999999999999998,0.3000000000000007,0.20000000000000018,0.20000000000000018,0.0,-0.10000000000000053,0.0,-0.20000000000000018,,0.0,0.0,0.0,0.009999999999999787,0.08999999999999986,0.030000000000000027,0.039999999999999813,0.039999999999999813,0.019999999999999796,-0.010000000000000009,0.0,0.0,0.0,,1.5,0.6000000000000001,-0.2999999999999998,0.7000000000000002,1.8000000000000003,-0.6999999999999993,-0.09999999999999964,-0.2999999999999998,0.0,-0.39999999999999947,-0.39999999999999947,-0.5,-0.5,
2004-01-21,2.0,3.1,8.2,4.8,5.0,5.4,5.4,5.4,4.1,4.0,4.0,3.8,,,2.3,1.1,1.6,1.4,1.6,0.6,0.6,0.8,1.3,1.0,1.1,1.0,,,5.8,6.1,6.1,5.9,5.8,5.6,5.4,5.3,5.2,5.1,5.1,5.0,,,3.8,0.7,2.4,0.9,2.5,0.7,0.6,0.9,1.1,1.2,1.2,1.3,,,1.3,0.8,1.7,1.0,1.2,1.3,1.4,1.4,1.4,1.4,1.4,1.4,,,2.8,0.5,1.8,0.6,1.8,0.7,0.6,0.8,0.9,1.0,1.1,1.1,,,0.9,0.8,1.0,0.5,1.0,1.0,1.0,1.0,1.0,1.0,1.1,1.1,,,2.5,3.3,6.9,3.1,3.6,4.6,4.4,4.3,4.2,4.0,3.9,3.7,,,-0.6,7.0,12.8,5.0,10.0,15.0,15.2,17.7,-1.2,11.9,12.8,13.2,,,4.5,4.5,21.9,17.3,11.3,2.2,-2.9,-2.1,-1.4,-0.8,-0.4,0.3,,,-0.2,23.5,1.2,1.7,9.2,6.3,1.6,1.7,1.4,1.4,1.9,1.9,,,-0.5,-0.8,2.0,1.4,1.0,1.1,1.4,1.6,2.0,2.0,2.2,2.1,,,4.3,4.2,10.0,6.3,6.6,6.1,6.0,6.2,5.5,5.1,5.1,4.9,,,1.74,1.74,1.88,2.04,1.92,1.91,1.89,1.88,1.88,1.87,1.86,1.85,,,0.9,-4.0,3.8,6.2,6.5,6.6,6.1,6.0,4.8,4.6,4.7,4.6,,,0.6000000000000001,1.7000000000000002,4.8999999999999995,-3.3999999999999995,0.5999999999999996,0.10000000000000053,-0.09999999999999964,0.10000000000000053,-0.8000000000000007,0.20000000000000018,0.0,-0.10000000000000009,,,0.4999999999999998,-1.2999999999999998,0.6000000000000001,-0.30000000000000004,0.5,-0.6,-0.30000000000000004,-0.09999999999999998,0.30000000000000004,-0.3999999999999999,0.0,-0.10000000000000009,,,-0.10000000000000053,0.2999999999999998,-0.10000000000000053,-0.1999999999999993,-0.20000000000000018,-0.40000000000000036,-0.39999999999999947,-0.20000000000000018,-0.09999999999999964,-0.10000000000000053,0.0,0.0,,,1.7999999999999998,-3.0999999999999996,1.7,-1.5,1.2,-0.30000000000000004,-0.30000000000000004,-0.09999999999999998,-0.09999999999999987,0.0,-0.10000000000000009,0.0,,,-0.3999999999999999,-0.5,0.8999999999999999,-0.7,-0.6000000000000001,-0.30000000000000004,-0.10000000000000009,-0.10000000000000009,-0.10000000000000009,-0.10000000000000009,-0.10000000000000009,-0.10000000000000009,,,0.9999999999999998,-2.2,1.0,-1.6999999999999997,0.9,-0.10000000000000009,-0.20000000000000007,-0.09999999999999998,0.0,0.0,0.10000000000000009,0.10000000000000009,,,-0.6,0.0,-0.10000000000000009,-1.2,-0.19999999999999996,-0.19999999999999996,-0.10000000000000009,-0.10000000000000009,-0.10000000000000009,-0.10000000000000009,0.0,0.0,,,0.8,1.2999999999999998,3.1000000000000005,-3.3000000000000003,1.6,0.2999999999999998,-0.5,-0.40000000000000036,-0.39999999999999947,-0.5,-0.5000000000000004,-0.39999999999999947,,,-2.9,11.4,5.500000000000001,-9.0,1.9000000000000004,0.3000000000000007,1.3999999999999986,3.5999999999999996,-17.3,14.9,2.6000000000000014,2.299999999999999,,,-4.9,-5.6,15.299999999999999,-6.099999999999998,-3.6999999999999993,-1.0,-6.199999999999999,-2.7,-2.4,-1.5,0.19999999999999996,1.1,,,-11.2,22.8,-24.3,2.1,2.3999999999999995,-5.6000000000000005,-1.9,0.30000000000000004,-0.10000000000000009,-0.8999999999999999,0.2999999999999998,0.2999999999999998,,,-1.7,-1.0,2.2,-0.8999999999999999,-0.10000000000000009,0.20000000000000007,0.2999999999999998,0.10000000000000009,0.19999999999999996,0.0,0.20000000000000018,-0.10000000000000009,,,1.0999999999999996,0.40000000000000036,5.7,-3.8,1.0999999999999996,-0.5,-0.40000000000000036,-0.09999999999999964,-0.5,-0.20000000000000018,0.0,-0.09999999999999964,,,0.0,0.0,0.1399999999999999,0.16000000000000014,-0.010000000000000009,0.039999999999999813,0.010000000000000009,0.0,0.0,0.010000000000000009,0.0,0.0,,,2.8,-4.9,7.8,2.2,1.5999999999999996,0.1999999999999993,-0.3000000000000007,0.0,-1.1000000000000005,-0.3000000000000007,0.0,0.0,,
2004-03-11,2.0,3.1,8.2,4.0,4.4,4.9,5.3,5.3,4.1,4.0,4.0,3.9,,,2.3,1.1,1.6,1.3,2.1,0.9,0.4,0.7,1.3,1.1,1.1,1.1,,,5.8,6.1,6.1,5.9,5.6,5.6,5.5,5.5,5.4,5.3,5.3,5.2,,,3.8,0.7,2.4,0.7,3.3,1.4,0.2,0.7,1.0,1.1,1.1,1.2,,,1.3,1.0,1.5,0.8,1.3,1.3,1.4,1.4,1.4,1.4,1.4,1.4,,,2.8,0.5,1.8,0.7,2.6,1.3,0.1,0.6,0.8,0.9,0.9,0.9,,,0.9,0.8,1.0,0.7,1.3,1.1,1.0,1.0,1.0,1.0,1.0,1.0,,,2.5,3.3,6.9,2.8,3.4,4.8,4.4,4.2,4.1,4.0,4.0,3.8,,,-0.6,7.0,12.8,10.5,10.1,14.7,15.4,18.0,-0.2,11.7,12.0,12.1,,,4.5,4.5,21.9,7.9,4.1,6.9,0.6,-1.1,-0.4,-0.7,-0.4,-0.1,,,-0.2,23.5,1.2,1.6,7.7,6.5,2.0,1.9,1.7,1.8,1.6,1.9,,,-0.5,-0.8,2.1,-0.6,0.2,1.1,1.4,1.7,2.0,2.1,2.3,2.4,,,4.3,4.2,10.0,5.3,6.6,5.8,5.7,6.0,5.5,5.1,5.1,5.0,,,1.74,1.74,1.88,2.03,1.9,1.89,1.89,1.89,1.88,1.87,1.86,1.85,,,0.9,-4.0,3.8,5.4,7.0,5.7,4.5,4.7,4.3,3.8,3.8,3.9,,,0.0,0.0,0.0,-0.7999999999999998,-0.5999999999999996,-0.5,-0.10000000000000053,-0.10000000000000053,0.0,0.0,0.0,0.10000000000000009,,,0.0,0.0,0.0,-0.09999999999999987,0.5,0.30000000000000004,-0.19999999999999996,-0.10000000000000009,0.0,0.10000000000000009,0.0,0.10000000000000009,,,0.0,0.0,0.0,0.0,-0.20000000000000018,0.0,0.09999999999999964,0.20000000000000018,0.20000000000000018,0.20000000000000018,0.20000000000000018,0.20000000000000018,,,0.0,0.0,0.0,-0.20000000000000007,0.7999999999999998,0.7,-0.39999999999999997,-0.20000000000000007,-0.10000000000000009,-0.09999999999999987,-0.09999999999999987,-0.10000000000000009,,,0.0,0.19999999999999996,-0.19999999999999996,-0.19999999999999996,0.10000000000000009,0.0,0.0,0.0,0.0,0.0,0.0,0.0,,,0.0,0.0,0.0,0.09999999999999998,0.8,0.6000000000000001,-0.5,-0.20000000000000007,-0.09999999999999998,-0.09999999999999998,-0.20000000000000007,-0.20000000000000007,,,0.0,0.0,0.0,0.19999999999999996,0.30000000000000004,0.10000000000000009,0.0,0.0,0.0,0.0,-0.10000000000000009,-0.10000000000000009,,,0.0,0.0,0.0,-0.30000000000000027,-0.20000000000000018,0.20000000000000018,0.0,-0.09999999999999964,-0.10000000000000053,0.0,0.10000000000000009,0.09999999999999964,,,0.0,0.0,0.0,5.5,0.09999999999999964,-0.3000000000000007,0.20000000000000107,0.3000000000000007,1.0,-0.20000000000000107,-0.8000000000000007,-1.0999999999999996,,,0.0,0.0,0.0,-9.4,-7.200000000000001,4.7,3.5,1.0,0.9999999999999999,0.10000000000000009,0.0,-0.4,,,0.0,0.0,0.0,-0.09999999999999987,-1.4999999999999991,0.20000000000000018,0.3999999999999999,0.19999999999999996,0.30000000000000004,0.40000000000000013,-0.2999999999999998,0.0,,,0.0,0.0,0.10000000000000009,-2.0,-0.8,0.0,0.0,0.09999999999999987,0.0,0.10000000000000009,0.09999999999999964,0.2999999999999998,,,0.0,0.0,0.0,-1.0,0.0,-0.2999999999999998,-0.2999999999999998,-0.20000000000000018,0.0,0.0,0.0,0.09999999999999964,,,0.0,0.0,0.0,-0.010000000000000231,-0.020000000000000018,-0.020000000000000018,0.0,0.010000000000000009,0.0,0.0,0.0,0.0,,,0.0,0.0,0.0,-0.7999999999999998,0.5,-0.8999999999999995,-1.5999999999999996,-1.2999999999999998,-0.5,-0.7999999999999998,-0.9000000000000004,-0.6999999999999997,,
2004-04-28,3.1,8.2,4.1,5.2,4.6,5.1,5.1,4.0,3.8,3.7,3.6,,,,1.1,1.6,1.5,2.3,1.6,0.6,0.7,1.4,1.2,1.2,1.2,,,,6.1,6.1,5.9,5.6,5.6,5.5,5.4,5.3,5.3,5.2,5.2,,,,0.7,2.4,0.7,3.5,2.2,0.6,0.9,1.2,1.3,1.4,1.4,,,,1.0,1.5,0.8,1.9,2.0,1.6,1.6,1.6,1.6,1.6,1.6,,,,0.5,1.8,1.0,2.9,1.8,0.6,0.7,1.0,1.1,1.1,1.2,,,,0.8,1.0,1.2,1.6,1.6,1.2,1.2,1.2,1.2,1.2,1.2,,,,3.3,6.9,3.2,4.0,5.1,4.4,4.2,4.1,4.0,3.9,3.9,,,,7.0,12.8,10.9,6.9,14.2,16.2,17.1,-0.9,10.7,11.0,10.9,,,,4.5,21.9,7.9,3.8,8.4,-2.1,-3.7,-2.3,-1.2,-0.9,-0.4,,,,23.5,1.2,0.7,12.4,3.1,2.0,1.9,1.7,1.8,1.6,1.9,,,,-0.8,2.1,-0.5,-1.4,1.1,1.4,1.7,2.0,2.2,2.3,2.5,,,,4.2,10.0,5.7,7.6,6.2,5.7,5.8,5.5,5.1,4.9,4.9,,,,1.74,1.88,2.03,1.94,1.89,1.88,1.87,1.86,1.84,1.83,1.82,,,,-4.0,3.8,5.6,6.6,4.2,4.9,4.5,4.2,4.0,3.8,3.8,,,,1.1,5.1,-4.1,1.2000000000000002,0.1999999999999993,0.1999999999999993,-0.20000000000000018,-1.2999999999999998,-0.2999999999999998,-0.2999999999999998,-0.3999999999999999,,,,-1.1999999999999997,0.5,-0.10000000000000009,0.9999999999999998,-0.5,-0.30000000000000004,0.29999999999999993,0.7,-0.10000000000000009,0.09999999999999987,0.09999999999999987,,,,0.2999999999999998,0.0,-0.1999999999999993,-0.3000000000000007,0.0,-0.09999999999999964,-0.09999999999999964,-0.20000000000000018,-0.10000000000000053,-0.09999999999999964,-0.09999999999999964,,,,-3.0999999999999996,1.7,-1.7,2.8,-1.0999999999999996,-0.7999999999999999,0.7,0.5,0.30000000000000004,0.2999999999999998,0.2999999999999998,,,,-0.30000000000000004,0.5,-0.7,1.0999999999999999,0.7,0.30000000000000004,0.20000000000000018,0.20000000000000018,0.20000000000000018,0.20000000000000018,0.20000000000000018,,,,-2.3,1.3,-0.8,2.2,-0.8,-0.7000000000000001,0.6,0.4,0.30000000000000004,0.20000000000000007,0.29999999999999993,,,,-0.09999999999999998,0.19999999999999996,0.19999999999999996,0.9000000000000001,0.30000000000000004,0.09999999999999987,0.19999999999999996,0.19999999999999996,0.19999999999999996,0.19999999999999996,0.19999999999999996,,,,0.7999999999999998,3.6000000000000005,-3.7,1.2000000000000002,1.6999999999999997,-0.39999999999999947,-0.20000000000000018,-0.10000000000000053,-0.09999999999999964,-0.10000000000000009,-0.10000000000000009,,,,7.6,5.800000000000001,-1.9000000000000004,-3.5999999999999996,4.1,1.5,1.700000000000001,-18.9,10.899999999999999,-0.6999999999999993,-1.0999999999999996,,,,0.0,17.4,-13.999999999999998,-4.1000000000000005,4.300000000000001,-9.0,-4.3,-1.1999999999999997,-0.7999999999999999,-0.20000000000000007,0.0,,,,23.7,-22.3,-0.5,10.8,-4.6,-4.5,-0.10000000000000009,-0.19999999999999996,0.10000000000000009,-0.19999999999999996,0.2999999999999998,,,,-0.30000000000000004,2.9000000000000004,-2.6,-0.7999999999999999,0.9000000000000001,0.2999999999999998,0.30000000000000004,0.30000000000000004,0.20000000000000018,0.19999999999999973,0.20000000000000018,,,,-0.09999999999999964,5.8,-4.3,2.3,-0.39999999999999947,-0.09999999999999964,0.09999999999999964,-0.5,-0.40000000000000036,-0.1999999999999993,-0.1999999999999993,,,,0.0,0.1399999999999999,0.1499999999999999,-0.08999999999999986,-0.010000000000000009,-0.010000000000000009,-0.019999999999999796,-0.029999999999999805,-0.039999999999999813,-0.040000000000000036,-0.040000000000000036,,,,-4.9,7.8,1.7999999999999998,1.1999999999999993,-2.8,-0.7999999999999998,0.0,-0.5,-0.2999999999999998,0.0,0.0,,,
2004-06-23,3.1,8.2,4.1,4.4,4.7,5.2,4.9,3.7,3.6,3.6,3.5,,,,1.1,1.6,1.5,2.7,2.6,1.1,0.8,1.5,1.3,1.3,1.3,,,,6.1,6.1,5.9,5.6,5.6,5.4,5.3,5.2,5.2,5.2,5.2,,,,0.7,2.4,0.7,3.5,4.5,2.0,1.0,1.3,1.5,1.7,1.7,,,,1.0,1.5,0.8,1.9,3.1,2.2,2.0,2.0,2.0,2.0,2.0,,,,0.5,1.8,1.0,3.0,3.0,1.6,1.0,1.1,1.2,1.3,1.3,,,,0.8,1.0,1.2,1.7,1.6,1.7,1.6,1.6,1.5,1.4,1.4,,,,3.3,6.9,3.2,4.0,3.4,4.6,4.5,4.1,3.9,3.7,3.6,,,,7.0,12.8,10.9,6.7,14.2,14.1,17.1,0.1,12.2,11.9,12.1,,,,4.5,21.9,7.9,4.5,18.8,-2.7,-7.0,-3.6,-1.5,-0.9,-1.4,,,,23.5,1.2,0.7,9.1,3.1,2.7,1.8,1.6,1.8,1.6,1.8,,,,-0.8,2.1,-0.5,0.2,2.9,1.5,1.8,2.3,2.4,2.6,2.8,,,,4.2,10.0,5.7,7.2,7.4,6.3,5.7,5.3,4.9,4.9,4.8,,,,1.75,1.88,2.04,1.94,1.97,1.9,1.88,1.85,1.84,1.84,1.83,,,,-4.0,3.8,5.6,6.7,8.0,7.1,6.5,4.4,4.2,4.4,4.1,,,,0.0,0.0,0.0,-0.7999999999999998,0.10000000000000053,0.10000000000000053,-0.1999999999999993,-0.2999999999999998,-0.19999999999999973,-0.10000000000000009,-0.10000000000000009,,,,0.0,0.0,0.0,0.40000000000000036,1.0,0.5000000000000001,0.10000000000000009,0.10000000000000009,0.10000000000000009,0.10000000000000009,0.10000000000000009,,,,0.0,0.0,0.0,0.0,0.0,-0.09999999999999964,-0.10000000000000053,-0.09999999999999964,-0.09999999999999964,0.0,0.0,,,,0.0,0.0,0.0,0.0,2.3,1.4,0.09999999999999998,0.10000000000000009,0.19999999999999996,0.30000000000000004,0.30000000000000004,,,,0.0,0.0,0.0,0.0,1.1,0.6000000000000001,0.3999999999999999,0.3999999999999999,0.3999999999999999,0.3999999999999999,0.3999999999999999,,,,0.0,0.0,0.0,0.10000000000000009,1.2,1.0,0.30000000000000004,0.10000000000000009,0.09999999999999987,0.19999999999999996,0.10000000000000009,,,,0.0,0.0,0.0,0.09999999999999987,0.0,0.5,0.40000000000000013,0.40000000000000013,0.30000000000000004,0.19999999999999996,0.19999999999999996,,,,0.0,0.0,0.0,0.0,-1.6999999999999997,0.1999999999999993,0.2999999999999998,0.0,-0.10000000000000009,-0.19999999999999973,-0.2999999999999998,,,,0.0,0.0,0.0,-0.20000000000000018,0.0,-2.0999999999999996,0.0,1.0,1.5,0.9000000000000004,1.1999999999999993,,,,0.0,0.0,0.0,0.7000000000000002,10.4,-0.6000000000000001,-3.3,-1.3000000000000003,-0.30000000000000004,0.0,-0.9999999999999999,,,,0.0,0.0,0.0,-3.3000000000000007,0.0,0.7000000000000002,-0.09999999999999987,-0.09999999999999987,0.0,0.0,-0.09999999999999987,,,,0.0,0.0,0.0,1.5999999999999999,1.7999999999999998,0.10000000000000009,0.10000000000000009,0.2999999999999998,0.19999999999999973,0.30000000000000027,0.2999999999999998,,,,0.0,0.0,0.0,-0.39999999999999947,1.2000000000000002,0.5999999999999996,-0.09999999999999964,-0.20000000000000018,-0.1999999999999993,0.0,-0.10000000000000053,,,,0.010000000000000009,0.0,0.010000000000000231,0.0,0.08000000000000007,0.020000000000000018,0.009999999999999787,-0.010000000000000009,0.0,0.010000000000000009,0.010000000000000009,,,,0.0,0.0,0.0,0.10000000000000053,3.8,2.1999999999999993,2.0,0.20000000000000018,0.20000000000000018,0.6000000000000005,0.2999999999999998,,,
2004-08-05,7.4,4.2,4.5,3.1,3.9,4.7,3.9,3.6,3.6,3.6,,,,,1.4,1.6,2.8,3.2,0.9,1.2,1.9,1.6,1.6,1.5,,,,,6.1,5.9,5.6,5.6,5.6,5.5,5.4,5.4,5.4,5.3,,,,,2.4,0.7,3.5,4.8,2.1,1.3,1.2,1.5,1.5,1.6,,,,,1.5,0.8,1.9,2.9,2.0,2.0,1.9,1.9,1.8,1.8,,,,,1.6,1.2,3.3,3.3,1.7,1.2,1.1,1.3,1.3,1.3,,,,,0.9,1.3,2.1,1.8,1.7,1.6,1.5,1.5,1.4,1.4,,,,,5.0,3.6,4.1,1.0,4.1,4.4,4.1,4.0,3.8,3.8,,,,,15.7,11.0,4.2,9.4,13.4,17.0,1.0,13.2,12.7,13.2,,,,,22.5,9.6,5.0,16.5,-1.2,-4.9,-2.0,1.4,0.6,0.0,,,,,-3.3,4.8,7.1,2.7,4.2,1.8,1.5,1.7,1.6,1.7,,,,,2.2,-0.1,0.0,2.5,1.5,1.7,2.2,2.4,2.5,2.7,,,,,8.8,5.7,7.4,6.4,4.9,6.0,5.9,5.2,5.2,5.1,,,,,1.88,2.04,1.94,1.91,1.93,1.89,1.88,1.88,1.87,1.87,,,,,3.8,5.6,6.6,6.0,5.1,7.1,5.4,4.5,4.3,4.3,,,,,4.300000000000001,-3.999999999999999,0.40000000000000036,-1.3000000000000003,-0.8000000000000003,-0.5,-1.0000000000000004,-0.10000000000000009,0.0,0.0,,,,,0.2999999999999998,0.0,1.2999999999999998,0.5,-1.7000000000000002,0.09999999999999987,1.0999999999999999,0.10000000000000009,0.30000000000000004,0.19999999999999996,,,,,0.0,-0.1999999999999993,-0.3000000000000007,0.0,0.0,0.09999999999999964,0.10000000000000053,0.20000000000000018,0.20000000000000018,0.09999999999999964,,,,,1.7,-1.7,2.8,1.2999999999999998,-2.4,-0.7,0.19999999999999996,0.19999999999999996,0.0,-0.09999999999999987,,,,,0.5,-0.7,1.0999999999999999,1.0,-1.1,-0.20000000000000018,-0.10000000000000009,-0.10000000000000009,-0.19999999999999996,-0.19999999999999996,,,,,1.1,-0.6000000000000001,2.3,0.2999999999999998,-1.3,-0.40000000000000013,0.10000000000000009,0.19999999999999996,0.10000000000000009,0.0,,,,,0.09999999999999998,0.30000000000000004,0.9000000000000001,0.10000000000000009,0.09999999999999987,-0.09999999999999987,-0.10000000000000009,-0.10000000000000009,-0.10000000000000009,0.0,,,,,1.7000000000000002,-3.3000000000000003,0.8999999999999995,-3.0,0.6999999999999997,-0.1999999999999993,-0.40000000000000036,-0.09999999999999964,-0.10000000000000009,0.09999999999999964,,,,,8.7,-1.8000000000000007,-6.7,2.7,-0.7999999999999989,2.9000000000000004,-16.1,13.1,0.5,1.299999999999999,,,,,18.0,-12.299999999999999,-2.9000000000000004,12.0,-20.0,-2.2,5.0,5.0,2.1,0.9,,,,,-26.8,3.5999999999999996,6.3999999999999995,-6.3999999999999995,1.1,-0.9000000000000001,-0.30000000000000004,0.09999999999999987,-0.19999999999999996,0.09999999999999987,,,,,3.0,-2.2,0.5,2.3,-1.4,0.19999999999999996,0.40000000000000013,0.10000000000000009,0.10000000000000009,0.10000000000000009,,,,,4.6000000000000005,-4.3,1.7000000000000002,-0.7999999999999998,-2.5,-0.2999999999999998,0.20000000000000018,-0.09999999999999964,0.2999999999999998,0.1999999999999993,,,,,0.1299999999999999,0.16000000000000014,-0.10000000000000009,-0.030000000000000027,-0.040000000000000036,-0.010000000000000009,0.0,0.029999999999999805,0.030000000000000027,0.030000000000000027,,,,,7.8,1.7999999999999998,1.0,-0.7000000000000002,-2.9000000000000004,0.0,-1.0999999999999996,0.09999999999999964,0.09999999999999964,-0.10000000000000053,,,,
2004-09-15,7.4,4.2,4.5,3.3,3.6,4.1,3.7,3.8,3.9,3.9,4.0,4.0,4.0,4.0,1.4,1.6,2.8,3.2,0.8,1.1,2.1,1.7,1.5,1.5,1.9,1.5,1.5,1.4,6.1,5.9,5.6,5.6,5.5,5.5,5.4,5.4,5.4,5.3,5.3,5.2,5.2,5.1,2.4,0.7,3.5,4.8,1.8,1.1,1.6,1.5,1.5,1.5,1.5,1.5,1.5,1.5,1.5,0.8,1.9,2.9,1.5,1.8,1.9,1.9,1.8,1.8,1.7,1.7,1.7,1.7,1.6,1.2,3.3,3.2,1.3,1.2,1.4,1.3,1.3,1.3,1.3,1.2,1.3,1.3,0.9,1.3,2.1,1.7,1.0,1.5,1.5,1.5,1.4,1.4,1.3,1.3,1.3,1.3,5.0,3.6,4.1,1.5,3.7,4.1,4.0,4.0,3.9,3.9,4.1,4.1,4.1,4.1,15.7,11.0,4.2,12.0,10.9,12.6,-0.1,12.7,13.0,12.7,10.1,10.1,10.0,9.6,22.5,9.6,5.0,16.3,-0.8,-0.5,0.2,3.3,4.1,2.5,3.7,5.4,4.2,2.2,-3.3,4.8,7.1,2.7,8.0,0.5,1.7,2.8,2.3,2.0,2.1,2.4,2.3,3.1,2.2,-0.1,0.0,2.1,1.6,1.7,2.2,2.4,2.5,2.7,2.8,2.8,2.8,2.8,8.8,5.7,7.4,6.6,4.5,5.2,5.8,5.5,5.5,5.5,6.0,5.6,5.6,5.5,1.88,2.04,1.94,1.92,1.98,1.94,1.94,1.95,1.95,1.95,1.96,1.96,1.97,1.97,3.8,5.6,6.6,4.8,4.0,6.5,5.1,4.9,4.9,4.5,4.9,4.4,4.3,4.6,0.0,0.0,0.0,0.19999999999999973,-0.2999999999999998,-0.6000000000000005,-0.19999999999999973,0.19999999999999973,0.2999999999999998,0.2999999999999998,,,,,0.0,0.0,0.0,0.0,-0.09999999999999998,-0.09999999999999987,0.20000000000000018,0.09999999999999987,-0.10000000000000009,0.0,,,,,0.0,0.0,0.0,0.0,-0.09999999999999964,0.0,0.0,0.0,0.0,0.0,,,,,0.0,0.0,0.0,0.0,-0.30000000000000004,-0.19999999999999996,0.40000000000000013,0.0,0.0,-0.10000000000000009,,,,,0.0,0.0,0.0,0.0,-0.5,-0.19999999999999996,0.0,0.0,0.0,0.0,,,,,0.0,0.0,0.0,-0.09999999999999964,-0.3999999999999999,0.0,0.2999999999999998,0.0,0.0,0.0,,,,,0.0,0.0,0.0,-0.10000000000000009,-0.7,-0.10000000000000009,0.0,0.0,0.0,0.0,,,,,0.0,0.0,0.0,0.5,-0.39999999999999947,-0.3000000000000007,-0.09999999999999964,0.0,0.10000000000000009,0.10000000000000009,,,,,0.0,0.0,0.0,2.5999999999999996,-2.5,-4.4,-1.1,-0.5,0.3000000000000007,-0.5,,,,,0.0,0.0,0.0,-0.1999999999999993,0.3999999999999999,4.4,2.2,1.9,3.4999999999999996,2.5,,,,,0.0,0.0,0.0,0.0,3.8,-1.3,0.19999999999999996,1.0999999999999999,0.6999999999999997,0.30000000000000004,,,,,0.0,0.0,0.0,-0.3999999999999999,0.10000000000000009,0.0,0.0,0.0,0.0,0.0,,,,,0.0,0.0,0.0,0.1999999999999993,-0.40000000000000036,-0.7999999999999998,-0.10000000000000053,0.2999999999999998,0.2999999999999998,0.40000000000000036,,,,,0.0,0.0,0.0,0.010000000000000009,0.050000000000000044,0.050000000000000044,0.06000000000000005,0.07000000000000006,0.07999999999999985,0.07999999999999985,,,,,0.0,0.0,0.0,-1.2000000000000002,-1.0999999999999996,-0.5999999999999996,-0.3000000000000007,0.40000000000000036,0.6000000000000005,0.20000000000000018,,,,
2004-11-03,4.2,4.5,3.3,3.4,3.4,3.1,3.8,3.9,3.9,3.9,4.0,4.0,4.0,,1.6,2.8,3.2,1.3,1.7,1.6,1.3,1.4,1.5,1.8,1.5,1.5,1.4,,5.9,5.6,5.6,5.5,5.5,5.5,5.4,5.4,5.4,5.4,5.3,5.2,5.1,,0.7,3.5,4.8,1.9,3.2,1.6,1.1,1.3,1.5,1.5,1.6,1.5,1.6,,0.8,1.9,2.9,1.6,2.3,2.0,1.9,1.9,1.8,1.8,1.8,1.7,1.7,,1.2,3.3,3.1,1.1,2.5,1.3,1.0,1.1,1.3,1.3,1.3,1.3,1.3,,1.3,2.1,1.7,0.7,1.5,1.6,1.5,1.5,1.4,1.4,1.4,1.3,1.3,,3.6,4.1,1.6,4.6,2.9,3.3,3.8,3.8,3.9,3.9,4.0,4.0,4.0,,11.0,4.2,12.5,11.2,10.6,0.5,10.7,11.5,10.1,9.3,9.0,9.0,9.0,,9.6,5.0,16.5,2.1,0.8,2.9,1.9,1.9,2.3,3.8,3.9,3.9,3.9,,4.8,7.1,2.7,4.5,0.2,8.4,2.1,2.1,1.7,1.9,2.0,2.0,2.2,,-0.1,0.0,1.9,-1.0,1.7,2.2,2.4,2.6,2.8,2.8,2.8,2.8,2.8,,5.7,7.4,6.6,4.8,5.2,4.8,5.2,5.4,5.5,5.8,5.6,5.5,5.4,,2.04,1.94,1.92,1.97,1.98,1.93,1.94,1.94,1.95,1.96,1.96,1.96,1.97,,5.6,6.6,4.9,2.9,4.6,4.7,4.8,5.0,5.0,4.6,4.4,4.4,4.6,,-3.2,0.2999999999999998,-1.2000000000000002,0.10000000000000009,-0.20000000000000018,-0.9999999999999996,0.09999999999999964,0.10000000000000009,0.0,0.0,0.0,0.0,0.0,,0.20000000000000018,1.1999999999999997,0.40000000000000036,-1.9000000000000001,0.8999999999999999,0.5,-0.8,-0.30000000000000004,0.0,0.30000000000000004,-0.3999999999999999,0.0,-0.10000000000000009,,-0.1999999999999993,-0.3000000000000007,0.0,-0.09999999999999964,0.0,0.0,0.0,0.0,0.0,0.10000000000000053,0.0,0.0,-0.10000000000000053,,-1.7,2.8,1.2999999999999998,-2.9,1.4000000000000001,0.5,-0.5,-0.19999999999999996,0.0,0.0,0.10000000000000009,0.0,0.10000000000000009,,-0.7,1.0999999999999999,1.0,-1.2999999999999998,0.7999999999999998,0.19999999999999996,0.0,0.0,0.0,0.0,0.10000000000000009,0.0,0.0,,-0.40000000000000013,2.0999999999999996,-0.19999999999999973,-2.1,1.2,0.10000000000000009,-0.3999999999999999,-0.19999999999999996,0.0,0.0,0.0,0.10000000000000009,0.0,,0.4,0.8,-0.40000000000000013,-1.0,0.5,0.10000000000000009,0.0,0.0,0.0,0.0,0.09999999999999987,0.0,0.0,,-1.4,0.49999999999999956,-2.4999999999999996,3.0999999999999996,-0.8000000000000003,-0.7999999999999998,-0.20000000000000018,-0.20000000000000018,0.0,0.0,-0.09999999999999964,-0.09999999999999964,-0.09999999999999964,,-4.699999999999999,-6.8,8.3,-0.8000000000000007,-0.3000000000000007,-12.1,10.799999999999999,-1.1999999999999993,-2.9000000000000004,-3.3999999999999986,-1.0999999999999996,-1.0999999999999996,-1.0,,-12.9,-4.6,11.5,-14.200000000000001,1.6,3.4,1.7,-1.4,-1.7999999999999998,1.2999999999999998,0.19999999999999973,-1.5000000000000004,-0.30000000000000027,,8.1,2.3,-4.3999999999999995,1.7999999999999998,-7.8,7.9,0.40000000000000013,-0.6999999999999997,-0.5999999999999999,-0.10000000000000009,-0.10000000000000009,-0.3999999999999999,-0.09999999999999964,,-2.3000000000000003,0.1,1.9,-3.1,0.09999999999999987,0.5000000000000002,0.19999999999999973,0.20000000000000018,0.2999999999999998,0.09999999999999964,0.0,0.0,0.0,,-3.1000000000000005,1.7000000000000002,-0.8000000000000007,-1.7999999999999998,0.7000000000000002,-0.40000000000000036,-0.5999999999999996,-0.09999999999999964,0.0,0.2999999999999998,-0.40000000000000036,-0.09999999999999964,-0.1999999999999993,,0.16000000000000014,-0.10000000000000009,-0.020000000000000018,0.050000000000000044,0.0,-0.010000000000000009,0.0,-0.010000000000000009,0.0,0.010000000000000009,0.0,0.0,0.0,,1.7999999999999998,1.0,-1.6999999999999993,-1.9,0.5999999999999996,-1.7999999999999998,-0.2999999999999998,0.09999999999999964,0.09999999999999964,0.09999999999999964,-0.5,0.0,0.2999999999999998,
2004-12-08,4.2,4.5,3.3,3.7,3.7,3.4,4.0,4.1,4.0,3.8,3.7,3.7,3.7,,1.6,2.8,3.2,1.3,1.9,1.6,1.3,1.5,1.6,1.9,1.5,1.5,1.5,,5.9,5.6,5.6,5.5,5.4,5.4,5.3,5.3,5.3,5.2,5.2,5.1,5.1,,0.7,3.5,4.8,1.9,3.6,0.6,1.4,1.7,1.7,1.7,1.6,1.7,1.7,,0.8,1.9,2.9,1.6,2.4,2.1,2.0,2.0,1.9,1.9,1.8,1.8,1.8,,1.2,3.3,3.1,1.1,2.4,0.7,1.3,1.4,1.4,1.3,1.3,1.4,1.4,,1.3,2.1,1.7,0.7,1.5,1.6,1.6,1.5,1.5,1.4,1.4,1.4,1.4,,3.6,4.1,1.6,5.1,3.3,3.7,4.1,4.1,3.9,4.0,3.8,3.8,3.8,,11.0,4.2,12.5,12.8,9.1,-1.3,8.8,9.4,9.0,8.5,8.4,8.4,8.1,,9.6,5.0,16.5,1.5,1.0,2.6,2.6,2.5,2.2,2.0,1.4,1.2,1.0,,4.8,7.1,2.7,4.7,1.4,6.2,1.7,1.7,1.4,1.8,1.9,1.9,2.2,,-0.1,0.0,1.9,-1.5,1.8,2.2,2.4,2.6,2.8,2.8,2.8,2.8,2.8,,5.7,7.4,6.6,5.1,5.6,5.1,5.4,5.7,5.7,5.8,5.3,5.2,5.2,,2.04,1.94,1.92,1.97,1.98,1.95,1.95,1.95,1.95,1.95,1.94,1.94,1.94,,5.6,6.6,4.9,3.2,4.3,4.6,4.7,5.0,5.0,4.6,4.3,4.1,4.2,,0.0,0.0,0.0,0.30000000000000027,0.30000000000000027,0.2999999999999998,0.20000000000000018,0.19999999999999973,0.10000000000000009,-0.10000000000000009,-0.2999999999999998,-0.2999999999999998,-0.2999999999999998,,0.0,0.0,0.0,0.0,0.19999999999999996,0.0,0.0,0.10000000000000009,0.10000000000000009,0.09999999999999987,0.0,0.0,0.10000000000000009,,0.0,0.0,0.0,0.0,-0.09999999999999964,-0.09999999999999964,-0.10000000000000053,-0.10000000000000053,-0.10000000000000053,-0.20000000000000018,-0.09999999999999964,-0.10000000000000053,0.0,,0.0,0.0,0.0,0.0,0.3999999999999999,-1.0,0.2999999999999998,0.3999999999999999,0.19999999999999996,0.19999999999999996,0.0,0.19999999999999996,0.09999999999999987,,0.0,0.0,0.0,0.0,0.10000000000000009,0.10000000000000009,0.10000000000000009,0.10000000000000009,0.09999999999999987,0.09999999999999987,0.0,0.10000000000000009,0.10000000000000009,,0.0,0.0,0.0,0.0,-0.10000000000000009,-0.6000000000000001,0.30000000000000004,0.2999999999999998,0.09999999999999987,0.0,0.0,0.09999999999999987,0.09999999999999987,,0.0,0.0,0.0,0.0,0.0,0.0,0.10000000000000009,0.0,0.10000000000000009,0.0,0.0,0.09999999999999987,0.09999999999999987,,0.0,0.0,0.0,0.5,0.3999999999999999,0.40000000000000036,0.2999999999999998,0.2999999999999998,0.0,0.10000000000000009,-0.20000000000000018,-0.20000000000000018,-0.20000000000000018,,0.0,0.0,0.0,1.6000000000000014,-1.5,-1.8,-1.8999999999999986,-2.0999999999999996,-1.0999999999999996,-0.8000000000000007,-0.5999999999999996,-0.5999999999999996,-0.9000000000000004,,0.0,0.0,0.0,-0.6000000000000001,0.19999999999999996,-0.2999999999999998,0.7000000000000002,0.6000000000000001,-0.09999999999999964,-1.7999999999999998,-2.5,-2.7,-2.9,,0.0,0.0,0.0,0.20000000000000018,1.2,-2.2,-0.40000000000000013,-0.40000000000000013,-0.30000000000000004,-0.09999999999999987,-0.10000000000000009,-0.10000000000000009,0.0,,0.0,0.0,0.0,-0.5,0.10000000000000009,0.0,0.0,0.0,0.0,0.0,0.0,0.0,0.0,,0.0,0.0,0.0,0.2999999999999998,0.39999999999999947,0.2999999999999998,0.20000000000000018,0.2999999999999998,0.20000000000000018,0.0,-0.2999999999999998,-0.2999999999999998,-0.20000000000000018,,0.0,0.0,0.0,0.0,0.0,0.020000000000000018,0.010000000000000009,0.010000000000000009,0.0,-0.010000000000000009,-0.020000000000000018,-0.020000000000000018,-0.030000000000000027,,0.0,0.0,0.0,0.30000000000000027,-0.2999999999999998,-0.10000000000000053,-0.09999999999999964,0.0,0.0,0.0,-0.10000000000000053,-0.3000000000000007,-0.39999999999999947,
2005-01-26,4.5,3.3,4.0,3.5,3.8,4.0,3.9,3.8,3.7,3.6,3.6,3.6,,,2.8,3.2,1.4,1.9,1.3,1.6,1.6,1.5,1.9,1.6,1.5,1.4,,,5.6,5.6,5.5,5.4,5.4,5.3,5.3,5.3,5.3,5.2,5.2,5.1,,,3.5,4.8,1.9,3.4,1.0,1.8,1.7,1.6,1.6,1.6,1.6,1.6,,,1.9,2.9,1.6,2.3,1.9,2.0,2.0,1.9,1.9,1.9,1.8,1.8,,,3.3,3.1,1.3,2.3,0.9,1.6,1.4,1.4,1.3,1.3,1.3,1.3,,,2.1,1.7,0.9,1.4,1.4,1.6,1.6,1.5,1.4,1.4,1.4,1.4,,,4.1,1.6,5.1,4.6,3.7,4.0,3.8,3.7,3.7,3.7,3.7,3.7,,,4.2,12.5,13.0,8.3,-3.2,10.0,9.1,8.4,8.2,8.5,8.5,8.2,,,5.0,16.5,1.6,3.9,3.1,4.2,1.5,1.8,1.4,1.1,0.4,1.0,,,7.1,2.7,4.8,-4.0,6.6,3.7,3.1,2.5,1.7,1.9,1.8,2.1,,,0.0,1.9,-1.7,1.5,2.3,2.5,2.5,2.8,2.8,2.8,2.8,2.8,,,7.4,6.6,5.5,5.4,5.1,5.6,5.6,5.4,5.7,5.2,5.1,5.1,,,1.94,1.92,1.97,1.96,1.97,1.96,1.95,1.95,1.95,1.94,1.94,1.94,,,5.6,4.3,2.7,4.1,6.6,4.6,5.1,5.1,5.2,4.5,4.0,4.1,,,0.2999999999999998,-1.2000000000000002,0.7000000000000002,-0.20000000000000018,0.09999999999999964,0.6000000000000001,-0.10000000000000009,-0.2999999999999998,-0.2999999999999998,-0.19999999999999973,-0.10000000000000009,-0.10000000000000009,,,1.1999999999999997,0.40000000000000036,-1.8000000000000003,0.5999999999999999,-0.5999999999999999,0.0,0.30000000000000004,0.0,0.2999999999999998,-0.2999999999999998,0.0,-0.10000000000000009,,,-0.3000000000000007,0.0,-0.09999999999999964,-0.09999999999999964,0.0,-0.10000000000000053,0.0,0.0,0.0,0.0,0.0,0.0,,,2.8,1.2999999999999998,-2.9,1.5,-2.6,1.2000000000000002,0.30000000000000004,-0.09999999999999987,-0.09999999999999987,-0.09999999999999987,0.0,-0.09999999999999987,,,1.0999999999999999,1.0,-1.2999999999999998,0.6999999999999997,-0.5,-0.10000000000000009,0.0,-0.10000000000000009,0.0,0.0,0.0,0.0,,,2.0999999999999996,-0.19999999999999973,-1.8,1.1999999999999997,-1.5,0.9000000000000001,0.09999999999999987,0.0,-0.09999999999999987,0.0,0.0,-0.09999999999999987,,,0.8,-0.40000000000000013,-0.7999999999999999,0.7,-0.10000000000000009,0.0,0.0,0.0,-0.10000000000000009,0.0,0.0,0.0,,,0.49999999999999956,-2.4999999999999996,3.4999999999999996,-0.5,0.40000000000000036,0.2999999999999998,-0.2999999999999998,-0.39999999999999947,-0.19999999999999973,-0.2999999999999998,-0.09999999999999964,-0.09999999999999964,,,-6.8,8.3,0.5,-4.5,-12.3,11.3,0.29999999999999893,-1.0,-0.8000000000000007,0.0,0.09999999999999964,-0.20000000000000107,,,-4.6,11.5,-14.9,2.4,2.1,1.6,-1.1,-0.7,-0.8000000000000003,-0.8999999999999999,-0.9999999999999999,-0.19999999999999996,,,2.3,-4.3999999999999995,2.0999999999999996,-8.7,5.199999999999999,-2.5,1.4000000000000001,0.8,0.30000000000000004,0.09999999999999987,-0.09999999999999987,0.20000000000000018,,,0.1,1.9,-3.5999999999999996,3.0,0.4999999999999998,0.2999999999999998,0.10000000000000009,0.19999999999999973,0.0,0.0,0.0,0.0,,,1.7000000000000002,-0.8000000000000007,-1.0999999999999996,0.3000000000000007,-0.5,0.5,0.1999999999999993,-0.2999999999999998,0.0,-0.5999999999999996,-0.20000000000000018,-0.10000000000000053,,,-0.10000000000000009,-0.020000000000000018,0.050000000000000044,-0.010000000000000009,-0.010000000000000009,0.010000000000000009,0.0,0.0,0.0,-0.010000000000000009,0.0,0.0,,,0.0,-2.3,-2.2,0.8999999999999995,2.3,0.0,0.39999999999999947,0.09999999999999964,0.20000000000000018,-0.09999999999999964,-0.2999999999999998,0.0,,
2005-03-16,4.5,3.3,4.0,4.3,4.3,4.1,3.9,3.8,3.7,3.6,3.6,3.6,,,2.8,3.2,1.4,2.2,2.8,1.8,1.2,1.4,1.9,1.6,1.6,1.5,,,5.6,5.6,5.5,5.4,5.3,5.3,5.3,5.3,5.2,5.2,5.2,5.1,,,4.0,4.4,1.7,3.4,2.2,3.4,1.4,1.5,1.6,1.7,1.7,1.7,,,1.9,2.5,1.8,2.3,2.2,2.2,2.1,2.1,2.0,2.0,2.0,1.9,,,3.3,3.1,1.3,2.6,2.1,2.8,1.2,1.3,1.4,1.4,1.4,1.5,,,2.1,1.7,0.9,1.6,2.1,1.8,1.7,1.7,1.6,1.6,1.6,1.5,,,4.1,1.6,5.1,4.2,3.9,3.9,3.9,3.7,3.7,3.6,3.6,3.6,,,4.2,12.5,13.0,13.8,4.8,10.4,11.3,9.6,9.7,9.0,9.1,8.0,,,5.0,16.5,1.6,3.6,6.3,5.8,-0.3,-1.1,-0.9,0.0,0.5,1.4,,,7.1,2.7,4.8,1.7,5.6,3.3,3.1,2.4,1.7,1.9,1.8,2.1,,,0.0,1.9,-1.7,0.8,2.0,2.2,2.2,2.4,2.5,2.5,2.5,2.6,,,7.4,6.6,5.5,6.6,7.2,6.0,5.2,5.2,5.6,5.3,5.3,5.2,,,1.94,1.92,1.97,1.98,2.15,1.99,1.96,1.95,1.94,1.93,1.93,1.93,,,5.6,4.3,2.7,4.4,4.5,4.4,6.1,5.1,4.5,4.3,4.1,3.9,,,0.0,0.0,0.0,0.7999999999999998,0.5,0.09999999999999964,0.0,0.0,0.0,0.0,0.0,0.0,,,0.0,0.0,0.0,0.30000000000000027,1.4999999999999998,0.19999999999999996,-0.40000000000000013,-0.10000000000000009,0.0,0.0,0.10000000000000009,0.10000000000000009,,,0.0,0.0,0.0,0.0,-0.10000000000000053,0.0,0.0,0.0,-0.09999999999999964,0.0,0.0,0.0,,,0.5,-0.39999999999999947,-0.19999999999999996,0.0,1.2000000000000002,1.5999999999999999,-0.30000000000000004,-0.10000000000000009,0.0,0.09999999999999987,0.09999999999999987,0.09999999999999987,,,0.0,-0.3999999999999999,0.19999999999999996,0.0,0.30000000000000027,0.20000000000000018,0.10000000000000009,0.20000000000000018,0.10000000000000009,0.10000000000000009,0.19999999999999996,0.09999999999999987,,,0.0,0.0,0.0,0.30000000000000027,1.2000000000000002,1.1999999999999997,-0.19999999999999996,-0.09999999999999987,0.09999999999999987,0.09999999999999987,0.09999999999999987,0.19999999999999996,,,0.0,0.0,0.0,0.20000000000000018,0.7000000000000002,0.19999999999999996,0.09999999999999987,0.19999999999999996,0.20000000000000018,0.20000000000000018,0.20000000000000018,0.10000000000000009,,,0.0,0.0,0.0,-0.39999999999999947,0.19999999999999973,-0.10000000000000009,0.10000000000000009,0.0,0.0,-0.10000000000000009,-0.10000000000000009,-0.10000000000000009,,,0.0,0.0,0.0,5.5,8.0,0.40000000000000036,2.200000000000001,1.1999999999999993,1.5,0.5,0.5999999999999996,-0.1999999999999993,,,0.0,0.0,0.0,-0.2999999999999998,3.1999999999999997,1.5999999999999996,-1.8,-2.9000000000000004,-2.3,-1.1,0.09999999999999998,0.3999999999999999,,,0.0,0.0,0.0,5.7,-1.0,-0.40000000000000036,0.0,-0.10000000000000009,0.0,0.0,0.0,0.0,,,0.0,0.0,0.0,-0.7,-0.2999999999999998,-0.2999999999999998,-0.2999999999999998,-0.3999999999999999,-0.2999999999999998,-0.2999999999999998,-0.2999999999999998,-0.19999999999999973,,,0.0,0.0,0.0,1.1999999999999993,2.1000000000000005,0.40000000000000036,-0.39999999999999947,-0.20000000000000018,-0.10000000000000053,0.09999999999999964,0.20000000000000018,0.10000000000000053,,,0.0,0.0,0.0,0.020000000000000018,0.17999999999999994,0.030000000000000027,0.010000000000000009,0.0,-0.010000000000000009,-0.010000000000000009,-0.010000000000000009,-0.010000000000000009,,,0.0,0.0,0.0,0.3000000000000007,-2.0999999999999996,-0.1999999999999993,1.0,0.0,-0.7000000000000002,-0.20000000000000018,0.09999999999999964,-0.19999999999999973,,
2005-04-28,3.3,4.0,3.8,3.1,3.6,3.7,3.7,3.6,3.5,3.5,3.5,,,,3.2,1.4,2.3,3.3,2.6,1.2,1.5,2.1,1.8,1.8,1.7,,,,5.6,5.5,5.4,5.3,5.3,5.3,5.3,5.3,5.3,5.3,5.3,,,,4.4,1.7,3.4,2.5,4.2,1.5,1.9,1.8,1.8,1.8,1.8,,,,2.5,1.8,2.3,2.6,2.5,2.3,2.2,2.2,2.1,2.0,2.0,,,,3.1,1.3,2.7,2.1,3.2,1.4,1.6,1.6,1.6,1.6,1.6,,,,1.7,0.9,1.7,2.2,1.9,1.9,1.8,1.8,1.7,1.7,1.7,,,,1.6,5.1,4.2,3.5,3.2,3.6,3.5,3.5,3.4,3.4,3.4,,,,12.5,13.0,14.5,4.7,7.2,10.5,9.7,9.3,8.7,9.0,7.9,,,,16.5,1.6,3.4,5.7,3.6,2.3,1.3,-0.6,0.3,0.8,1.0,,,,2.7,4.8,1.2,0.6,7.9,3.9,2.4,1.7,1.9,1.8,2.0,,,,1.9,-1.7,0.6,0.5,1.7,2.0,2.2,2.4,2.5,2.5,2.5,,,,6.6,5.5,6.2,6.5,6.3,5.0,5.3,5.7,5.3,5.3,5.3,,,,1.92,1.97,1.98,2.09,2.02,1.97,1.97,1.95,1.94,1.94,1.93,,,,4.3,2.7,4.5,3.6,2.5,6.3,5.3,4.3,3.7,3.7,3.7,,,,-1.2000000000000002,0.7000000000000002,-0.20000000000000018,-1.1999999999999997,-0.6999999999999997,-0.39999999999999947,-0.19999999999999973,-0.19999999999999973,-0.20000000000000018,-0.10000000000000009,-0.10000000000000009,,,,0.40000000000000036,-1.8000000000000003,0.8999999999999999,1.0999999999999996,-0.19999999999999973,-0.6000000000000001,0.30000000000000004,0.7000000000000002,-0.09999999999999987,0.19999999999999996,0.09999999999999987,,,,0.0,-0.09999999999999964,-0.09999999999999964,-0.10000000000000053,0.0,0.0,0.0,0.0,0.09999999999999964,0.09999999999999964,0.09999999999999964,,,,0.40000000000000036,-2.7,1.7,-0.8999999999999999,2.0,-1.9,0.5,0.30000000000000004,0.19999999999999996,0.10000000000000009,0.10000000000000009,,,,0.6000000000000001,-0.7,0.4999999999999998,0.30000000000000027,0.2999999999999998,0.09999999999999964,0.10000000000000009,0.10000000000000009,0.10000000000000009,0.0,0.0,,,,-0.19999999999999973,-1.8,1.4000000000000001,-0.5,1.1,-1.4,0.40000000000000013,0.30000000000000004,0.20000000000000018,0.20000000000000018,0.20000000000000018,,,,-0.40000000000000013,-0.7999999999999999,0.7999999999999999,0.6000000000000001,-0.20000000000000018,0.09999999999999987,0.10000000000000009,0.10000000000000009,0.09999999999999987,0.09999999999999987,0.09999999999999987,,,,-2.4999999999999996,3.4999999999999996,-0.8999999999999995,-0.7000000000000002,-0.6999999999999997,-0.2999999999999998,-0.3999999999999999,-0.20000000000000018,-0.30000000000000027,-0.20000000000000018,-0.20000000000000018,,,,8.3,0.5,1.5,-9.100000000000001,2.4000000000000004,0.09999999999999964,-1.6000000000000014,-0.29999999999999893,-1.0,0.0,-1.1999999999999993,,,,11.5,-14.9,1.7999999999999998,2.1,-2.6999999999999997,-3.5,1.6,0.5000000000000001,1.2,0.8,0.5,,,,-4.3999999999999995,2.0999999999999996,-3.5999999999999996,-1.1,2.3000000000000007,0.6000000000000001,-0.7000000000000002,-0.7,0.19999999999999996,-0.09999999999999987,0.19999999999999996,,,,1.9,-3.5999999999999996,2.3,-0.30000000000000004,-0.30000000000000004,-0.20000000000000018,0.0,0.0,0.0,0.0,0.0,,,,-0.8000000000000007,-1.0999999999999996,0.7000000000000002,-0.09999999999999964,-0.9000000000000004,-1.0,0.09999999999999964,0.5,-0.2999999999999998,0.0,0.0,,,,-0.020000000000000018,0.050000000000000044,0.010000000000000009,0.10999999999999988,-0.1299999999999999,-0.020000000000000018,0.010000000000000009,0.0,0.0,0.010000000000000009,0.0,,,,-1.2999999999999998,-1.5999999999999996,1.7999999999999998,-0.8000000000000003,-2.0,1.8999999999999995,-0.7999999999999998,-0.7999999999999998,-0.7999999999999998,-0.5999999999999996,-0.39999999999999947,,,
2005-06-22,3.3,4.0,3.8,3.9,3.0,3.8,3.7,3.5,3.4,3.4,3.3,,,,3.2,1.4,2.3,3.1,2.5,1.6,1.9,2.2,1.9,1.8,1.8,,,,5.6,5.5,5.4,5.3,5.1,5.1,5.1,5.1,5.1,5.1,5.1,,,,4.4,1.7,3.4,2.5,4.2,2.8,2.3,2.1,2.0,1.9,1.9,,,,2.5,1.8,2.3,2.6,2.1,2.4,2.4,2.4,2.3,2.2,2.2,,,,3.1,1.3,2.7,2.1,3.7,2.4,2.0,1.8,1.7,1.7,1.7,,,,1.7,0.9,1.7,2.2,2.2,2.1,2.0,1.9,1.9,1.8,1.8,,,,1.6,5.1,4.2,3.6,3.1,3.3,3.5,3.6,3.6,3.6,3.5,,,,12.5,13.0,14.5,4.5,7.6,10.9,9.8,9.4,7.7,8.5,6.9,,,,16.5,1.6,3.4,10.2,11.4,0.5,-2.4,-1.7,0.1,1.2,1.4,,,,2.7,4.8,1.2,0.4,2.4,4.5,3.7,2.2,1.7,1.6,2.0,,,,1.9,-1.7,0.6,-0.1,1.3,2.0,2.2,2.4,2.5,2.5,2.5,,,,6.6,5.5,6.2,7.1,5.6,5.4,5.6,5.8,5.3,5.3,5.2,,,,1.92,1.97,1.97,2.08,2.0,1.97,1.97,1.95,1.94,1.94,1.93,,,,4.3,2.7,4.5,3.5,2.1,5.7,6.3,4.4,3.6,3.5,3.3,,,,0.0,0.0,0.0,0.7999999999999998,-0.6000000000000001,0.09999999999999964,0.0,-0.10000000000000009,-0.10000000000000009,-0.10000000000000009,-0.20000000000000018,,,,0.0,0.0,0.0,-0.19999999999999973,-0.10000000000000009,0.40000000000000013,0.3999999999999999,0.10000000000000009,0.09999999999999987,0.0,0.10000000000000009,,,,0.0,0.0,0.0,0.0,-0.20000000000000018,-0.20000000000000018,-0.20000000000000018,-0.20000000000000018,-0.20000000000000018,-0.20000000000000018,-0.20000000000000018,,,,0.0,0.0,0.0,0.0,0.0,1.2999999999999998,0.3999999999999999,0.30000000000000004,0.19999999999999996,0.09999999999999987,0.09999999999999987,,,,0.0,0.0,0.0,0.0,-0.3999999999999999,0.10000000000000009,0.19999999999999973,0.19999999999999973,0.19999999999999973,0.20000000000000018,0.20000000000000018,,,,0.0,0.0,0.0,0.0,0.5,1.0,0.3999999999999999,0.19999999999999996,0.09999999999999987,0.09999999999999987,0.09999999999999987,,,,0.0,0.0,0.0,0.0,0.30000000000000027,0.20000000000000018,0.19999999999999996,0.09999999999999987,0.19999999999999996,0.10000000000000009,0.10000000000000009,,,,0.0,0.0,0.0,0.10000000000000009,-0.10000000000000009,-0.30000000000000027,0.0,0.10000000000000009,0.20000000000000018,0.20000000000000018,0.10000000000000009,,,,0.0,0.0,0.0,-0.20000000000000018,0.39999999999999947,0.40000000000000036,0.10000000000000142,0.09999999999999964,-0.9999999999999991,-0.5,-1.0,,,,0.0,0.0,0.0,4.499999999999999,7.800000000000001,-1.7999999999999998,-3.7,-1.1,-0.19999999999999998,0.3999999999999999,0.3999999999999999,,,,0.0,0.0,0.0,-0.19999999999999996,-5.5,0.6000000000000001,1.3000000000000003,0.5000000000000002,-0.19999999999999996,-0.19999999999999996,0.0,,,,0.0,0.0,0.0,-0.6,-0.3999999999999999,0.0,0.0,0.0,0.0,0.0,0.0,,,,0.0,0.0,0.0,0.5999999999999996,-0.7000000000000002,0.40000000000000036,0.2999999999999998,0.09999999999999964,0.0,0.0,-0.09999999999999964,,,,0.0,0.0,-0.010000000000000009,-0.009999999999999787,-0.020000000000000018,0.0,0.0,0.0,0.0,0.0,0.0,,,,0.0,0.0,0.0,-0.10000000000000009,-0.3999999999999999,-0.5999999999999996,1.0,0.10000000000000053,-0.10000000000000009,-0.20000000000000018,-0.40000000000000036,,,
2005-08-04,4.0,3.3,3.8,3.3,4.3,4.0,3.0,3.1,3.1,3.1,,,,,1.5,2.7,3.1,2.5,1.6,2.0,2.4,2.0,2.0,2.0,,,,,5.5,5.4,5.3,5.1,5.0,5.0,5.0,5.0,5.0,5.0,,,,,1.7,3.4,2.5,4.0,2.5,2.9,2.6,2.2,2.1,2.1,,,,,1.8,2.3,2.6,2.0,2.1,2.4,2.3,2.3,2.3,2.3,,,,,1.5,3.1,2.3,3.3,2.2,2.5,2.3,2.1,2.0,2.0,,,,,1.5,2.3,2.4,1.8,1.9,2.1,2.1,2.1,2.1,2.1,,,,,4.4,4.3,3.5,3.6,4.6,2.1,3.7,3.2,3.2,3.2,,,,,11.8,10.4,5.7,6.7,5.9,6.1,10.8,7.7,7.1,6.1,,,,,2.6,1.6,9.5,9.7,3.2,-2.4,-3.8,0.8,0.6,0.9,,,,,3.6,-0.6,2.4,1.3,6.3,2.8,2.5,1.8,1.2,1.1,,,,,0.8,1.8,1.6,3.2,1.2,2.2,2.3,2.4,2.4,2.4,,,,,5.3,6.1,7.0,5.9,5.9,6.1,5.5,5.2,5.2,5.2,,,,,1.97,1.97,2.08,2.01,2.01,1.98,1.95,1.94,1.93,1.91,,,,,2.7,4.5,3.6,2.1,6.3,5.6,3.3,3.4,3.6,3.3,,,,,0.7000000000000002,-0.7000000000000002,0.0,-0.6000000000000001,1.2999999999999998,0.20000000000000018,-0.7000000000000002,-0.3999999999999999,-0.2999999999999998,-0.2999999999999998,,,,,-1.7000000000000002,1.3000000000000003,0.8000000000000003,-0.6000000000000001,-0.8999999999999999,0.3999999999999999,0.5,-0.20000000000000018,0.10000000000000009,0.19999999999999996,,,,,-0.09999999999999964,-0.09999999999999964,-0.10000000000000053,-0.20000000000000018,-0.09999999999999964,-0.09999999999999964,-0.09999999999999964,-0.09999999999999964,-0.09999999999999964,-0.09999999999999964,,,,,-2.7,1.7,-0.8999999999999999,1.5,-1.7000000000000002,0.10000000000000009,0.30000000000000027,0.10000000000000009,0.10000000000000009,0.20000000000000018,,,,,-0.7,0.4999999999999998,0.30000000000000027,-0.6000000000000001,0.0,0.0,-0.10000000000000009,-0.10000000000000009,0.0,0.09999999999999964,,,,,-1.6,1.8,-0.40000000000000036,1.1999999999999997,-1.5,0.10000000000000009,0.2999999999999998,0.30000000000000004,0.30000000000000004,0.30000000000000004,,,,,-0.19999999999999996,1.4,0.7,-0.40000000000000013,-0.30000000000000027,0.0,0.10000000000000009,0.20000000000000018,0.20000000000000018,0.30000000000000004,,,,,2.8000000000000003,-0.7999999999999998,-0.7000000000000002,0.0,1.4999999999999996,-1.1999999999999997,0.20000000000000018,-0.3999999999999999,-0.3999999999999999,-0.3999999999999999,,,,,-0.6999999999999993,-2.5999999999999996,-8.8,2.2,-1.6999999999999993,-4.800000000000001,1.0,-1.7000000000000002,-0.6000000000000005,-2.4000000000000004,,,,,-13.9,0.0,6.1,-0.5,-8.2,-2.9,-1.4,2.5,0.5,-0.29999999999999993,,,,,0.8999999999999999,-5.3999999999999995,1.2,0.9,3.9,-1.7000000000000002,-1.2000000000000002,-0.40000000000000013,-0.5,-0.5,,,,,-1.0999999999999999,3.5,1.0,3.3000000000000003,-0.10000000000000009,0.20000000000000018,0.09999999999999964,0.0,-0.10000000000000009,-0.10000000000000009,,,,,-1.2999999999999998,0.5999999999999996,0.7999999999999998,-1.1999999999999993,0.3000000000000007,0.6999999999999993,-0.09999999999999964,-0.5999999999999996,-0.09999999999999964,-0.09999999999999964,,,,,0.050000000000000044,0.0,0.1100000000000001,-0.07000000000000028,0.009999999999999787,0.010000000000000009,-0.020000000000000018,-0.010000000000000009,-0.010000000000000009,-0.030000000000000027,,,,,-1.5999999999999996,1.7999999999999998,-0.8999999999999999,-1.4,4.199999999999999,-0.10000000000000053,-3.0,-1.0000000000000004,0.0,-0.20000000000000018,,,,
2005-09-14,,,3.8,3.2,3.1,3.7,4.2,3.5,3.1,2.9,2.9,2.9,2.9,2.9,,,3.1,2.5,2.6,2.8,1.7,2.1,2.1,2.1,2.3,2.0,2.0,2.0,,,5.3,5.1,5.0,5.0,5.0,5.0,5.0,5.0,5.0,5.0,5.0,5.0,,,2.5,4.0,5.3,4.9,1.1,2.1,2.1,2.0,1.9,1.9,1.9,1.9,,,2.6,2.0,1.9,2.7,2.6,2.6,2.5,2.4,2.3,2.2,2.2,2.2,,,2.3,3.2,3.7,3.8,1.4,2.1,2.0,2.0,1.9,1.8,1.8,1.8,,,2.4,1.6,1.4,2.4,2.4,2.4,2.2,2.2,2.0,2.0,2.0,2.0,,,3.5,3.1,4.1,1.1,4.3,3.5,3.4,3.3,3.1,3.1,3.1,3.1,,,5.7,8.7,2.6,3.9,13.7,8.5,7.7,6.5,5.5,5.3,5.3,5.2,,,9.5,12.1,3.6,2.4,2.1,5.7,-1.3,-1.2,-1.3,-1.0,-1.4,-0.3,,,2.4,1.6,4.2,6.4,4.1,1.1,0.5,0.3,0.3,0.0,0.0,0.0,,,1.6,2.7,0.9,3.5,2.9,2.4,1.8,2.2,2.4,2.4,2.4,2.2,,,7.0,5.8,5.8,6.6,6.1,5.7,5.3,5.0,5.3,4.9,4.9,4.9,,,2.1,2.0,2.0,2.0,2.1,2.0,2.0,2.0,2.0,2.0,2.0,2.0,,,3.6,1.5,1.8,4.0,6.7,4.7,3.4,3.4,3.1,2.9,3.0,3.0,,,0.0,-0.09999999999999964,-1.1999999999999997,-0.2999999999999998,1.2000000000000002,0.3999999999999999,0.0,-0.20000000000000018,,,,,,,0.0,0.0,1.0,0.7999999999999998,-0.7,0.10000000000000009,0.10000000000000009,0.10000000000000009,,,,,,,0.0,0.0,0.0,0.0,0.0,0.0,0.0,0.0,,,,,,,0.0,0.0,2.8,2.0000000000000004,-1.5,-0.10000000000000009,0.0,-0.10000000000000009,,,,,,,0.0,0.0,-0.20000000000000018,0.30000000000000027,0.30000000000000027,0.30000000000000027,0.20000000000000018,0.10000000000000009,,,,,,,0.0,-0.09999999999999964,1.5,1.2999999999999998,-0.8999999999999999,0.0,0.0,0.0,,,,,,,0.0,-0.19999999999999996,-0.5,0.2999999999999998,0.2999999999999998,0.2999999999999998,0.10000000000000009,0.10000000000000009,,,,,,,0.0,-0.5,-0.5,-1.0,0.5999999999999996,0.2999999999999998,0.19999999999999973,0.09999999999999964,,,,,,,0.0,1.9999999999999991,-3.3000000000000003,-2.1999999999999997,2.8999999999999986,0.7999999999999998,0.6000000000000005,0.40000000000000036,,,,,,,0.0,2.4000000000000004,0.3999999999999999,4.8,5.9,4.9,-1.9,-2.1,,,,,,,0.0,0.30000000000000004,-2.0999999999999996,3.6000000000000005,1.5999999999999996,-0.7,-0.7,-0.8,,,,,,,0.0,-0.5,-0.29999999999999993,1.2999999999999998,0.6000000000000001,0.0,-0.5999999999999999,-0.19999999999999973,,,,,,,0.0,-0.10000000000000053,-0.10000000000000053,0.5,0.5999999999999996,0.5,0.09999999999999964,-0.20000000000000018,,,,,,,0.020000000000000018,-0.009999999999999787,-0.009999999999999787,0.020000000000000018,0.15000000000000013,0.06000000000000005,0.07000000000000006,0.09000000000000008,,,,,,,0.0,-0.6000000000000001,-4.5,-1.5999999999999996,3.4000000000000004,1.3000000000000003,-0.20000000000000018,0.10000000000000009,,,,
2005-10-26,,3.8,3.3,3.2,3.5,4.0,3.6,2.9,2.7,2.8,2.8,2.9,2.9,,,3.1,2.6,2.6,3.0,1.8,2.2,2.1,2.1,2.2,1.9,1.9,1.8,,,5.3,5.1,5.0,5.0,5.0,5.0,5.0,5.0,5.1,5.1,5.1,5.1,,,2.5,4.0,5.3,4.4,1.2,2.3,2.2,2.1,1.9,1.9,1.8,1.8,,,2.6,2.0,1.4,2.2,2.7,2.6,2.5,2.4,2.3,2.2,2.1,2.1,,,2.3,3.3,3.7,3.5,1.3,2.2,2.1,2.0,1.8,1.7,1.7,1.7,,,2.4,1.7,1.3,2.2,2.4,2.4,2.2,2.2,2.0,1.9,1.9,1.8,,,3.5,3.4,3.4,0.6,3.9,3.1,3.1,3.1,3.1,3.1,3.1,3.1,,,5.7,8.8,3.5,5.9,14.0,8.9,7.6,6.4,4.4,4.5,4.6,4.6,,,9.5,10.8,5.9,6.9,2.0,1.5,-1.3,-1.0,-1.3,-1.0,-0.7,0.1,,,2.4,2.4,6.5,3.3,3.7,1.3,0.9,0.6,0.0,0.0,0.0,0.0,,,1.6,2.6,1.5,3.5,2.9,2.4,2.2,2.2,2.4,2.4,2.4,2.2,,,7.0,6.0,5.9,6.6,5.9,5.9,5.1,4.8,5.0,4.7,4.8,4.8,,,2.1,2.0,2.1,2.1,2.1,2.0,2.0,2.0,2.0,2.0,2.0,2.0,,,3.6,1.4,1.3,4.0,6.7,5.5,3.7,3.3,2.9,2.9,3.1,3.1,,,,-0.5,0.0,0.3999999999999999,0.2999999999999998,-0.6000000000000001,-0.6000000000000001,-0.3999999999999999,-0.10000000000000009,-0.10000000000000009,0.0,0.0,,,,-0.5,0.10000000000000009,0.3999999999999999,-0.9999999999999998,0.5000000000000002,0.0,0.0,0.10000000000000009,-0.3999999999999999,-0.10000000000000009,-0.19999999999999996,,,,-0.20000000000000018,-0.09999999999999964,0.0,0.0,0.0,0.0,0.0,0.09999999999999964,0.09999999999999964,0.09999999999999964,0.09999999999999964,,,,1.5,1.2999999999999998,-0.8999999999999995,-3.7,1.1999999999999997,0.10000000000000009,0.0,-0.10000000000000009,0.0,-0.09999999999999987,-0.09999999999999987,,,,-0.6000000000000001,-0.6000000000000001,0.30000000000000027,0.0,0.0,-0.10000000000000009,-0.10000000000000009,-0.10000000000000009,-0.09999999999999964,-0.10000000000000009,-0.10000000000000009,,,,1.0,0.5,-0.20000000000000018,-2.5,0.8000000000000003,0.0,0.0,-0.19999999999999996,-0.19999999999999996,-0.10000000000000009,-0.10000000000000009,,,,-0.7,-0.30000000000000004,0.8000000000000003,0.0,0.0,-0.19999999999999973,0.0,-0.20000000000000018,-0.10000000000000009,-0.10000000000000009,-0.19999999999999996,,,,-0.10000000000000009,0.2999999999999998,-3.4999999999999996,2.8,-1.1999999999999997,-0.3999999999999999,-0.2999999999999998,-0.19999999999999973,0.0,0.0,0.0,,,,3.1000000000000005,-5.199999999999999,3.3000000000000003,10.1,-4.799999999999999,-0.9000000000000004,-1.2999999999999998,-2.0999999999999996,-1.0,-0.7000000000000002,-0.7000000000000002,,,,1.3000000000000007,-6.199999999999999,3.3000000000000003,-0.3999999999999999,-0.6000000000000001,-7.0,0.30000000000000004,-0.10000000000000009,0.30000000000000004,0.30000000000000004,1.5,,,,0.0,4.9,-0.9000000000000004,-2.7,-2.8,-0.20000000000000007,0.09999999999999998,-0.3,-0.3,0.0,0.0,,,,1.0,-1.2000000000000002,2.6,-0.6000000000000001,-0.5,-0.19999999999999973,0.40000000000000013,0.19999999999999973,0.0,0.0,-0.19999999999999973,,,,-1.0,0.10000000000000053,0.7999999999999998,-0.6999999999999993,-0.1999999999999993,-0.6000000000000005,-0.5,0.0,-0.5999999999999996,-0.10000000000000053,-0.10000000000000053,,,,-0.10000000000000009,0.10000000000000009,0.10000000000000009,0.10000000000000009,-0.10000000000000009,0.0,0.0,0.0,0.0,0.0,0.0,,,,-2.2,-0.19999999999999996,2.2,2.7,-1.2000000000000002,-1.0,-0.10000000000000009,-0.5,-0.20000000000000018,0.20000000000000018,0.10000000000000009,
2005-12-07,,3.8,3.3,4.3,3.4,3.7,3.5,3.4,3.2,3.1,3.0,2.9,2.9,,,3.1,2.6,3.1,2.2,2.7,2.4,2.2,2.0,2.2,1.9,1.8,1.8,,,5.3,5.1,5.0,5.0,5.0,5.0,5.0,5.0,5.0,5.0,5.0,5.0,,,2.5,4.0,5.3,2.5,2.0,2.8,2.3,2.1,2.0,1.9,1.8,1.8,,,2.6,2.0,1.4,2.2,2.4,2.4,2.4,2.3,2.2,2.1,2.1,2.1,,,2.3,3.3,3.6,2.1,1.9,2.5,2.1,2.0,1.8,1.7,1.7,1.6,,,2.4,1.7,1.2,2.1,2.2,2.2,2.1,2.0,1.9,1.8,1.8,1.8,,,3.5,3.4,4.2,0.7,4.8,3.2,3.2,3.2,3.5,3.4,3.4,3.4,,,5.7,8.8,8.9,4.8,9.1,10.1,7.8,6.3,6.2,5.5,5.3,5.0,,,9.5,10.8,7.7,9.3,2.7,1.4,-1.1,-0.3,-0.4,0.6,0.3,-0.2,,,2.4,2.4,8.1,0.0,5.0,0.8,0.3,0.6,0.0,0.0,0.0,0.0,,,1.6,2.6,0.4,2.5,2.9,2.3,2.1,2.3,2.4,2.4,2.4,2.4,,,7.0,6.0,7.6,5.6,6.5,6.0,5.7,5.3,5.3,4.9,4.8,4.8,,,2.1,2.0,2.1,2.0,2.1,2.0,2.0,2.0,2.0,2.0,2.0,2.0,,,3.8,1.6,0.9,3.1,8.3,6.4,5.0,3.7,2.9,2.7,2.8,2.9,,,0.0,0.0,1.0999999999999996,-0.10000000000000009,-0.2999999999999998,-0.10000000000000009,0.5,0.5,0.30000000000000027,0.20000000000000018,0.0,0.0,,,0.0,0.0,0.5,-0.7999999999999998,0.9000000000000001,0.19999999999999973,0.10000000000000009,-0.10000000000000009,0.0,0.0,-0.09999999999999987,0.0,,,0.0,0.0,0.0,0.0,0.0,0.0,0.0,0.0,-0.09999999999999964,-0.09999999999999964,-0.09999999999999964,-0.09999999999999964,,,0.0,0.0,0.0,-1.9000000000000004,0.8,0.5,0.09999999999999964,0.0,0.10000000000000009,0.0,0.0,0.0,,,0.0,0.0,0.0,0.0,-0.30000000000000027,-0.20000000000000018,-0.10000000000000009,-0.10000000000000009,-0.09999999999999964,-0.10000000000000009,0.0,0.0,,,0.0,0.0,-0.10000000000000009,-1.4,0.5999999999999999,0.2999999999999998,0.0,0.0,0.0,0.0,0.0,-0.09999999999999987,,,0.0,0.0,-0.10000000000000009,-0.10000000000000009,-0.19999999999999973,-0.19999999999999973,-0.10000000000000009,-0.20000000000000018,-0.10000000000000009,-0.09999999999999987,-0.09999999999999987,0.0,,,0.0,0.0,0.8000000000000003,0.09999999999999998,0.8999999999999999,0.10000000000000009,0.10000000000000009,0.10000000000000009,0.3999999999999999,0.2999999999999998,0.2999999999999998,0.2999999999999998,,,0.0,0.0,5.4,-1.1000000000000005,-4.9,1.1999999999999993,0.20000000000000018,-0.10000000000000053,1.7999999999999998,1.0,0.7000000000000002,0.40000000000000036,,,0.0,0.0,1.7999999999999998,2.4000000000000004,0.7000000000000002,-0.10000000000000009,0.19999999999999996,0.7,0.9,1.6,1.0,-0.30000000000000004,,,0.0,0.0,1.5999999999999996,-3.3,1.2999999999999998,-0.5,-0.6000000000000001,0.0,0.0,0.0,0.0,0.0,,,0.0,0.0,-1.1,-1.0,0.0,-0.10000000000000009,-0.10000000000000009,0.09999999999999964,0.0,0.0,0.0,0.19999999999999973,,,0.0,0.0,1.6999999999999993,-1.0,0.5999999999999996,0.09999999999999964,0.6000000000000005,0.5,0.2999999999999998,0.20000000000000018,0.0,0.0,,,0.0,0.0,0.0,-0.10000000000000009,0.0,0.0,0.0,0.0,0.0,0.0,0.0,0.0,,,0.19999999999999973,0.20000000000000018,-0.4,-0.8999999999999999,1.6000000000000005,0.9000000000000004,1.2999999999999998,0.40000000000000036,0.0,-0.19999999999999973,-0.30000000000000027,-0.20000000000000018,
2006-01-25,3.8,3.3,4.1,2.4,4.1,3.8,3.6,3.3,3.0,3.0,3.0,2.9,,,3.1,2.6,3.3,2.6,2.1,2.5,2.2,2.0,2.2,1.9,1.9,1.9,,,5.2,5.1,5.0,5.0,5.0,5.0,5.0,5.0,5.0,5.1,5.1,5.1,,,2.5,4.0,5.3,3.1,2.5,3.0,2.6,2.3,2.2,2.1,2.0,1.9,,,2.6,2.0,1.4,2.4,2.6,2.5,2.5,2.4,2.3,2.2,2.1,2.1,,,2.3,3.3,3.7,2.4,2.1,2.7,2.3,2.1,1.9,1.8,1.8,1.7,,,2.4,1.7,1.4,1.9,2.0,2.3,2.3,2.1,1.9,1.9,1.8,1.8,,,3.5,3.4,4.1,1.1,4.5,3.4,3.1,3.1,3.3,3.3,3.3,3.3,,,5.7,8.8,8.5,4.0,7.3,8.3,7.8,6.9,5.4,5.9,5.7,5.0,,,9.5,10.8,7.3,7.6,-0.4,2.8,2.6,2.9,0.8,-0.5,-2.2,-2.6,,,2.4,2.4,7.4,-2.9,6.2,0.1,-0.2,0.6,0.0,0.0,0.0,0.0,,,1.6,2.6,0.2,2.0,2.9,2.3,2.1,2.3,2.4,2.4,2.4,2.4,,,7.0,6.0,7.6,5.1,6.3,6.3,5.8,5.4,5.2,5.0,4.9,4.8,,,2.1,2.0,2.1,2.0,2.1,2.1,2.1,2.1,2.1,2.1,2.0,2.0,,,3.8,1.6,1.4,3.8,6.3,7.5,5.7,4.5,3.4,2.7,2.7,2.7,,,,-0.5,0.7999999999999998,-1.9,0.6999999999999997,0.09999999999999964,0.10000000000000009,-0.10000000000000009,-0.20000000000000018,-0.10000000000000009,0.0,0.0,,,,-0.5,0.6999999999999997,-0.5,-0.10000000000000009,-0.20000000000000018,-0.19999999999999973,-0.20000000000000018,0.20000000000000018,-0.30000000000000027,0.0,0.09999999999999987,,,,-0.20000000000000018,-0.09999999999999964,0.0,0.0,0.0,0.0,0.0,0.0,0.09999999999999964,0.09999999999999964,0.09999999999999964,,,,1.5,1.2999999999999998,-2.1999999999999997,0.0,1.0,-0.19999999999999973,0.0,0.10000000000000009,0.10000000000000009,0.10000000000000009,0.09999999999999987,,,,-0.6000000000000001,-0.6000000000000001,1.0,0.3999999999999999,0.10000000000000009,0.10000000000000009,0.0,0.0,0.0,0.0,0.0,,,,1.0,0.40000000000000036,-1.2000000000000002,0.0,0.8000000000000003,-0.20000000000000018,0.0,-0.10000000000000009,0.0,0.10000000000000009,0.0,,,,-0.7,-0.30000000000000004,0.7,-0.10000000000000009,0.09999999999999964,0.09999999999999964,0.0,-0.10000000000000009,0.0,0.0,0.0,,,,-0.10000000000000009,0.6999999999999997,-3.1,3.8,-1.4,-0.10000000000000009,-0.10000000000000009,0.09999999999999964,-0.20000000000000018,-0.10000000000000009,-0.10000000000000009,,,,3.1000000000000005,-0.3000000000000007,-4.9,2.5,-0.7999999999999989,-2.3,-0.8999999999999995,-0.8999999999999995,-0.2999999999999998,0.20000000000000018,-0.2999999999999998,,,,1.3000000000000007,-3.500000000000001,-0.10000000000000053,-9.700000000000001,0.09999999999999964,1.2000000000000002,4.0,1.1,-0.09999999999999998,-2.8000000000000003,-2.9,,,,0.0,5.0,-11.0,6.2,-4.9,-1.0,0.3,-0.6,0.0,0.0,0.0,,,,1.0,-2.4,1.6,0.3999999999999999,-0.6000000000000001,-0.19999999999999973,0.19999999999999973,0.10000000000000009,0.0,0.0,0.0,,,,-1.0,1.5999999999999996,-2.5,0.7000000000000002,-0.20000000000000018,-0.20000000000000018,-0.2999999999999998,-0.09999999999999964,-0.2999999999999998,0.0,0.0,,,,-0.10000000000000009,0.10000000000000009,-0.10000000000000009,0.10000000000000009,0.0,0.10000000000000009,0.10000000000000009,0.10000000000000009,0.10000000000000009,0.0,0.0,,,,-2.1999999999999997,-0.20000000000000018,2.9,3.1999999999999997,-0.8000000000000007,-0.7000000000000002,-0.5,-0.30000000000000027,-0.19999999999999973,0.0,-0.09999999999999964,,
2006-03-22,3.8,3.3,4.1,1.8,4.7,3.5,3.7,3.4,3.1,3.1,3.1,3.0,,,3.1,2.6,3.3,3.3,3.4,2.6,2.0,2.0,2.1,2.2,2.1,1.9,,,5.2,5.1,5.0,5.0,4.8,4.8,4.8,4.8,4.8,4.8,4.9,4.9,,,2.3,3.8,5.5,3.3,2.1,2.0,2.3,2.3,2.4,2.2,2.1,2.0,,,2.6,1.8,1.6,2.4,2.2,2.4,2.4,2.4,2.3,2.2,2.2,2.1,,,2.3,3.3,3.7,2.7,1.9,2.0,2.1,2.2,2.1,2.0,1.9,1.8,,,2.4,1.7,1.4,2.1,1.9,2.2,2.2,2.2,2.0,1.9,1.9,1.8,,,3.5,3.4,4.1,1.2,5.2,3.6,3.5,3.4,3.5,3.3,3.3,3.3,,,5.7,8.8,8.5,5.4,12.8,4.9,10.0,6.9,5.7,6.5,6.2,5.7,,,9.5,10.8,7.3,3.0,-0.2,-0.9,0.3,4.6,3.9,0.6,-2.1,-0.8,,,2.4,2.4,7.4,-2.6,5.9,1.0,1.0,1.1,0.0,0.0,0.0,0.0,,,1.6,2.6,0.2,0.3,1.1,2.0,2.0,2.1,2.2,2.2,2.2,2.2,,,7.0,6.0,7.6,5.2,8.2,6.2,5.7,5.5,5.3,5.4,5.2,5.0,,,2.1,2.0,2.1,2.1,2.1,2.0,2.0,2.1,2.1,2.1,2.1,2.1,,,3.8,1.6,1.4,5.3,5.2,6.8,5.4,4.5,3.8,3.1,2.7,2.9,,,0.0,0.0,0.0,-0.5999999999999999,0.6000000000000005,-0.2999999999999998,0.10000000000000009,0.10000000000000009,0.10000000000000009,0.10000000000000009,0.10000000000000009,0.10000000000000009,,,0.0,0.0,0.0,0.6999999999999997,1.2999999999999998,0.10000000000000009,-0.20000000000000018,0.0,-0.10000000000000009,0.30000000000000027,0.20000000000000018,0.0,,,0.0,0.0,0.0,0.0,-0.20000000000000018,-0.20000000000000018,-0.20000000000000018,-0.20000000000000018,-0.20000000000000018,-0.2999999999999998,-0.1999999999999993,-0.1999999999999993,,,-0.20000000000000018,-0.20000000000000018,0.20000000000000018,0.19999999999999973,-0.3999999999999999,-1.0,-0.30000000000000027,0.0,0.19999999999999973,0.10000000000000009,0.10000000000000009,0.10000000000000009,,,0.0,-0.19999999999999996,0.20000000000000018,0.0,-0.3999999999999999,-0.10000000000000009,-0.10000000000000009,0.0,0.0,0.0,0.10000000000000009,0.0,,,0.0,0.0,0.0,0.30000000000000027,-0.20000000000000018,-0.7000000000000002,-0.19999999999999973,0.10000000000000009,0.20000000000000018,0.19999999999999996,0.09999999999999987,0.10000000000000009,,,0.0,0.0,0.0,0.20000000000000018,-0.10000000000000009,-0.09999999999999964,-0.09999999999999964,0.10000000000000009,0.10000000000000009,0.0,0.09999999999999987,0.0,,,0.0,0.0,0.0,0.09999999999999987,0.7000000000000002,0.20000000000000018,0.3999999999999999,0.2999999999999998,0.20000000000000018,0.0,0.0,0.0,,,0.0,0.0,0.0,1.4000000000000004,5.500000000000001,-3.4000000000000004,2.2,0.0,0.2999999999999998,0.5999999999999996,0.5,0.7000000000000002,,,0.0,0.0,0.0,-4.6,0.2,-3.6999999999999997,-2.3000000000000003,1.6999999999999997,3.0999999999999996,1.1,0.10000000000000009,1.8,,,0.0,0.0,0.0,0.2999999999999998,-0.2999999999999998,0.9,1.2,0.5000000000000001,0.0,0.0,0.0,0.0,,,0.0,0.0,0.0,-1.7,-1.7999999999999998,-0.2999999999999998,-0.10000000000000009,-0.19999999999999973,-0.19999999999999973,-0.19999999999999973,-0.19999999999999973,-0.19999999999999973,,,0.0,0.0,0.0,0.10000000000000053,1.8999999999999995,-0.09999999999999964,-0.09999999999999964,0.09999999999999964,0.09999999999999964,0.40000000000000036,0.2999999999999998,0.20000000000000018,,,0.0,0.0,0.0,0.10000000000000009,0.0,-0.10000000000000009,-0.10000000000000009,0.0,0.0,0.0,0.10000000000000009,0.10000000000000009,,,0.0,0.0,0.0,1.5,-1.0999999999999996,-0.7000000000000002,-0.2999999999999998,0.0,0.3999999999999999,0.3999999999999999,0.0,0.19999999999999973,,
2006-05-03,3.3,4.1,1.7,5.3,3.7,3.2,3.1,3.0,3.0,3.0,3.0,,,,2.6,3.3,3.5,3.3,3.2,1.9,2.1,2.3,2.4,2.2,2.0,,,,5.1,5.0,5.0,4.7,4.7,4.8,4.8,4.9,4.9,4.9,5.0,,,,3.8,5.5,3.3,2.2,4.4,2.2,2.4,2.4,2.2,2.1,2.0,,,,1.8,1.6,2.4,2.4,2.7,2.4,2.4,2.3,2.3,2.2,2.2,,,,3.3,3.7,2.9,2.0,3.9,2.1,2.2,2.2,2.0,1.9,1.8,,,,1.7,1.4,2.4,2.0,2.5,2.2,2.1,2.1,2.0,2.0,1.9,,,,3.4,4.1,0.9,5.5,3.7,3.5,3.4,3.2,3.2,3.2,3.1,,,,8.8,8.5,4.5,15.6,4.4,8.9,6.8,5.4,6.5,6.3,6.1,,,,10.8,7.3,2.8,3.8,-1.7,-2.1,-0.6,-0.2,-0.2,-0.6,-2.0,,,,2.4,7.4,-2.6,10.8,-1.9,0.7,0.6,0.2,0.0,0.0,0.0,,,,2.6,0.2,0.2,0.7,1.9,2.1,2.2,2.2,2.2,2.2,2.2,,,,6.0,7.6,5.2,8.8,7.0,5.1,5.2,5.4,5.5,5.3,5.1,,,,2.0,2.1,2.1,2.1,2.0,2.0,2.0,2.0,2.0,2.0,2.0,,,,1.6,1.4,5.3,4.5,7.2,5.8,4.5,4.0,3.1,2.8,2.8,,,,-0.5,0.7999999999999998,-2.3999999999999995,3.5,-1.0,-0.2999999999999998,-0.6000000000000001,-0.3999999999999999,-0.10000000000000009,-0.10000000000000009,-0.10000000000000009,,,,-0.5,0.6999999999999997,0.20000000000000018,0.0,-0.19999999999999973,-0.7000000000000002,0.10000000000000009,0.2999999999999998,0.2999999999999998,0.0,-0.10000000000000009,,,,-0.10000000000000053,-0.09999999999999964,0.0,-0.2999999999999998,-0.09999999999999964,0.0,0.0,0.10000000000000053,0.10000000000000053,0.10000000000000053,0.09999999999999964,,,,1.5,1.7000000000000002,-2.2,-1.0999999999999996,2.3000000000000003,0.20000000000000018,0.10000000000000009,0.10000000000000009,-0.19999999999999973,-0.10000000000000009,-0.10000000000000009,,,,-0.8,-0.19999999999999996,0.7999999999999998,0.0,0.5,0.0,0.0,-0.10000000000000009,0.0,0.0,0.0,,,,1.0,0.40000000000000036,-0.8000000000000003,-0.7000000000000002,2.0,0.10000000000000009,0.10000000000000009,0.0,-0.10000000000000009,-0.10000000000000009,-0.09999999999999987,,,,-0.7,-0.30000000000000004,1.0,-0.10000000000000009,0.6000000000000001,0.0,-0.10000000000000009,-0.10000000000000009,0.0,0.10000000000000009,0.0,,,,-0.10000000000000009,0.6999999999999997,-3.1999999999999997,4.3,-1.5,-0.10000000000000009,-0.10000000000000009,-0.19999999999999973,-0.2999999999999998,-0.09999999999999964,-0.19999999999999973,,,,3.1000000000000005,-0.3000000000000007,-4.0,10.2,-8.4,4.0,-3.2,-1.5,0.7999999999999998,-0.20000000000000018,-0.10000000000000053,,,,1.3000000000000007,-3.500000000000001,-4.5,0.7999999999999998,-1.5,-1.2000000000000002,-0.8999999999999999,-4.8,-4.1,-1.2,0.10000000000000009,,,,0.0,5.0,-10.0,13.4,-7.800000000000001,-0.30000000000000004,-0.4,-0.9000000000000001,0.0,0.0,0.0,,,,1.0,-2.4,0.0,0.39999999999999997,0.7999999999999998,0.10000000000000009,0.20000000000000018,0.10000000000000009,0.0,0.0,0.0,,,,-1.0,1.5999999999999996,-2.3999999999999995,3.6000000000000005,-1.1999999999999993,-1.1000000000000005,-0.5,-0.09999999999999964,0.20000000000000018,-0.10000000000000053,-0.10000000000000053,,,,-0.10000000000000009,0.10000000000000009,0.0,0.0,-0.10000000000000009,0.0,0.0,-0.10000000000000009,-0.10000000000000009,-0.10000000000000009,-0.10000000000000009,,,,-2.1999999999999997,-0.20000000000000018,3.9,-0.7999999999999998,2.0,-1.0,-0.9000000000000004,-0.5,-0.6999999999999997,-0.30000000000000027,0.09999999999999964,,,
2006-06-21,3.3,4.1,1.7,5.8,2.0,2.7,2.7,2.5,2.8,2.7,2.7,,,,2.6,3.3,3.5,3.3,3.8,2.3,1.6,2.3,2.5,2.3,2.1,,,,5.1,5.0,5.0,4.7,4.7,4.8,4.9,5.0,5.1,5.1,5.2,,,,3.8,5.5,3.3,2.2,4.8,1.7,1.7,2.4,2.4,2.3,2.1,,,,1.8,1.6,2.4,2.4,3.4,2.5,2.4,2.4,2.4,2.4,2.3,,,,3.3,3.7,2.9,2.0,4.3,1.8,1.8,2.2,2.2,2.1,2.0,,,,1.7,1.4,2.4,2.0,3.1,2.3,2.2,2.2,2.2,2.2,2.1,,,,3.4,4.1,0.9,5.2,2.2,3.2,2.8,3.0,2.9,2.9,2.8,,,,8.8,8.5,4.5,13.2,4.8,7.2,6.4,4.7,5.7,5.5,5.5,,,,10.8,7.3,2.8,1.7,-7.4,-11.6,-3.2,-2.7,-0.5,-1.5,-2.2,,,,2.4,7.4,-2.6,10.5,-0.7,0.9,0.6,0.0,0.0,0.0,0.0,,,,2.6,0.2,0.2,1.6,1.8,1.9,1.9,2.1,2.1,2.1,2.1,,,,6.0,7.6,5.2,9.3,5.9,5.0,4.3,4.8,5.3,5.1,4.9,,,,2.1,2.1,2.1,2.1,1.9,1.9,1.9,1.9,1.9,1.9,1.9,,,,1.6,1.4,5.3,5.3,5.5,3.7,4.5,3.7,2.9,2.6,2.6,,,,0.0,0.0,0.0,0.5,-1.7000000000000002,-0.5,-0.3999999999999999,-0.5,-0.20000000000000018,-0.2999999999999998,-0.2999999999999998,,,,0.0,0.0,0.0,0.0,0.5999999999999996,0.3999999999999999,-0.5,0.0,0.10000000000000009,0.09999999999999964,0.10000000000000009,,,,0.0,0.0,0.0,0.0,0.0,0.0,0.10000000000000053,0.09999999999999964,0.1999999999999993,0.1999999999999993,0.20000000000000018,,,,0.0,0.0,0.0,0.0,0.39999999999999947,-0.5000000000000002,-0.7,0.0,0.19999999999999973,0.19999999999999973,0.10000000000000009,,,,0.0,0.0,0.0,0.0,0.6999999999999997,0.10000000000000009,0.0,0.10000000000000009,0.10000000000000009,0.19999999999999973,0.09999999999999964,,,,0.0,0.0,0.0,0.0,0.3999999999999999,-0.30000000000000004,-0.40000000000000013,0.0,0.20000000000000018,0.20000000000000018,0.19999999999999996,,,,0.0,0.0,0.0,0.0,0.6000000000000001,0.09999999999999964,0.10000000000000009,0.10000000000000009,0.20000000000000018,0.20000000000000018,0.20000000000000018,,,,0.0,0.0,0.0,-0.2999999999999998,-1.5,-0.2999999999999998,-0.6000000000000001,-0.20000000000000018,-0.30000000000000027,-0.30000000000000027,-0.30000000000000027,,,,0.0,0.0,0.0,-2.4000000000000004,0.39999999999999947,-1.7000000000000002,-0.39999999999999947,-0.7000000000000002,-0.7999999999999998,-0.7999999999999998,-0.5999999999999996,,,,0.0,0.0,0.0,-2.0999999999999996,-5.7,-9.5,-2.6,-2.5,-0.3,-0.9,-0.20000000000000018,,,,0.0,0.0,0.0,-0.3000000000000007,1.2,0.20000000000000007,0.0,-0.2,0.0,0.0,0.0,,,,0.0,0.0,0.0,0.9000000000000001,-0.09999999999999987,-0.20000000000000018,-0.30000000000000027,-0.10000000000000009,-0.10000000000000009,-0.10000000000000009,-0.10000000000000009,,,,0.0,0.0,0.0,0.5,-1.0999999999999996,-0.09999999999999964,-0.9000000000000004,-0.6000000000000005,-0.20000000000000018,-0.20000000000000018,-0.1999999999999993,,,,0.10000000000000009,0.0,0.0,0.0,-0.10000000000000009,-0.10000000000000009,-0.10000000000000009,-0.10000000000000009,-0.10000000000000009,-0.10000000000000009,-0.10000000000000009,,,,0.0,0.0,0.0,0.7999999999999998,-1.7000000000000002,-2.0999999999999996,0.0,-0.2999999999999998,-0.20000000000000018,-0.19999999999999973,-0.19999999999999973,,,
2006-08-03,4.2,1.8,5.6,3.0,2.2,2.1,2.2,2.3,2.3,2.4,,,,,3.3,3.3,3.3,3.3,3.0,1.6,2.1,2.6,2.5,2.2,,,,,5.0,5.0,4.7,4.7,4.7,4.8,4.9,5.0,5.1,5.2,,,,,5.5,3.3,2.2,4.9,4.2,2.3,2.1,2.4,2.3,2.2,,,,,1.6,2.4,2.4,3.6,3.0,2.9,2.6,2.5,2.4,2.4,,,,,4.1,2.9,2.0,4.1,3.5,2.1,2.0,2.2,2.2,2.1,,,,,1.6,2.5,2.1,2.9,2.5,2.5,2.4,2.3,2.2,2.2,,,,,3.9,0.8,4.8,2.5,3.2,2.5,2.4,2.4,2.4,2.4,,,,,5.9,5.2,13.7,4.9,9.7,9.0,5.7,5.9,4.9,4.6,,,,,7.1,-0.9,-0.3,-9.0,-16.4,-11.6,-7.7,-2.7,-1.3,-0.6,,,,,9.6,-4.6,8.8,-3.4,2.1,3.1,3.1,2.3,1.5,0.8,,,,,-0.1,1.0,2.7,4.6,2.1,2.1,2.1,2.1,2.1,2.1,,,,,7.6,5.1,9.0,6.5,5.3,3.7,4.3,4.9,4.8,4.7,,,,,2.1,2.1,2.1,1.9,1.8,1.8,1.8,1.8,1.7,1.7,,,,,1.4,5.3,5.1,6.6,5.4,3.9,3.8,3.4,3.2,3.2,,,,,0.9000000000000004,-2.3,3.8999999999999995,-2.8,0.20000000000000018,-0.6000000000000001,-0.5,-0.20000000000000018,-0.5,-0.30000000000000027,,,,,0.6999999999999997,0.0,-0.20000000000000018,0.0,-0.7999999999999998,-0.6999999999999997,0.5,0.30000000000000027,0.0,-0.09999999999999964,,,,,-0.09999999999999964,0.0,-0.2999999999999998,0.0,0.0,0.0,0.0,0.0,0.0,0.10000000000000053,,,,,1.7000000000000002,-2.2,-1.0999999999999996,2.7,-0.5999999999999996,0.5999999999999999,0.40000000000000013,0.0,-0.10000000000000009,-0.09999999999999964,,,,,-0.19999999999999996,0.7999999999999998,0.0,1.2000000000000002,-0.3999999999999999,0.3999999999999999,0.20000000000000018,0.10000000000000009,0.0,0.0,,,,,0.7999999999999998,-0.8000000000000003,-0.8999999999999999,2.0999999999999996,-0.7999999999999998,0.30000000000000004,0.19999999999999996,0.0,0.0,0.0,,,,,-0.09999999999999987,1.1,-0.2999999999999998,0.8999999999999999,-0.6000000000000001,0.20000000000000018,0.19999999999999973,0.09999999999999964,0.0,0.0,,,,,0.5,-3.3,3.9,-2.7,1.0,-0.7000000000000002,-0.3999999999999999,-0.6000000000000001,-0.5,-0.5,,,,,-2.9000000000000004,-3.3,9.2,-8.299999999999999,4.8999999999999995,1.7999999999999998,-0.7000000000000002,1.2000000000000002,-0.7999999999999998,-0.9000000000000004,,,,,-3.700000000000001,-8.2,-3.0999999999999996,-10.7,-8.999999999999998,0.0,-4.5,0.0,-0.8,0.9,,,,,7.199999999999999,-12.0,11.4,-13.9,2.8,2.2,2.5,2.3,1.5,0.8,,,,,-2.7,0.8,2.5,2.9999999999999996,0.30000000000000004,0.20000000000000018,0.20000000000000018,0.0,0.0,0.0,,,,,1.5999999999999996,-2.5,3.8,-2.8000000000000007,-0.6000000000000005,-1.2999999999999998,0.0,0.10000000000000053,-0.5,-0.39999999999999947,,,,,0.0,0.0,0.0,-0.20000000000000018,-0.09999999999999987,-0.09999999999999987,-0.09999999999999987,-0.09999999999999987,-0.19999999999999996,-0.19999999999999996,,,,,-0.20000000000000018,3.9,-0.20000000000000018,1.2999999999999998,-0.09999999999999964,0.19999999999999973,-0.7000000000000002,-0.30000000000000027,0.30000000000000027,0.6000000000000001,,,,
2006-09-13,,,5.6,2.8,1.8,1.7,1.9,2.0,2.1,2.2,2.3,2.4,2.5,2.5,,,3.3,3.4,2.2,1.9,2.6,2.8,2.6,2.3,2.5,2.6,2.4,2.2,,,4.7,4.7,4.7,4.8,4.9,5.0,5.0,5.1,5.1,5.2,5.2,5.2,,,2.2,4.9,3.1,-0.2,3.3,2.8,2.6,2.3,2.2,2.1,2.0,2.0,,,2.4,3.6,3.0,2.9,2.6,2.5,2.5,2.4,2.4,2.4,2.3,2.3,,,2.0,4.1,2.5,0.3,2.9,2.5,2.4,2.2,2.1,2.1,2.0,2.0,,,2.1,2.8,2.3,2.5,2.4,2.3,2.3,2.2,2.2,2.2,2.1,2.1,,,4.8,2.6,3.1,2.7,2.5,2.5,2.6,2.6,2.6,2.7,2.8,2.8,,,13.7,4.4,9.5,9.2,4.7,4.8,3.8,3.6,3.5,3.1,2.9,2.4,,,-0.3,-10.9,-20.6,-20.5,-17.4,-7.6,-3.2,-0.8,0.8,1.5,3.1,3.3,,,8.8,-4.3,4.6,1.7,3.2,2.3,1.3,0.7,0.0,0.0,0.0,0.0,,,2.7,4.1,1.6,2.0,1.9,2.0,1.9,1.9,1.9,1.9,1.9,1.9,,,9.0,6.3,4.0,3.7,4.6,4.9,4.8,4.6,4.9,5.1,4.9,4.8,,,2.1,1.9,1.7,1.7,1.6,1.6,1.6,1.6,1.6,1.6,1.6,1.7,,,5.1,6.2,5.5,2.3,4.1,3.6,3.4,3.1,3.2,3.3,3.4,2.7,,,0.0,-0.20000000000000018,-0.40000000000000013,-0.40000000000000013,-0.30000000000000027,-0.2999999999999998,-0.19999999999999973,-0.19999999999999973,,,,,,,0.0,0.10000000000000009,-0.7999999999999998,0.2999999999999998,0.5,0.19999999999999973,0.10000000000000009,0.09999999999999964,,,,,,,0.0,0.0,0.0,0.0,0.0,0.0,-0.09999999999999964,-0.10000000000000053,,,,,,,0.0,0.0,-1.1,-2.5,1.1999999999999997,0.3999999999999999,0.30000000000000027,0.09999999999999964,,,,,,,0.0,0.0,0.0,0.0,0.0,0.0,0.10000000000000009,0.0,,,,,,,0.0,0.0,-1.0,-1.8,0.8999999999999999,0.2999999999999998,0.19999999999999973,0.10000000000000009,,,,,,,0.0,-0.10000000000000009,-0.20000000000000018,0.0,0.0,0.0,0.09999999999999964,0.0,,,,,,,0.0,0.10000000000000009,-0.10000000000000009,0.20000000000000018,0.10000000000000009,0.10000000000000009,0.20000000000000018,0.20000000000000018,,,,,,,0.0,-0.5,-0.1999999999999993,0.1999999999999993,-1.0,-1.1000000000000005,-1.1000000000000005,-0.9999999999999996,,,,,,,0.0,-1.9000000000000004,-4.200000000000003,-8.9,-9.7,-4.8999999999999995,-1.9000000000000001,-0.20000000000000007,,,,,,,0.0,-0.8999999999999999,2.4999999999999996,-1.4000000000000001,0.10000000000000009,0.0,-0.19999999999999996,-0.10000000000000009,,,,,,,0.0,-0.5,-0.5,-0.10000000000000009,-0.20000000000000018,-0.10000000000000009,-0.20000000000000018,-0.20000000000000018,,,,,,,0.0,-0.20000000000000018,-1.2999999999999998,0.0,0.2999999999999998,0.0,0.0,-0.10000000000000053,,,,,,,0.0,0.0,-0.10000000000000009,-0.10000000000000009,-0.19999999999999996,-0.19999999999999996,-0.09999999999999987,-0.09999999999999987,,,,,,,0.0,-0.39999999999999947,0.09999999999999964,-1.6,0.2999999999999998,0.20000000000000018,0.19999999999999973,-0.10000000000000009,,,,
2006-10-18,,5.6,2.6,1.0,2.3,2.1,2.1,2.2,2.3,2.5,2.5,2.5,2.5,,,3.3,3.3,1.8,1.6,3.0,2.7,2.6,2.4,2.6,2.5,2.4,2.3,,,4.7,4.7,4.7,4.7,4.8,5.0,5.0,5.1,5.1,5.1,5.1,5.1,,,2.2,4.9,3.0,-1.9,3.8,2.9,2.7,2.5,2.4,2.3,2.1,2.1,,,2.4,3.6,3.0,2.9,2.6,2.5,2.5,2.4,2.4,2.4,2.3,2.3,,,2.0,4.0,2.4,-0.8,3.3,2.7,2.5,2.3,2.2,2.1,2.1,2.0,,,2.1,2.7,2.2,2.4,2.4,2.3,2.3,2.2,2.2,2.1,2.1,2.1,,,4.8,2.6,2.9,3.1,2.6,2.6,2.6,2.6,2.8,2.7,2.8,2.8,,,13.7,4.4,12.0,5.8,4.9,4.8,4.1,3.9,4.6,3.7,3.5,3.2,,,-0.3,-11.1,-18.8,-20.8,-17.2,-7.5,-4.3,-1.1,1.4,1.5,2.9,3.2,,,8.8,-4.5,0.6,4.8,5.0,2.2,1.3,0.7,0.0,0.0,0.0,0.0,,,2.7,4.0,1.0,2.0,2.0,2.0,1.9,1.9,1.9,1.9,1.9,1.9,,,9.0,5.9,2.8,4.0,5.1,4.9,4.9,4.8,5.2,5.1,5.0,4.9,,,2.1,1.9,1.7,1.6,1.6,1.6,1.6,1.6,1.6,1.6,1.6,1.7,,,5.1,6.6,3.6,1.0,3.5,3.3,3.6,2.9,3.6,3.4,3.5,2.7,,,,-2.9999999999999996,-1.7999999999999998,0.4999999999999998,0.40000000000000013,0.20000000000000018,0.20000000000000018,0.19999999999999973,0.2999999999999998,0.20000000000000018,0.10000000000000009,0.0,,,,0.0,-1.5999999999999999,-0.6000000000000001,1.1,0.10000000000000009,-0.19999999999999973,-0.20000000000000018,0.30000000000000027,0.0,-0.20000000000000018,-0.10000000000000009,,,,0.0,0.0,0.0,0.0,0.09999999999999964,0.0,0.09999999999999964,0.0,0.0,-0.10000000000000053,-0.10000000000000053,,,,2.7,-1.9000000000000004,-5.0,4.0,-0.3999999999999999,-0.09999999999999964,-0.10000000000000009,0.10000000000000009,0.09999999999999964,0.0,0.10000000000000009,,,,1.2000000000000002,-0.6000000000000001,-0.10000000000000009,-0.2999999999999998,-0.10000000000000009,0.0,-0.10000000000000009,0.0,0.0,-0.10000000000000009,0.0,,,,2.0,-1.6999999999999997,-3.3,3.0,-0.19999999999999973,0.0,-0.10000000000000009,0.0,0.0,0.0,0.0,,,,0.6000000000000001,-0.5999999999999996,0.10000000000000009,-0.10000000000000009,-0.10000000000000009,0.0,-0.09999999999999964,0.0,-0.10000000000000009,-0.10000000000000009,0.0,,,,-2.1999999999999997,0.2999999999999998,0.0,-0.10000000000000009,0.10000000000000009,0.10000000000000009,0.0,0.19999999999999973,0.10000000000000009,0.09999999999999964,0.0,,,,-9.299999999999999,7.6,-3.7,-4.299999999999999,0.09999999999999964,-0.7000000000000002,0.10000000000000009,0.9999999999999996,0.20000000000000018,0.3999999999999999,0.30000000000000027,,,,-10.799999999999999,-7.9,-0.1999999999999993,3.3000000000000007,9.899999999999999,3.3,2.1,2.2,0.7,1.4,0.10000000000000009,,,,-13.3,4.8999999999999995,0.20000000000000018,3.3,-1.0,-0.9999999999999998,-0.6000000000000001,-0.7,0.0,0.0,0.0,,,,1.2999999999999998,-3.0999999999999996,0.3999999999999999,0.0,0.10000000000000009,-0.10000000000000009,0.0,0.0,0.0,0.0,0.0,,,,-3.0999999999999996,-3.5,0.0,1.3999999999999995,0.3000000000000007,0.0,0.0,0.6000000000000005,0.1999999999999993,-0.09999999999999964,0.0,,,,-0.20000000000000018,-0.19999999999999996,-0.09999999999999987,-0.09999999999999987,0.0,0.0,0.0,0.0,0.0,0.0,0.09999999999999987,,,,1.5,-2.6,-4.5,1.2000000000000002,-0.7999999999999998,0.0,-0.5,0.5,0.19999999999999973,0.20000000000000018,-0.6999999999999997,
2006-12-06,,5.6,2.6,2.0,1.3,1.7,2.2,2.4,2.4,2.5,2.5,2.5,2.5,,,3.3,3.3,1.8,1.5,3.5,2.4,2.4,2.3,2.5,2.4,2.3,2.2,,,4.7,4.7,4.7,4.5,4.6,4.8,4.9,5.0,5.0,5.0,5.1,5.1,,,2.2,4.9,3.0,-1.9,4.3,2.9,2.7,2.5,2.3,2.3,2.2,2.1,,,2.4,3.6,3.0,2.3,2.7,2.6,2.5,2.5,2.4,2.4,2.3,2.3,,,2.0,4.0,2.4,-0.5,3.7,2.6,2.5,2.3,2.2,2.1,2.1,2.0,,,2.1,2.7,2.2,2.6,2.4,2.3,2.3,2.3,2.2,2.1,2.1,2.1,,,4.8,2.6,2.9,3.1,2.7,2.3,2.4,2.4,2.6,2.6,2.6,2.6,,,13.7,4.4,9.4,4.1,3.9,4.3,3.7,3.9,4.8,4.2,3.9,3.6,,,-0.3,-11.1,-18.7,-23.8,-20.3,-7.2,-1.5,0.0,-1.3,0.8,1.8,4.5,,,8.8,-4.5,1.5,4.2,3.6,2.7,1.4,1.4,1.4,1.4,1.4,1.4,,,2.7,4.0,2.4,3.0,2.5,2.5,2.3,2.3,2.3,2.3,2.0,2.0,,,9.0,5.9,3.8,2.9,5.2,4.7,4.9,4.7,5.1,5.0,4.9,4.8,,,2.1,1.9,1.7,1.5,1.5,1.5,1.5,1.6,1.6,1.6,1.6,1.6,,,5.1,6.6,4.2,0.7,2.8,3.4,3.3,3.3,4.0,3.6,3.7,3.2,,,0.0,0.0,1.0,-0.9999999999999998,-0.40000000000000013,0.10000000000000009,0.19999999999999973,0.10000000000000009,0.0,0.0,0.0,0.0,,,0.0,0.0,0.0,-0.10000000000000009,0.5,-0.30000000000000027,-0.20000000000000018,-0.10000000000000009,-0.10000000000000009,-0.10000000000000009,-0.10000000000000009,-0.09999999999999964,,,0.0,0.0,0.0,-0.20000000000000018,-0.20000000000000018,-0.20000000000000018,-0.09999999999999964,-0.09999999999999964,-0.09999999999999964,-0.09999999999999964,0.0,0.0,,,0.0,0.0,0.0,0.0,0.5,0.0,0.0,0.0,-0.10000000000000009,0.0,0.10000000000000009,0.0,,,0.0,0.0,0.0,-0.6000000000000001,0.10000000000000009,0.10000000000000009,0.0,0.10000000000000009,0.0,0.0,0.0,0.0,,,0.0,0.0,0.0,0.30000000000000004,0.40000000000000036,-0.10000000000000009,0.0,0.0,0.0,0.0,0.0,0.0,,,0.0,0.0,0.0,0.20000000000000018,0.0,0.0,0.0,0.09999999999999964,0.0,0.0,0.0,0.0,,,0.0,0.0,0.0,0.0,0.10000000000000009,-0.30000000000000027,-0.20000000000000018,-0.20000000000000018,-0.19999999999999973,-0.10000000000000009,-0.19999999999999973,-0.19999999999999973,,,0.0,0.0,-2.5999999999999996,-1.7000000000000002,-1.0000000000000004,-0.5,-0.39999999999999947,0.0,0.20000000000000018,0.5,0.3999999999999999,0.3999999999999999,,,0.0,0.0,0.10000000000000142,-3.0,-3.1000000000000014,0.2999999999999998,2.8,1.1,-2.7,-0.7,-1.0999999999999999,1.2999999999999998,,,0.0,0.0,0.9,-0.5999999999999996,-1.4,0.5,0.09999999999999987,0.7,1.4,1.4,1.4,1.4,,,0.0,0.0,1.4,1.0,0.5,0.5,0.3999999999999999,0.3999999999999999,0.3999999999999999,0.3999999999999999,0.10000000000000009,0.10000000000000009,,,0.0,0.0,1.0,-1.1,0.10000000000000053,-0.20000000000000018,0.0,-0.09999999999999964,-0.10000000000000053,-0.09999999999999964,-0.09999999999999964,-0.10000000000000053,,,0.0,0.0,0.0,-0.10000000000000009,-0.10000000000000009,-0.10000000000000009,-0.10000000000000009,0.0,0.0,0.0,0.0,-0.09999999999999987,,,0.0,0.0,0.6000000000000001,-0.30000000000000004,-0.7000000000000002,0.10000000000000009,-0.30000000000000027,0.3999999999999999,0.3999999999999999,0.20000000000000018,0.20000000000000018,0.5,
2007-01-24,5.6,2.6,2.0,2.6,2.0,2.3,2.4,2.5,2.5,2.5,2.5,2.5,,,3.3,3.3,1.9,1.9,3.7,2.4,2.3,2.2,2.4,2.3,2.2,2.1,,,4.7,4.7,4.7,4.5,4.6,4.7,4.8,4.8,4.9,4.9,4.9,4.9,,,2.2,4.9,3.0,-2.1,2.0,2.6,2.6,2.4,2.3,2.2,2.1,2.1,,,2.4,3.6,3.0,1.8,2.4,2.5,2.3,2.3,2.2,2.2,2.2,2.2,,,2.0,4.0,2.4,-0.8,1.9,2.4,2.4,2.2,2.2,2.1,2.0,2.0,,,2.1,2.7,2.2,2.1,2.2,2.2,2.2,2.1,2.1,2.0,2.0,2.0,,,4.8,2.6,2.8,4.6,3.6,2.4,2.5,2.6,2.7,2.7,2.7,2.7,,,13.7,4.4,10.0,-1.4,3.9,7.7,4.4,4.2,4.9,4.0,4.0,4.0,,,-0.3,-11.1,-18.7,-20.6,-21.2,-8.7,-2.2,-1.6,-0.7,2.2,2.7,4.1,,,8.8,-4.5,1.3,8.8,1.9,1.5,1.3,1.3,1.4,1.4,1.3,1.3,,,2.7,4.0,1.9,2.7,2.6,2.6,2.4,2.4,2.4,2.4,2.1,2.1,,,9.0,5.9,3.8,4.6,5.7,4.7,4.7,4.7,5.0,4.9,4.8,4.7,,,2.1,1.9,1.7,1.6,1.5,1.5,1.5,1.5,1.6,1.6,1.6,1.6,,,5.0,6.5,4.0,-0.5,2.8,3.4,3.2,3.4,4.0,3.4,3.5,3.6,,,,-2.9999999999999996,-0.6000000000000001,0.6000000000000001,0.7,0.5999999999999999,0.19999999999999973,0.10000000000000009,0.10000000000000009,0.0,0.0,0.0,,,,0.0,-1.4,0.09999999999999987,2.2,-1.1,-0.10000000000000009,-0.19999999999999973,0.10000000000000009,-0.20000000000000018,-0.19999999999999973,-0.19999999999999973,,,,0.0,0.0,-0.20000000000000018,0.09999999999999964,0.10000000000000053,0.0,-0.10000000000000053,-0.09999999999999964,-0.09999999999999964,-0.09999999999999964,-0.1999999999999993,,,,2.7,-1.9000000000000004,-5.1,3.9,-1.6999999999999997,-0.2999999999999998,-0.30000000000000027,-0.20000000000000018,-0.09999999999999964,-0.19999999999999973,-0.10000000000000009,,,,1.2000000000000002,-0.6000000000000001,-1.2,0.10000000000000009,-0.20000000000000018,-0.30000000000000027,-0.20000000000000018,-0.2999999999999998,-0.19999999999999973,-0.19999999999999973,-0.09999999999999964,,,,2.0,-1.6,-3.2,2.4,-1.3000000000000003,-0.20000000000000018,-0.2999999999999998,-0.09999999999999964,-0.10000000000000009,-0.10000000000000009,-0.10000000000000009,,,,0.6000000000000001,-0.5,-0.10000000000000009,-0.3999999999999999,-0.19999999999999973,-0.09999999999999964,-0.19999999999999973,-0.19999999999999973,-0.20000000000000018,-0.10000000000000009,-0.10000000000000009,,,,-2.1999999999999997,0.19999999999999973,1.6999999999999997,0.5,-0.30000000000000027,0.20000000000000018,0.20000000000000018,0.30000000000000027,0.10000000000000009,0.10000000000000009,0.10000000000000009,,,,-9.299999999999999,5.6,-10.8,-0.19999999999999973,3.8000000000000003,0.10000000000000053,0.5,1.0000000000000004,-0.7999999999999998,-0.20000000000000018,0.10000000000000009,,,,-10.799999999999999,-7.6,-1.9000000000000021,2.6000000000000014,11.600000000000001,5.0,-0.10000000000000009,-0.7,3.5,1.9000000000000001,2.3,,,,-13.3,5.8,7.300000000000001,-2.3000000000000003,-2.1,-1.4000000000000001,-0.09999999999999987,0.0,0.0,-0.09999999999999987,-0.09999999999999987,,,,1.2999999999999998,-2.1,0.30000000000000027,-0.3999999999999999,0.10000000000000009,-0.10000000000000009,0.10000000000000009,0.10000000000000009,0.10000000000000009,-0.19999999999999973,0.10000000000000009,,,,-3.0999999999999996,-2.1000000000000005,0.7999999999999998,2.8000000000000003,-0.5,0.0,-0.20000000000000018,0.2999999999999998,-0.1999999999999993,-0.20000000000000018,-0.20000000000000018,,,,-0.20000000000000018,-0.19999999999999996,-0.09999999999999987,0.0,0.0,0.0,0.0,0.0,0.0,0.0,0.0,,,,1.4000000000000004,-2.5999999999999996,-4.7,2.0999999999999996,0.6000000000000001,-0.19999999999999973,0.10000000000000009,0.7000000000000002,-0.6000000000000001,-0.10000000000000009,-0.10000000000000009,,
2007-03-14,5.6,2.6,2.0,2.2,1.5,2.3,2.3,2.3,2.3,2.3,2.3,2.3,,,3.3,3.3,1.9,1.6,3.9,2.7,2.0,2.1,2.4,2.3,2.2,2.1,,,4.7,4.7,4.7,4.5,4.6,4.7,4.8,4.9,4.9,5.0,5.0,5.1,,,1.8,5.1,3.0,-2.0,3.3,3.2,2.3,2.3,2.3,2.2,2.2,2.1,,,2.4,3.2,3.2,1.8,2.4,2.5,2.4,2.3,2.3,2.3,2.2,2.2,,,2.0,4.0,2.4,-0.9,2.9,2.8,2.2,2.2,2.1,2.1,2.0,2.0,,,2.1,2.7,2.2,1.9,2.2,2.2,2.2,2.2,2.1,2.1,2.0,2.0,,,4.8,2.6,2.8,4.1,3.7,2.2,2.1,2.1,2.3,2.4,2.5,2.5,,,13.7,4.4,10.0,-2.5,2.8,2.7,3.9,3.9,4.6,3.8,3.7,3.4,,,-0.3,-11.1,-18.7,-19.7,-22.2,-19.9,-6.2,-1.6,-0.5,2.1,2.4,3.6,,,8.8,-4.5,1.3,4.4,-0.5,8.5,3.4,1.7,1.6,1.6,1.5,1.5,,,2.7,4.0,1.9,2.6,2.4,2.6,2.5,2.5,2.5,2.5,2.3,2.3,,,9.0,5.9,3.8,3.9,5.5,5.1,4.3,4.5,4.7,4.7,4.6,4.5,,,2.1,1.9,1.7,1.6,1.4,1.4,1.5,1.5,1.5,1.5,1.6,1.6,,,5.0,6.5,4.0,-0.8,1.8,2.6,3.4,3.1,3.3,3.0,3.4,3.9,,,0.0,0.0,0.0,-0.3999999999999999,-0.5,0.0,-0.10000000000000009,-0.20000000000000018,-0.20000000000000018,-0.20000000000000018,-0.20000000000000018,-0.20000000000000018,,,0.0,0.0,0.0,-0.2999999999999998,0.19999999999999973,0.30000000000000027,-0.2999999999999998,-0.10000000000000009,0.0,0.0,0.0,0.0,,,0.0,0.0,0.0,0.0,0.0,0.0,0.0,0.10000000000000053,0.0,0.09999999999999964,0.09999999999999964,0.1999999999999993,,,-0.40000000000000013,0.1999999999999993,0.0,0.10000000000000009,1.2999999999999998,0.6000000000000001,-0.30000000000000027,-0.10000000000000009,0.0,0.0,0.10000000000000009,0.0,,,0.0,-0.3999999999999999,0.20000000000000018,0.0,0.0,0.0,0.10000000000000009,0.0,0.09999999999999964,0.09999999999999964,0.0,0.0,,,0.0,0.0,0.0,-0.09999999999999998,1.0,0.3999999999999999,-0.19999999999999973,0.0,-0.10000000000000009,0.0,0.0,0.0,,,0.0,0.0,0.0,-0.20000000000000018,0.0,0.0,0.0,0.10000000000000009,0.0,0.10000000000000009,0.0,0.0,,,0.0,0.0,0.0,-0.5,0.10000000000000009,-0.19999999999999973,-0.3999999999999999,-0.5,-0.40000000000000036,-0.30000000000000027,-0.20000000000000018,-0.20000000000000018,,,0.0,0.0,0.0,-1.1,-1.1,-5.0,-0.5000000000000004,-0.30000000000000027,-0.3000000000000007,-0.20000000000000018,-0.2999999999999998,-0.6000000000000001,,,0.0,0.0,0.0,0.9000000000000021,-1.0,-11.2,-4.0,0.0,0.19999999999999996,-0.10000000000000009,-0.30000000000000027,-0.49999999999999956,,,0.0,0.0,0.0,-4.4,-2.4,7.0,2.0999999999999996,0.3999999999999999,0.20000000000000018,0.20000000000000018,0.19999999999999996,0.19999999999999996,,,0.0,0.0,0.0,-0.10000000000000009,-0.20000000000000018,0.0,0.10000000000000009,0.10000000000000009,0.10000000000000009,0.10000000000000009,0.19999999999999973,0.19999999999999973,,,0.0,0.0,0.0,-0.6999999999999997,-0.20000000000000018,0.39999999999999947,-0.40000000000000036,-0.20000000000000018,-0.2999999999999998,-0.20000000000000018,-0.20000000000000018,-0.20000000000000018,,,0.0,0.0,0.0,0.0,-0.10000000000000009,-0.10000000000000009,0.0,0.0,-0.10000000000000009,-0.10000000000000009,0.0,0.0,,,0.0,0.0,0.0,-0.30000000000000004,-0.9999999999999998,-0.7999999999999998,0.19999999999999973,-0.2999999999999998,-0.7000000000000002,-0.3999999999999999,-0.10000000000000009,0.2999999999999998,,
2007-05-02,2.6,2.0,2.5,1.3,2.6,2.0,2.1,2.4,2.4,2.4,2.4,,,,3.3,1.9,1.7,3.9,2.8,1.7,2.1,2.3,2.3,2.3,2.1,,,,4.7,4.7,4.5,4.5,4.6,4.7,4.8,4.8,4.9,4.9,5.0,,,,5.1,3.0,-2.0,3.8,5.1,1.9,2.3,2.3,2.3,2.2,2.0,,,,3.2,3.2,1.8,2.3,2.4,2.5,2.5,2.4,2.4,2.3,2.2,,,,4.0,2.4,-1.0,3.3,4.2,2.0,2.2,2.1,2.1,2.0,2.0,,,,2.7,2.2,1.8,2.2,2.2,2.3,2.3,2.2,2.2,2.1,2.1,,,,2.6,2.8,4.2,3.8,1.9,2.1,2.2,2.4,2.4,2.6,2.5,,,,4.4,10.0,-3.1,2.8,2.9,3.5,3.5,4.4,4.0,3.5,3.4,,,,-11.1,-18.7,-19.8,-14.1,-18.5,-19.2,-7.7,-6.0,-1.2,1.1,2.1,,,,-4.5,1.3,4.6,-3.0,8.3,5.7,1.9,1.8,1.6,1.5,1.4,,,,4.0,1.9,2.7,4.0,3.0,2.4,2.4,2.4,2.4,1.8,1.8,,,,5.9,3.8,4.1,5.2,5.5,3.7,4.2,4.7,4.8,4.7,4.5,,,,1.9,1.7,1.6,1.5,1.4,1.4,1.4,1.4,1.4,1.4,1.4,,,,6.5,4.0,-1.5,1.4,4.0,2.6,3.1,3.2,3.0,3.6,3.9,,,,-2.9999999999999996,-0.6000000000000001,0.5,-0.9000000000000001,1.1,-0.2999999999999998,-0.19999999999999973,0.10000000000000009,0.10000000000000009,0.10000000000000009,0.10000000000000009,,,,0.0,-1.4,-0.19999999999999996,2.3,-1.1,-1.0000000000000002,0.10000000000000009,0.19999999999999973,-0.10000000000000009,0.0,-0.10000000000000009,,,,0.0,0.0,-0.20000000000000018,0.0,0.0,0.0,0.0,-0.10000000000000053,0.0,-0.09999999999999964,0.0,,,,3.3,-2.0999999999999996,-5.0,5.8,1.7999999999999998,-1.3000000000000003,0.0,0.0,0.0,0.0,-0.20000000000000018,,,,0.8000000000000003,0.0,-1.4000000000000001,0.4999999999999998,0.0,0.0,0.10000000000000009,0.10000000000000009,0.10000000000000009,0.0,0.0,,,,2.0,-1.6,-3.4,4.2,1.3000000000000003,-0.7999999999999998,0.0,-0.10000000000000009,0.0,-0.10000000000000009,0.0,,,,0.6000000000000001,-0.5,-0.40000000000000013,0.30000000000000027,0.0,0.09999999999999964,0.09999999999999964,0.0,0.10000000000000009,0.0,0.10000000000000009,,,,-2.1999999999999997,0.19999999999999973,1.4000000000000004,-0.2999999999999998,-1.8000000000000003,-0.10000000000000009,0.10000000000000009,0.2999999999999998,0.10000000000000009,0.20000000000000018,0.0,,,,-9.299999999999999,5.6,-13.1,5.3,0.10000000000000009,0.7999999999999998,-0.3999999999999999,0.5000000000000004,-0.5999999999999996,-0.2999999999999998,-0.30000000000000027,,,,-10.799999999999999,-7.6,-1.1000000000000014,5.6,3.6999999999999993,0.6999999999999993,-1.5,-4.4,-0.7,-1.0,-0.2999999999999998,,,,-13.3,5.8,3.3,-7.4,8.8,-2.8,-1.5,0.10000000000000009,0.0,-0.10000000000000009,-0.10000000000000009,,,,1.2999999999999998,-2.1,0.8000000000000003,1.4,0.6000000000000001,-0.20000000000000018,-0.10000000000000009,-0.10000000000000009,-0.10000000000000009,-0.7,-0.4999999999999998,,,,-3.0999999999999996,-2.1000000000000005,0.2999999999999998,1.3000000000000003,0.0,-1.3999999999999995,-0.09999999999999964,0.20000000000000018,0.09999999999999964,0.0,-0.09999999999999964,,,,-0.20000000000000018,-0.19999999999999996,-0.09999999999999987,-0.10000000000000009,0.0,0.0,-0.10000000000000009,-0.10000000000000009,-0.10000000000000009,-0.10000000000000009,-0.20000000000000018,,,,1.5,-2.5,-5.5,2.2,2.2,0.0,-0.2999999999999998,0.10000000000000009,-0.2999999999999998,0.6000000000000001,0.5,,,
2007-06-20,2.6,2.0,2.5,1.0,3.0,2.5,2.2,2.5,2.5,2.5,2.5,,,,3.3,1.9,1.7,4.1,2.9,1.3,1.9,2.2,2.3,2.2,2.1,,,,4.7,4.7,4.5,4.5,4.5,4.6,4.7,4.7,4.8,4.8,4.8,,,,5.1,3.0,-2.0,3.8,6.0,1.9,1.9,2.2,2.2,2.1,2.1,,,,3.2,3.2,1.8,2.3,1.9,2.4,2.4,2.3,2.3,2.2,2.2,,,,4.0,2.4,-1.0,3.5,4.4,1.8,1.9,2.0,2.1,2.0,2.0,,,,2.7,2.2,1.8,2.4,1.4,2.2,2.2,2.1,2.1,2.0,2.0,,,,2.6,2.8,4.2,4.3,1.6,2.3,2.3,2.5,2.5,2.6,2.5,,,,4.4,10.0,-3.1,3.3,2.8,4.4,3.6,5.2,4.8,4.5,3.9,,,,-11.1,-18.7,-19.8,-15.8,-12.2,-18.3,-15.0,-9.5,-1.3,2.0,4.1,,,,-4.5,1.3,4.6,-3.9,7.8,5.2,3.7,1.8,1.6,1.6,1.4,,,,4.0,1.9,2.7,3.9,3.0,2.4,2.4,2.4,2.4,1.8,1.8,,,,5.9,3.8,4.1,5.1,6.0,3.8,4.1,4.8,4.9,4.7,4.6,,,,1.9,1.7,1.6,1.5,1.5,1.4,1.3,1.4,1.4,1.4,1.4,,,,6.5,4.0,-1.5,0.8,2.8,3.2,2.4,2.8,2.4,2.9,4.1,,,,0.0,0.0,0.0,-0.30000000000000004,0.3999999999999999,0.5,0.10000000000000009,0.10000000000000009,0.10000000000000009,0.10000000000000009,0.10000000000000009,,,,0.0,0.0,0.0,0.19999999999999973,0.10000000000000009,-0.3999999999999999,-0.20000000000000018,-0.09999999999999964,0.0,-0.09999999999999964,0.0,,,,0.0,0.0,0.0,0.0,-0.09999999999999964,-0.10000000000000053,-0.09999999999999964,-0.09999999999999964,-0.10000000000000053,-0.10000000000000053,-0.20000000000000018,,,,0.0,0.0,0.0,0.0,0.9000000000000004,0.0,-0.3999999999999999,-0.09999999999999964,-0.09999999999999964,-0.10000000000000009,0.10000000000000009,,,,0.0,0.0,0.0,0.0,-0.5,-0.10000000000000009,-0.10000000000000009,-0.10000000000000009,-0.10000000000000009,-0.09999999999999964,0.0,,,,0.0,0.0,0.0,0.20000000000000018,0.20000000000000018,-0.19999999999999996,-0.30000000000000027,-0.10000000000000009,0.0,0.0,0.0,,,,0.0,0.0,0.0,0.19999999999999973,-0.8000000000000003,-0.09999999999999964,-0.09999999999999964,-0.10000000000000009,-0.10000000000000009,-0.10000000000000009,-0.10000000000000009,,,,0.0,0.0,0.0,0.5,-0.2999999999999998,0.19999999999999973,0.09999999999999964,0.10000000000000009,0.10000000000000009,0.0,0.0,,,,0.0,0.0,0.0,0.5,-0.10000000000000009,0.9000000000000004,0.10000000000000009,0.7999999999999998,0.7999999999999998,1.0,0.5,,,,0.0,0.0,0.0,-1.700000000000001,6.300000000000001,0.8999999999999986,-7.3,-3.5,-0.10000000000000009,0.8999999999999999,1.9999999999999996,,,,0.0,0.0,0.0,-0.8999999999999999,-0.5000000000000009,-0.5,1.8000000000000003,0.0,0.0,0.10000000000000009,0.0,,,,0.0,0.0,0.0,-0.10000000000000009,0.0,0.0,0.0,0.0,0.0,0.0,0.0,,,,0.0,0.0,0.0,-0.10000000000000053,0.5,0.09999999999999964,-0.10000000000000053,0.09999999999999964,0.10000000000000053,0.0,0.09999999999999964,,,,0.0,0.0,0.0,0.0,0.10000000000000009,0.0,-0.09999999999999987,0.0,0.0,0.0,0.0,,,,0.0,0.0,0.0,-0.5999999999999999,-1.2000000000000002,0.6000000000000001,-0.7000000000000002,-0.40000000000000036,-0.6000000000000001,-0.7000000000000002,0.19999999999999973,,,
2007-08-02,1.1,2.1,0.6,3.4,2.2,1.6,1.8,1.9,2.0,2.1,,,,,2.4,1.7,4.2,2.7,1.4,2.1,2.2,2.3,2.3,2.2,,,,,4.7,4.5,4.5,4.5,4.6,4.7,4.7,4.8,4.8,4.8,,,,,3.0,-2.0,3.8,6.0,2.4,2.0,1.7,1.9,2.0,2.0,,,,,3.2,1.8,2.3,1.9,2.4,2.4,2.3,2.3,2.2,2.2,,,,,2.6,-0.9,3.5,4.3,2.2,2.0,1.7,1.9,1.9,1.9,,,,,2.3,1.9,2.4,1.4,2.0,2.2,2.1,2.1,2.0,2.0,,,,,2.8,3.9,3.7,1.3,2.0,1.9,2.0,2.0,2.0,2.0,,,,,5.1,-1.4,2.1,9.6,2.4,4.4,3.3,3.1,3.1,3.0,,,,,-20.4,-17.2,-16.3,-10.4,-19.6,-21.3,-15.9,-4.5,2.1,3.4,,,,,0.9,7.3,-6.3,6.7,5.2,4.3,1.8,1.6,1.6,1.5,,,,,0.7,1.3,3.0,3.3,2.1,1.9,1.8,1.8,1.2,1.2,,,,,3.4,3.8,4.9,6.2,3.6,3.7,4.1,4.2,4.3,4.3,,,,,1.7,1.6,1.5,1.5,1.3,1.3,1.3,1.3,1.3,1.4,,,,,4.0,-1.5,1.1,2.9,2.9,2.2,2.3,2.0,2.5,3.9,,,,,-1.5,0.10000000000000009,-1.9,2.4,-0.7999999999999998,-0.8999999999999999,-0.40000000000000013,-0.6000000000000001,-0.5,-0.3999999999999999,,,,,-0.8999999999999999,-0.19999999999999996,2.5,-1.3999999999999995,-1.5,0.8,0.30000000000000027,0.09999999999999964,0.0,0.0,,,,,0.0,-0.20000000000000018,0.0,0.0,0.09999999999999964,0.10000000000000053,0.0,0.09999999999999964,0.0,0.0,,,,,-2.0999999999999996,-5.0,5.8,2.2,-3.6,0.10000000000000009,-0.19999999999999996,-0.30000000000000027,-0.20000000000000018,-0.10000000000000009,,,,,0.0,-1.4000000000000001,0.4999999999999998,-0.3999999999999999,0.5,0.0,-0.10000000000000009,0.0,-0.09999999999999964,0.0,,,,,-1.4,-3.3,4.5,0.7999999999999998,-2.2,0.19999999999999996,-0.19999999999999996,-0.10000000000000009,-0.20000000000000018,-0.10000000000000009,,,,,-0.40000000000000036,-0.30000000000000027,0.5999999999999999,-1.0,0.6000000000000001,0.0,-0.10000000000000009,0.0,-0.10000000000000009,0.0,,,,,0.19999999999999973,1.1,-0.5,-3.0,0.3999999999999999,-0.3999999999999999,-0.2999999999999998,-0.5,-0.5,-0.6000000000000001,,,,,0.6999999999999993,-11.4,5.2,6.3,-0.3999999999999999,0.0,-0.30000000000000027,-2.1,-1.6999999999999997,-1.5,,,,,-9.299999999999999,1.5,3.5,5.4,-7.400000000000002,-3.0,-0.9000000000000004,5.0,3.4000000000000004,1.4,,,,,5.4,6.0,-10.899999999999999,10.6,-2.5999999999999996,-0.9000000000000004,-1.9000000000000001,-0.19999999999999996,0.0,-0.10000000000000009,,,,,-3.3,-0.5999999999999999,0.2999999999999998,-0.6000000000000001,-0.8999999999999999,-0.5,-0.5999999999999999,-0.5999999999999999,-1.2,-0.6000000000000001,,,,,-2.5000000000000004,0.0,0.8000000000000007,1.1000000000000005,-2.4,-0.09999999999999964,0.0,-0.5999999999999996,-0.6000000000000005,-0.40000000000000036,,,,,-0.19999999999999996,-0.09999999999999987,-0.10000000000000009,0.0,-0.19999999999999996,-0.09999999999999987,0.0,-0.09999999999999987,-0.09999999999999987,0.0,,,,,-2.5,-5.5,2.6,2.0999999999999996,0.10000000000000009,-1.0,-0.10000000000000009,-0.7999999999999998,0.10000000000000009,1.0,,,,
2007-09-12,,,0.6,3.7,2.6,1.0,1.3,1.7,1.8,1.9,2.1,2.1,2.2,2.2,,,4.2,2.7,0.8,2.3,2.1,2.1,2.1,2.0,2.2,2.1,2.0,2.0,,,4.5,4.5,4.6,4.7,4.7,4.8,4.9,4.9,4.9,4.9,4.9,4.9,,,3.8,6.0,1.9,2.6,1.4,1.8,1.9,1.8,1.8,1.8,1.8,1.8,,,2.3,1.9,2.6,2.3,2.2,2.2,2.1,2.1,2.1,2.1,2.1,2.1,,,3.5,4.2,1.6,2.4,1.5,1.8,1.8,1.8,1.8,1.8,1.8,1.8,,,2.4,1.3,1.9,2.1,2.0,2.0,1.9,1.9,1.9,1.9,1.9,1.9,,,3.7,1.4,2.4,1.9,1.7,1.7,1.8,1.9,2.1,2.1,2.1,2.1,,,2.1,10.4,1.9,3.5,2.2,2.0,1.7,1.8,2.9,3.1,3.1,3.2,,,-16.3,-12.4,-21.0,-28.2,-21.6,-10.2,1.7,2.7,2.3,2.4,2.6,2.7,,,-6.3,5.9,6.0,4.5,3.0,2.5,1.8,1.3,1.1,1.0,1.0,1.0,,,3.0,3.1,1.2,2.3,1.7,1.6,1.2,1.1,1.1,1.1,0.9,0.9,,,4.9,6.5,3.5,3.2,3.5,3.8,3.9,4.0,4.3,4.3,4.3,4.2,,,1.5,1.5,1.3,1.2,1.2,1.2,1.3,1.3,1.3,1.3,1.3,1.4,,,1.1,3.3,3.6,1.1,1.0,1.5,2.4,3.6,3.1,2.7,2.8,2.8,,,0.0,0.30000000000000027,0.3999999999999999,-0.6000000000000001,-0.5,-0.19999999999999996,-0.19999999999999996,-0.20000000000000018,,,,,,,0.0,0.0,-0.5999999999999999,0.19999999999999973,-0.10000000000000009,-0.19999999999999973,-0.19999999999999973,-0.20000000000000018,,,,,,,0.0,0.0,0.0,0.0,0.0,0.0,0.10000000000000053,0.10000000000000053,,,,,,,0.0,0.0,-0.5,0.6000000000000001,-0.30000000000000004,-0.09999999999999987,-0.10000000000000009,-0.19999999999999996,,,,,,,0.0,0.0,0.20000000000000018,-0.10000000000000009,-0.09999999999999964,-0.09999999999999964,-0.10000000000000009,-0.10000000000000009,,,,,,,0.0,-0.09999999999999964,-0.6000000000000001,0.3999999999999999,-0.19999999999999996,-0.09999999999999987,-0.09999999999999987,-0.09999999999999987,,,,,,,0.0,-0.09999999999999987,-0.10000000000000009,-0.10000000000000009,-0.10000000000000009,-0.10000000000000009,-0.10000000000000009,-0.10000000000000009,,,,,,,0.0,0.09999999999999987,0.3999999999999999,0.0,-0.30000000000000004,-0.30000000000000004,-0.19999999999999996,-0.10000000000000009,,,,,,,0.0,0.8000000000000007,-0.5,-0.9000000000000004,-1.0999999999999996,-1.1,-1.4000000000000001,-1.2,,,,,,,0.0,-2.0,-1.3999999999999986,-6.899999999999999,-5.700000000000001,-5.699999999999999,-0.40000000000000013,-0.6999999999999997,,,,,,,0.0,-0.7999999999999998,0.7999999999999998,0.20000000000000018,1.2,0.8999999999999999,0.19999999999999996,-0.19999999999999996,,,,,,,0.0,-0.19999999999999973,-0.9000000000000001,0.3999999999999999,-0.10000000000000009,-0.19999999999999996,0.0,-0.09999999999999987,,,,,,,0.0,0.2999999999999998,-0.10000000000000009,-0.5,-0.5999999999999996,-0.40000000000000036,-0.3999999999999999,-0.2999999999999998,,,,,,,0.0,0.0,0.0,-0.10000000000000009,-0.10000000000000009,-0.10000000000000009,0.0,-0.09999999999999987,,,,,,,0.0,0.3999999999999999,0.7000000000000002,-1.1,-1.2999999999999998,-0.5,-0.10000000000000009,-0.2999999999999998,,,,
2007-10-24,,0.6,3.8,3.3,1.4,1.5,1.8,1.9,1.9,2.1,2.2,2.2,2.2,,,4.2,2.6,0.5,0.8,2.7,2.2,2.1,2.0,2.2,2.2,2.1,2.0,,,4.5,4.5,4.7,4.7,4.7,4.7,4.7,4.8,4.8,4.8,4.8,4.8,,,3.8,6.0,1.9,3.2,2.8,1.9,1.7,1.7,1.7,1.7,1.7,1.7,,,2.3,1.9,2.5,2.3,2.2,2.2,2.1,2.1,2.1,2.1,2.1,2.1,,,3.5,4.3,1.5,2.7,2.3,1.7,1.7,1.7,1.7,1.7,1.7,1.7,,,2.4,1.4,1.6,2.0,1.9,1.9,1.9,1.9,1.9,1.9,1.9,1.9,,,3.7,1.4,3.2,2.3,1.5,1.6,1.7,2.1,1.9,2.0,2.1,2.3,,,2.1,11.0,6.2,3.2,2.3,2.1,1.5,1.7,3.1,2.7,3.0,3.0,,,-16.3,-11.8,-22.4,-32.8,-21.4,-10.4,1.3,2.4,2.1,2.0,2.0,1.9,,,-6.3,6.0,5.8,4.6,3.0,2.6,1.9,1.4,1.1,1.0,1.1,1.0,,,3.0,3.0,1.8,2.2,1.7,1.6,1.1,1.1,1.1,1.1,0.9,0.9,,,4.9,6.6,3.9,2.3,4.2,4.0,4.0,3.9,4.4,4.4,4.3,4.3,,,1.5,1.5,1.3,1.2,1.2,1.2,1.2,1.3,1.3,1.3,1.3,1.4,,,1.1,3.5,4.0,1.4,2.5,1.5,2.9,4.2,3.1,2.6,2.9,3.0,,,,3.1999999999999997,-0.40000000000000036,-1.2000000000000002,0.5,0.5,0.19999999999999996,0.09999999999999987,0.20000000000000018,0.10000000000000009,0.10000000000000009,0.0,,,,-1.6,-2.2,0.0,0.40000000000000036,0.10000000000000009,0.0,-0.10000000000000009,0.20000000000000018,0.0,0.0,0.0,,,,0.0,0.20000000000000018,0.10000000000000053,0.0,0.0,-0.09999999999999964,-0.10000000000000053,-0.10000000000000053,-0.10000000000000053,-0.10000000000000053,-0.10000000000000053,,,,2.2,-4.1,1.3000000000000003,0.19999999999999973,0.5,-0.10000000000000009,-0.19999999999999996,-0.10000000000000009,-0.10000000000000009,-0.10000000000000009,-0.10000000000000009,,,,-0.3999999999999999,0.6000000000000001,-0.30000000000000027,-0.09999999999999964,0.0,-0.10000000000000009,0.0,0.0,0.0,0.0,0.0,,,,0.7999999999999998,-2.7,1.1,-0.10000000000000009,0.19999999999999996,-0.10000000000000009,-0.10000000000000009,-0.10000000000000009,-0.10000000000000009,-0.10000000000000009,-0.10000000000000009,,,,-1.0,0.30000000000000004,0.10000000000000009,-0.20000000000000018,-0.10000000000000009,-0.10000000000000009,0.0,0.0,0.0,0.0,0.0,,,,-2.3000000000000003,1.8000000000000003,-0.10000000000000009,-0.3999999999999999,-0.09999999999999987,0.0,0.30000000000000004,0.0,-0.10000000000000009,0.0,0.19999999999999973,,,,8.9,-4.2,1.3000000000000003,-1.2000000000000002,-0.10000000000000009,-0.5,0.0,1.3,-0.19999999999999973,-0.10000000000000009,-0.10000000000000009,,,,4.5,-9.999999999999998,-11.799999999999997,6.800000000000001,11.200000000000001,11.5,0.7,-0.6000000000000001,-0.2999999999999998,-0.3999999999999999,-0.7000000000000002,,,,12.3,-0.10000000000000053,-1.4000000000000004,-1.5,-0.3999999999999999,-0.6000000000000001,-0.40000000000000013,-0.19999999999999996,-0.10000000000000009,0.10000000000000009,0.0,,,,0.0,-1.3,1.0000000000000002,-0.5999999999999999,-0.09999999999999987,-0.5,-0.09999999999999987,0.0,0.0,-0.20000000000000007,0.0,,,,1.6999999999999993,-2.6,-1.2000000000000002,1.0,0.5,0.20000000000000018,0.0,0.40000000000000036,0.10000000000000053,0.0,0.0,,,,0.0,-0.19999999999999996,-0.10000000000000009,0.0,0.0,0.0,0.0,0.0,0.0,0.0,0.09999999999999987,,,,2.4,0.7000000000000002,-2.2,1.4,0.5,1.4,1.8000000000000003,-0.5,-0.5,0.19999999999999973,0.20000000000000018,
2007-12-05,,0.6,3.8,5.0,0.1,0.7,1.4,1.5,1.7,1.9,2.1,2.1,2.1,,,4.2,2.6,0.9,1.8,2.5,2.2,2.0,1.9,2.1,2.0,1.9,1.9,,,4.5,4.5,4.7,4.7,4.8,4.8,4.9,4.9,4.9,5.0,5.0,5.0,,,3.8,6.0,1.9,4.0,2.9,2.1,1.9,1.7,1.8,1.8,1.8,1.8,,,2.3,1.9,2.5,2.3,2.3,2.2,2.2,2.1,2.1,2.1,2.1,2.1,,,3.5,4.3,1.7,3.5,2.5,2.0,1.8,1.7,1.7,1.7,1.7,1.7,,,2.4,1.4,1.8,2.2,2.1,2.0,2.0,1.9,1.9,1.9,1.9,1.9,,,3.7,1.4,2.7,1.3,1.4,1.4,1.5,1.7,2.0,2.2,2.3,2.3,,,2.1,11.0,10.1,4.4,0.9,0.3,0.0,1.0,1.9,2.3,2.7,2.6,,,-16.3,-11.8,-20.3,-30.0,-28.7,-16.1,-6.5,-4.7,-2.2,-2.6,-1.5,-2.8,,,-6.3,6.0,7.0,2.5,3.2,2.8,2.0,1.2,1.3,1.2,1.3,0.9,,,3.0,3.0,2.1,2.4,1.7,1.4,0.9,0.9,0.9,0.8,0.5,0.5,,,4.9,6.6,5.9,1.9,3.2,3.6,3.5,3.7,4.0,4.2,4.1,4.0,,,1.5,1.5,1.3,1.2,1.1,1.1,1.1,1.1,1.1,1.1,1.1,1.1,,,1.1,3.5,4.4,-0.7,1.7,1.3,2.2,3.5,2.8,2.2,2.5,2.6,,,0.0,0.0,1.7000000000000002,-1.2999999999999998,-0.8,-0.40000000000000013,-0.3999999999999999,-0.19999999999999996,-0.20000000000000018,-0.10000000000000009,-0.10000000000000009,-0.10000000000000009,,,0.0,0.0,0.4,1.0,-0.20000000000000018,0.0,-0.10000000000000009,-0.10000000000000009,-0.10000000000000009,-0.20000000000000018,-0.20000000000000018,-0.10000000000000009,,,0.0,0.0,0.0,0.0,0.09999999999999964,0.09999999999999964,0.20000000000000018,0.10000000000000053,0.10000000000000053,0.20000000000000018,0.20000000000000018,0.20000000000000018,,,0.0,0.0,0.0,0.7999999999999998,0.10000000000000009,0.20000000000000018,0.19999999999999996,0.0,0.10000000000000009,0.10000000000000009,0.10000000000000009,0.10000000000000009,,,0.0,0.0,0.0,0.0,0.09999999999999964,0.0,0.10000000000000009,0.0,0.0,0.0,0.0,0.0,,,0.0,0.0,0.19999999999999996,0.7999999999999998,0.20000000000000018,0.30000000000000004,0.10000000000000009,0.0,0.0,0.0,0.0,0.0,,,0.0,0.0,0.19999999999999996,0.20000000000000018,0.20000000000000018,0.10000000000000009,0.10000000000000009,0.0,0.0,0.0,0.0,0.0,,,0.0,0.0,-0.5,-0.9999999999999998,-0.10000000000000009,-0.20000000000000018,-0.19999999999999996,-0.40000000000000013,0.10000000000000009,0.20000000000000018,0.19999999999999973,0.0,,,0.0,0.0,3.8999999999999995,1.2000000000000002,-1.4,-1.8,-1.5,-0.7,-1.2000000000000002,-0.40000000000000036,-0.2999999999999998,-0.3999999999999999,,,0.0,0.0,2.099999999999998,2.799999999999997,-7.300000000000001,-5.700000000000001,-7.8,-7.1,-4.300000000000001,-4.6,-3.5,-4.699999999999999,,,0.0,0.0,1.2000000000000002,-2.0999999999999996,0.20000000000000018,0.19999999999999973,0.10000000000000009,-0.19999999999999996,0.19999999999999996,0.19999999999999996,0.19999999999999996,-0.09999999999999998,,,0.0,0.0,0.30000000000000004,0.19999999999999973,0.0,-0.20000000000000018,-0.20000000000000007,-0.20000000000000007,-0.20000000000000007,-0.30000000000000004,-0.4,-0.4,,,0.0,0.0,2.0000000000000004,-0.3999999999999999,-1.0,-0.3999999999999999,-0.5,-0.19999999999999973,-0.40000000000000036,-0.20000000000000018,-0.20000000000000018,-0.2999999999999998,,,0.0,0.0,0.0,0.0,-0.09999999999999987,-0.09999999999999987,-0.09999999999999987,-0.19999999999999996,-0.19999999999999996,-0.19999999999999996,-0.19999999999999996,-0.2999999999999998,,,0.0,0.0,0.40000000000000036,-2.0999999999999996,-0.8,-0.19999999999999996,-0.6999999999999997,-0.7000000000000002,-0.30000000000000027,-0.3999999999999999,-0.3999999999999999,-0.3999999999999999,
2008-01-23,0.6,3.8,4.9,0.5,0.6,1.2,1.9,2.4,1.6,2.0,2.5,2.6,,,4.2,2.6,1.0,2.4,2.7,2.0,2.0,2.0,2.1,2.0,1.9,1.8,,,4.5,4.5,4.7,4.8,5.0,5.1,5.1,5.1,5.2,5.2,5.2,5.2,,,3.8,6.0,1.9,4.3,3.5,2.2,2.1,1.9,1.9,1.8,1.8,1.8,,,2.3,1.9,2.5,2.5,2.7,2.3,2.2,2.2,2.2,2.2,2.1,2.1,,,3.5,4.3,1.8,3.9,3.0,2.1,2.0,1.8,1.8,1.8,1.7,1.7,,,2.4,1.4,2.0,2.7,2.4,2.1,2.0,2.0,2.0,2.0,1.9,1.9,,,3.7,1.4,2.8,2.2,1.3,1.0,3.4,3.4,0.1,0.7,2.4,2.4,,,2.1,11.0,9.3,7.4,-1.1,0.0,0.7,2.3,2.5,2.3,3.1,3.4,,,-16.3,-11.8,-20.5,-30.6,-33.1,-25.4,-13.0,-6.8,-2.5,-0.6,-0.6,-1.7,,,-6.3,6.0,7.1,4.8,1.2,2.5,1.8,1.5,1.4,1.4,1.3,1.0,,,3.0,3.0,1.9,3.6,1.8,1.4,0.9,0.9,0.9,0.9,0.5,0.5,,,4.9,6.6,6.0,2.8,3.3,3.2,3.9,4.5,3.7,4.1,4.4,4.5,,,1.5,1.5,1.3,1.2,1.0,1.0,1.0,1.0,1.0,1.0,1.0,1.1,,,1.1,3.5,3.6,-1.0,-0.2,1.0,3.4,2.8,2.2,2.2,2.7,3.1,,,,3.1999999999999997,1.1000000000000005,-4.5,0.5,0.5,0.5,0.8999999999999999,-0.09999999999999987,0.10000000000000009,0.3999999999999999,0.5,,,,-1.6,-1.6,1.5,0.9000000000000001,-0.5,-0.20000000000000018,0.0,0.20000000000000018,-0.10000000000000009,-0.10000000000000009,-0.09999999999999987,,,,0.0,0.20000000000000018,0.09999999999999964,0.2999999999999998,0.2999999999999998,0.2999999999999998,0.1999999999999993,0.2999999999999998,0.2999999999999998,0.20000000000000018,0.20000000000000018,,,,2.2,-4.1,2.4,-0.5,-0.6999999999999997,0.0,0.0,0.19999999999999996,0.0,0.0,0.0,,,,-0.3999999999999999,0.6000000000000001,0.0,0.40000000000000036,0.0,0.0,0.0,0.10000000000000009,0.10000000000000009,0.0,0.0,,,,0.7999999999999998,-2.5,2.2,-0.5,-0.3999999999999999,0.0,0.0,0.10000000000000009,0.10000000000000009,0.0,0.0,,,,-1.0,0.6000000000000001,0.9000000000000001,0.19999999999999973,0.0,0.0,0.0,0.10000000000000009,0.10000000000000009,0.0,0.0,,,,-2.3000000000000003,1.4,-0.5,0.0,-0.3999999999999999,2.0,1.9,-1.5999999999999999,-1.3,0.19999999999999973,0.10000000000000009,,,,8.9,-1.6999999999999993,-2.6999999999999993,-5.5,-0.9,0.39999999999999997,2.3,1.5,0.3999999999999999,0.8000000000000003,0.6999999999999997,,,,4.5,-8.7,-10.3,-3.1000000000000014,3.3000000000000007,3.1000000000000014,-0.2999999999999998,2.2,1.6,2.0,-0.19999999999999996,,,,12.3,1.0999999999999996,-2.2,-1.3,-0.7000000000000002,-0.9999999999999998,-0.5,0.19999999999999996,0.09999999999999987,0.10000000000000009,-0.30000000000000004,,,,0.0,-1.1,1.5,-0.5999999999999999,-0.30000000000000004,-0.4999999999999999,0.0,0.0,0.0,-0.30000000000000004,0.0,,,,1.6999999999999993,-0.5999999999999996,-3.1000000000000005,1.4,0.0,0.2999999999999998,1.0,0.0,0.09999999999999964,0.20000000000000018,0.40000000000000036,,,,0.0,-0.19999999999999996,-0.10000000000000009,-0.19999999999999996,-0.10000000000000009,-0.10000000000000009,-0.10000000000000009,-0.10000000000000009,-0.10000000000000009,-0.10000000000000009,0.0,,,,2.4,0.10000000000000009,-5.4,0.49999999999999994,-0.7,2.0999999999999996,0.5999999999999996,-1.2999999999999998,-0.5999999999999996,0.5,0.6000000000000001,,
2008-03-13,0.6,3.8,4.9,0.4,0.1,-1.0,0.9,0.5,2.3,3.2,3.3,3.3,,,4.2,2.6,1.0,2.7,2.5,1.6,2.0,2.0,2.1,2.1,1.9,1.9,,,4.5,4.5,4.7,4.8,4.9,5.2,5.5,5.7,5.7,5.6,5.6,5.5,,,3.7,4.6,2.8,5.0,5.0,4.8,1.7,1.8,1.8,1.7,1.7,1.8,,,2.3,2.0,2.5,2.5,3.0,2.4,2.4,2.3,2.2,2.2,2.1,2.1,,,3.5,4.3,1.8,4.1,4.1,4.0,1.7,1.8,1.8,1.7,1.7,1.8,,,2.4,1.4,2.0,2.7,2.7,2.3,2.2,2.1,2.0,2.0,1.9,1.9,,,3.7,1.4,2.8,1.8,0.2,0.5,1.9,-2.6,0.9,2.3,2.3,2.7,,,2.1,11.0,9.3,5.4,2.0,-6.5,-4.7,-0.6,-1.4,1.9,3.5,4.4,,,-16.3,-11.8,-20.5,-25.7,-33.1,-33.3,-23.1,-14.2,-7.6,-5.3,-1.5,-0.9,,,-6.3,6.0,7.1,0.9,6.2,1.4,3.8,5.1,4.1,3.4,2.8,2.2,,,3.0,3.0,1.9,2.7,1.4,1.3,0.9,0.8,0.9,0.8,0.5,0.5,,,4.9,6.6,6.0,3.1,2.7,0.6,2.8,2.5,4.4,5.3,5.2,5.2,,,1.5,1.5,1.3,1.2,1.0,0.9,0.9,0.9,0.9,0.9,0.9,1.0,,,1.1,3.5,3.6,-1.0,-0.2,-0.7,-0.5,1.6,2.7,2.9,3.1,3.5,,,0.0,0.0,0.0,-0.09999999999999998,-0.5,-2.2,-0.9999999999999999,-1.9,0.6999999999999997,1.2000000000000002,0.7999999999999998,0.6999999999999997,,,0.0,0.0,0.0,0.30000000000000027,-0.20000000000000018,-0.3999999999999999,0.0,0.0,0.0,0.10000000000000009,0.0,0.09999999999999987,,,0.0,0.0,0.0,0.0,-0.09999999999999964,0.10000000000000053,0.40000000000000036,0.6000000000000005,0.5,0.39999999999999947,0.39999999999999947,0.2999999999999998,,,-0.09999999999999964,-1.4000000000000004,0.8999999999999999,0.7000000000000002,1.5,2.5999999999999996,-0.40000000000000013,-0.09999999999999987,-0.09999999999999987,-0.10000000000000009,-0.10000000000000009,0.0,,,0.0,0.10000000000000009,0.0,0.0,0.2999999999999998,0.10000000000000009,0.19999999999999973,0.09999999999999964,0.0,0.0,0.0,0.0,,,0.0,0.0,0.0,0.19999999999999973,1.0999999999999996,1.9,-0.30000000000000004,0.0,0.0,-0.10000000000000009,0.0,0.10000000000000009,,,0.0,0.0,0.0,0.0,0.30000000000000027,0.19999999999999973,0.20000000000000018,0.10000000000000009,0.0,0.0,0.0,0.0,,,0.0,0.0,0.0,-0.40000000000000013,-1.1,-0.5,-1.5,-6.0,0.8,1.5999999999999999,-0.10000000000000009,0.30000000000000027,,,0.0,0.0,0.0,-2.0,3.1,-6.5,-5.4,-2.9,-3.9,-0.3999999999999999,0.3999999999999999,1.0000000000000004,,,0.0,0.0,0.0,4.900000000000002,0.0,-7.899999999999999,-10.100000000000001,-7.3999999999999995,-5.1,-4.7,-0.9,0.7999999999999999,,,0.0,0.0,0.0,-3.9,5.0,-1.1,1.9999999999999998,3.5999999999999996,2.6999999999999997,2.0,1.4999999999999998,1.2000000000000002,,,0.0,0.0,0.0,-0.8999999999999999,-0.40000000000000013,-0.09999999999999987,0.0,-0.09999999999999998,0.0,-0.09999999999999998,0.0,0.0,,,0.0,0.0,0.0,0.30000000000000027,-0.5999999999999996,-2.6,-1.1,-2.0,0.7000000000000002,1.2000000000000002,0.7999999999999998,0.7000000000000002,,,0.0,0.0,0.0,0.0,0.0,-0.09999999999999998,-0.09999999999999998,-0.09999999999999998,-0.09999999999999998,-0.09999999999999998,-0.09999999999999998,-0.10000000000000009,,,0.0,0.0,0.0,0.0,0.0,-1.7,-3.9,-1.1999999999999997,0.5,0.6999999999999997,0.3999999999999999,0.3999999999999999,,
2008-04-23,3.8,4.9,0.6,0.4,-1.4,1.2,0.7,1.7,3.1,3.2,3.3,,,,2.6,1.0,2.4,2.6,0.9,2.4,2.1,2.3,2.1,1.9,1.8,,,,4.5,4.7,4.8,4.9,5.2,5.5,5.7,5.7,5.6,5.6,5.5,,,,4.6,2.8,5.0,4.3,5.2,3.7,2.2,2.1,1.7,1.7,1.8,,,,2.0,2.5,2.5,2.5,2.3,2.6,2.5,2.4,2.2,2.1,2.1,,,,4.3,1.8,3.9,3.5,4.3,3.2,2.2,2.0,1.7,1.6,1.7,,,,1.4,2.0,2.5,2.1,2.3,2.4,2.4,2.2,2.0,1.9,1.9,,,,1.4,2.8,2.3,1.0,0.2,2.7,-3.9,0.6,2.3,2.2,2.7,,,,11.0,9.3,6.0,-1.1,-6.7,-6.2,-1.1,-2.8,1.3,2.9,4.1,,,,-11.8,-20.5,-25.2,-30.9,-32.0,-26.5,-17.5,-11.5,-3.3,-0.8,0.7,,,,6.0,7.1,0.5,1.9,5.1,4.4,5.0,4.0,3.3,2.8,2.2,,,,3.0,1.9,2.8,0.1,1.5,0.9,0.8,0.8,0.8,0.4,0.4,,,,6.6,6.0,3.0,3.0,-0.6,3.7,2.8,4.0,5.3,5.2,5.2,,,,1.5,1.3,1.2,1.0,0.9,0.9,0.9,0.9,0.9,0.9,0.9,,,,3.2,3.6,0.4,-0.1,-0.8,0.2,2.7,2.4,2.3,2.4,3.1,,,,3.1999999999999997,1.1000000000000005,-4.300000000000001,0.0,-1.5,2.2,-0.20000000000000007,1.2,0.8000000000000003,0.0,0.0,,,,-1.6,-1.6,1.4,-0.10000000000000009,-1.6,0.7999999999999998,0.10000000000000009,0.2999999999999998,0.0,-0.20000000000000018,-0.09999999999999987,,,,0.0,0.20000000000000018,0.09999999999999964,0.10000000000000053,0.2999999999999998,0.2999999999999998,0.20000000000000018,0.0,-0.10000000000000053,0.0,-0.09999999999999964,,,,0.8999999999999995,-1.7999999999999998,2.2,-0.7000000000000002,0.20000000000000018,-1.0999999999999996,0.5000000000000002,0.30000000000000004,-0.10000000000000009,0.0,0.10000000000000009,,,,-0.2999999999999998,0.5,0.0,0.0,-0.7000000000000002,0.20000000000000018,0.10000000000000009,0.10000000000000009,0.0,-0.10000000000000009,0.0,,,,0.7999999999999998,-2.5,2.0999999999999996,-0.5999999999999996,0.20000000000000018,-0.7999999999999998,0.5000000000000002,0.19999999999999996,-0.10000000000000009,-0.09999999999999987,0.0,,,,-1.0,0.6000000000000001,0.5,-0.6000000000000001,-0.40000000000000036,0.10000000000000009,0.19999999999999973,0.10000000000000009,0.0,-0.10000000000000009,0.0,,,,-2.3000000000000003,1.4,-0.5,-0.8,0.0,2.2,-5.8,3.2,1.4,-0.09999999999999964,0.40000000000000036,,,,8.9,-1.6999999999999993,-3.3000000000000007,-6.5,-8.7,0.2999999999999998,3.6,-2.1999999999999997,2.7,1.0,0.5999999999999996,,,,4.5,-8.7,-4.699999999999999,-5.199999999999999,1.1000000000000014,6.799999999999997,5.600000000000001,2.6999999999999993,4.3,4.5,2.2,,,,12.3,1.0999999999999996,-6.6,0.9999999999999999,-1.1000000000000005,3.0000000000000004,1.2000000000000002,-1.0999999999999996,-0.7999999999999998,-0.6000000000000001,-0.5999999999999996,,,,0.0,-1.1,0.8999999999999999,-2.6,0.10000000000000009,-0.4,-0.09999999999999998,0.0,-0.09999999999999998,-0.4,-0.09999999999999998,,,,1.6999999999999993,-0.5999999999999996,-3.0,-0.10000000000000009,-3.3000000000000003,3.1,0.0,1.5,0.8999999999999995,-0.09999999999999964,0.0,,,,0.0,-0.19999999999999996,-0.10000000000000009,-0.19999999999999996,-0.09999999999999998,0.0,0.0,0.0,0.0,0.0,0.0,,,,2.1,0.10000000000000009,-3.2,0.9,-0.6000000000000001,0.8999999999999999,3.2,0.7999999999999998,-0.40000000000000036,-0.5,0.0,,,
2008-06-18,3.8,4.9,0.6,1.1,1.7,0.9,0.5,1.4,2.7,2.8,2.8,,,,2.6,1.0,2.4,2.7,0.2,3.0,2.3,2.4,2.3,2.1,2.0,,,,4.5,4.7,4.8,4.9,5.3,5.5,5.6,5.7,5.7,5.7,5.6,,,,4.6,2.8,5.0,4.3,4.7,7.6,3.5,2.7,2.1,2.0,2.1,,,,2.0,2.5,2.5,2.5,1.7,2.6,2.7,2.5,2.4,2.3,2.3,,,,4.3,1.8,3.9,3.6,4.1,5.9,3.1,2.5,2.1,2.0,2.0,,,,1.4,2.0,2.5,2.2,2.0,2.5,2.6,2.4,2.3,2.1,2.1,,,,1.4,2.8,2.3,1.2,2.2,2.6,-3.8,1.0,1.5,1.7,1.9,,,,11.0,9.3,6.0,-0.2,-1.2,-0.9,-1.2,-1.3,0.8,3.6,4.4,,,,-11.8,-20.5,-25.2,-24.7,-23.7,-24.8,-26.9,-22.0,-4.1,0.5,2.2,,,,6.0,7.1,0.5,4.4,6.2,2.7,3.9,4.5,3.1,2.7,2.3,,,,3.0,1.9,2.8,0.8,1.4,0.9,0.8,0.8,0.8,0.4,0.4,,,,6.6,6.0,3.0,3.9,1.9,3.9,2.7,3.8,5.1,4.9,4.8,,,,1.5,1.3,1.2,1.1,1.0,0.9,0.8,0.8,0.8,0.9,0.9,,,,3.2,3.6,0.3,-0.3,-3.2,1.8,2.4,2.6,1.9,2.4,3.8,,,,0.0,0.0,0.0,0.7000000000000001,3.0999999999999996,-0.29999999999999993,-0.19999999999999996,-0.30000000000000004,-0.3999999999999999,-0.40000000000000036,-0.5,,,,0.0,0.0,0.0,0.10000000000000009,-0.7,0.6000000000000001,0.19999999999999973,0.10000000000000009,0.19999999999999973,0.20000000000000018,0.19999999999999996,,,,0.0,0.0,0.0,0.0,0.09999999999999964,0.0,-0.10000000000000053,0.0,0.10000000000000053,0.10000000000000053,0.09999999999999964,,,,0.0,0.0,0.0,0.0,-0.5,3.8999999999999995,1.2999999999999998,0.6000000000000001,0.40000000000000013,0.30000000000000004,0.30000000000000004,,,,0.0,0.0,0.0,0.0,-0.5999999999999999,0.0,0.20000000000000018,0.10000000000000009,0.19999999999999973,0.19999999999999973,0.19999999999999973,,,,0.0,0.0,0.0,0.10000000000000009,-0.20000000000000018,2.7,0.8999999999999999,0.5,0.40000000000000013,0.3999999999999999,0.30000000000000004,,,,0.0,0.0,0.0,0.10000000000000009,-0.2999999999999998,0.10000000000000009,0.20000000000000018,0.19999999999999973,0.2999999999999998,0.20000000000000018,0.20000000000000018,,,,0.0,0.0,0.0,0.19999999999999996,2.0,-0.10000000000000009,0.10000000000000009,0.4,-0.7999999999999998,-0.5000000000000002,-0.8000000000000003,,,,0.0,0.0,0.0,0.9000000000000001,5.5,5.3,-0.09999999999999987,1.4999999999999998,-0.5,0.7000000000000002,0.3000000000000007,,,,0.0,0.0,0.0,6.199999999999999,8.3,1.6999999999999993,-9.399999999999999,-10.5,-0.7999999999999998,1.3,1.5000000000000002,,,,0.0,0.0,0.0,2.5000000000000004,1.1000000000000005,-1.7000000000000002,-1.1,0.5,-0.19999999999999973,-0.09999999999999964,0.09999999999999964,,,,0.0,0.0,0.0,0.7000000000000001,-0.10000000000000009,0.0,0.0,0.0,0.0,0.0,0.0,,,,0.0,0.0,0.0,0.8999999999999999,2.5,0.19999999999999973,-0.09999999999999964,-0.20000000000000018,-0.20000000000000018,-0.2999999999999998,-0.40000000000000036,,,,0.0,0.0,0.0,0.10000000000000009,0.09999999999999998,0.0,-0.09999999999999998,-0.09999999999999998,-0.09999999999999998,0.0,0.0,,,,0.0,0.0,-0.10000000000000003,-0.19999999999999998,-2.4000000000000004,1.6,-0.30000000000000027,0.20000000000000018,-0.3999999999999999,0.0,0.6999999999999997,,,
2008-07-30,4.9,0.6,1.0,2.7,0.7,0.4,1.4,2.3,2.4,2.6,,,,,1.0,2.4,2.7,0.5,3.5,2.0,2.6,2.5,2.2,2.1,,,,,4.7,4.8,4.9,5.3,5.8,5.9,6.0,6.0,6.0,5.9,,,,,2.8,5.0,4.3,5.0,5.9,2.4,3.1,2.6,2.2,2.1,,,,,2.5,2.5,2.5,1.9,2.8,2.7,2.5,2.4,2.3,2.3,,,,,1.8,3.9,3.6,4.1,4.7,2.5,2.9,2.4,2.2,2.0,,,,,2.0,2.5,2.3,1.9,2.6,2.6,2.4,2.3,2.2,2.1,,,,,2.8,2.3,1.1,2.0,1.6,-2.8,0.8,1.2,1.3,1.6,,,,,9.3,6.0,0.6,3.3,-2.7,-2.3,-3.5,-1.3,0.8,1.8,,,,,-20.5,-25.2,-24.6,-19.4,-24.1,-29.7,-26.0,-1.9,-4.5,1.9,,,,,7.1,0.5,4.3,8.1,2.0,3.3,3.6,3.5,2.8,2.2,,,,,1.9,2.8,0.8,1.9,1.2,0.9,0.8,0.8,0.4,0.4,,,,,6.0,3.0,3.7,3.2,4.3,2.4,4.0,4.9,4.7,4.8,,,,,1.3,1.2,1.1,1.0,0.9,0.7,0.8,0.8,0.9,0.9,,,,,3.6,0.3,0.5,-3.1,1.3,1.1,1.7,1.7,2.4,3.9,,,,,1.1000000000000005,-4.300000000000001,0.4,1.6,-1.0,-0.5,0.8999999999999999,0.8999999999999999,-0.30000000000000027,-0.19999999999999973,,,,,-1.6,1.4,0.30000000000000027,-2.2,3.3,-1.0,0.30000000000000027,0.10000000000000009,-0.09999999999999964,0.0,,,,,0.20000000000000018,0.09999999999999964,0.10000000000000053,0.39999999999999947,0.5,0.40000000000000036,0.40000000000000036,0.2999999999999998,0.2999999999999998,0.20000000000000018,,,,,-1.7999999999999998,2.2,-0.7000000000000002,0.7000000000000002,1.2000000000000002,-5.199999999999999,-0.3999999999999999,-0.10000000000000009,0.10000000000000009,0.10000000000000009,,,,,0.5,0.0,0.0,-0.6000000000000001,1.0999999999999999,0.10000000000000009,-0.20000000000000018,-0.10000000000000009,-0.10000000000000009,0.0,,,,,-2.5,2.0999999999999996,-0.2999999999999998,0.49999999999999956,0.6000000000000005,-3.4000000000000004,-0.20000000000000018,-0.10000000000000009,0.10000000000000009,0.0,,,,,0.6000000000000001,0.5,-0.20000000000000018,-0.30000000000000027,0.6000000000000001,0.10000000000000009,-0.20000000000000018,-0.10000000000000009,-0.09999999999999964,0.0,,,,,1.4,-0.5,-1.1999999999999997,0.8,-0.6000000000000001,-5.4,4.6,0.19999999999999996,-0.19999999999999996,-0.09999999999999987,,,,,-1.6999999999999993,-3.3000000000000007,-5.4,3.5,-1.5000000000000002,-1.4,-2.3,0.0,0.0,-1.8,,,,,-8.7,-4.699999999999999,0.5999999999999979,5.300000000000001,-0.40000000000000213,-4.899999999999999,0.8999999999999986,20.1,-0.40000000000000036,1.4,,,,,1.0999999999999996,-6.6,3.8,3.6999999999999993,-4.2,0.5999999999999996,-0.2999999999999998,-1.0,-0.30000000000000027,-0.5,,,,,-1.1,0.8999999999999999,-1.9999999999999998,1.0999999999999999,-0.19999999999999996,0.0,0.0,0.0,-0.4,0.0,,,,,-0.5999999999999996,-3.0,0.7000000000000002,-0.6999999999999997,2.4,-1.5,1.2999999999999998,1.1000000000000005,-0.39999999999999947,-0.10000000000000053,,,,,-0.19999999999999996,-0.10000000000000009,-0.09999999999999987,-0.10000000000000009,-0.09999999999999998,-0.20000000000000007,0.0,0.0,0.09999999999999998,0.0,,,,,0.3999999999999999,-3.3000000000000003,0.2,-2.8000000000000003,4.5,-0.7,-0.7,-0.9000000000000001,0.5,1.5,,,,
2008-09-10,,,0.9,3.5,0.6,1.1,1.6,2.2,2.2,2.3,2.4,2.6,2.8,2.9,,,2.6,1.2,4.9,2.7,2.3,2.3,2.1,2.0,1.9,2.0,1.9,1.9,,,4.9,5.3,6.0,6.2,6.2,6.2,6.2,6.2,6.1,6.0,5.9,5.9,,,4.3,5.0,7.2,-0.4,2.3,2.6,2.3,2.2,2.1,2.0,2.0,2.0,,,2.5,1.9,3.4,2.7,2.5,2.3,2.2,2.2,2.2,2.1,2.1,2.1,,,3.6,4.2,5.5,0.6,2.3,2.4,2.2,2.0,1.9,1.9,1.8,1.8,,,2.3,2.1,2.9,2.6,2.4,2.2,2.1,2.0,2.0,1.9,1.9,1.9,,,0.9,1.7,-0.5,-1.6,1.5,1.8,2.1,2.2,2.4,2.5,2.6,2.6,,,2.4,3.5,0.1,0.7,-1.3,-2.0,0.7,1.4,4.2,4.3,5.6,5.6,,,-25.1,-13.4,-17.6,-20.0,-15.9,-4.9,-6.7,4.0,10.0,19.0,21.6,18.2,,,5.8,6.8,2.7,2.9,3.0,2.7,2.6,2.6,2.0,2.0,2.0,2.0,,,-0.3,2.5,1.4,1.0,0.6,0.6,0.2,0.2,0.2,0.1,0.1,0.1,,,3.5,4.7,5.5,3.8,4.0,4.6,4.4,4.3,4.3,4.6,4.7,4.8,,,1.1,1.0,0.9,0.8,0.8,0.8,0.9,0.9,1.0,1.1,1.1,1.2,,,0.4,-3.2,-2.6,4.1,3.2,2.2,3.1,3.5,3.8,4.1,3.8,3.7,,,-0.09999999999999998,0.7999999999999998,-0.09999999999999998,0.7000000000000001,0.20000000000000018,-0.09999999999999964,-0.19999999999999973,-0.30000000000000027,,,,,,,-0.10000000000000009,0.7,1.4000000000000004,0.7000000000000002,-0.30000000000000027,-0.20000000000000018,-0.10000000000000009,-0.10000000000000009,,,,,,,0.0,0.0,0.20000000000000018,0.2999999999999998,0.20000000000000018,0.20000000000000018,0.20000000000000018,0.2999999999999998,,,,,,,0.0,0.0,1.2999999999999998,-2.8,-0.8000000000000003,0.0,0.09999999999999964,0.10000000000000009,,,,,,,0.0,0.0,0.6000000000000001,0.0,0.0,-0.10000000000000009,-0.09999999999999964,-0.09999999999999964,,,,,,,0.0,0.10000000000000053,0.7999999999999998,-1.9,-0.6000000000000001,0.0,0.0,0.0,,,,,,,0.0,0.20000000000000018,0.2999999999999998,0.0,0.0,-0.09999999999999964,-0.10000000000000009,-0.10000000000000009,,,,,,,-0.20000000000000007,-0.30000000000000004,-2.1,1.1999999999999997,0.7,0.6000000000000001,0.8,0.6000000000000001,,,,,,,1.7999999999999998,0.20000000000000018,2.8000000000000003,3.0,2.2,-0.7,-0.10000000000000009,-0.40000000000000013,,,,,,,-0.5,5.999999999999998,6.5,9.7,10.1,-3.0000000000000004,-2.2,2.1,,,,,,,1.5,-1.2999999999999998,0.7000000000000002,-0.3999999999999999,-0.6000000000000001,-0.7999999999999998,-0.19999999999999973,0.3999999999999999,,,,,,,-1.1,0.6000000000000001,0.19999999999999996,0.09999999999999998,-0.20000000000000007,-0.20000000000000007,-0.2,-0.2,,,,,,,-0.20000000000000018,1.5,1.2000000000000002,1.4,0.0,-0.3000000000000007,-0.2999999999999998,-0.5,,,,,,,0.0,0.0,0.0,0.10000000000000009,0.0,0.0,0.0,0.0,,,,,,,-0.09999999999999998,-0.10000000000000009,-3.9000000000000004,2.9999999999999996,1.5000000000000002,0.5000000000000002,0.7000000000000002,-0.3999999999999999,,,,
2008-10-22,,0.9,2.8,-1.0,-1.3,-1.4,-0.4,0.4,1.0,1.5,2.0,2.5,3.0,,,2.6,1.1,4.1,4.3,2.0,1.6,1.5,1.3,1.2,1.4,1.3,1.2,,,4.9,5.3,6.0,6.3,6.6,6.9,7.1,7.2,7.3,7.3,7.3,7.2,,,4.3,5.0,6.7,-4.5,0.3,1.9,1.8,1.8,1.8,1.7,1.7,1.6,,,2.5,1.9,3.2,2.2,2.1,1.8,1.6,1.6,1.6,1.6,1.5,1.5,,,3.6,4.3,5.6,-2.2,0.7,1.7,1.6,1.6,1.5,1.5,1.4,1.4,,,2.3,2.2,3.1,2.3,1.9,1.6,1.4,1.4,1.4,1.4,1.3,1.3,,,0.9,1.2,-3.3,-2.4,-0.1,1.0,1.5,1.7,2.0,2.2,2.5,2.8,,,2.4,2.5,0.8,-9.9,-12.6,-11.9,-10.6,-8.3,-0.5,2.7,6.3,8.2,,,-25.1,-13.3,-19.7,-24.4,-24.8,-17.0,-17.1,-2.8,4.6,14.9,15.1,19.5,,,5.8,6.6,10.2,-3.1,3.9,3.4,2.6,2.3,3.0,3.1,0.9,0.9,,,-0.3,2.5,1.8,0.3,0.0,-0.3,-0.4,-0.4,-0.4,-0.4,-0.4,-0.5,,,3.5,4.1,3.0,2.9,0.6,1.2,1.8,2.3,2.7,3.4,3.8,4.3,,,1.1,1.0,0.9,0.8,0.7,0.7,0.7,0.7,0.8,0.9,1.0,1.1,,,0.4,-3.1,-6.0,-0.6,-0.1,-0.1,1.4,2.5,1.7,2.7,3.1,3.3,,,,1.9,-4.5,-1.9,-2.5,-2.0,-1.8000000000000003,-1.2000000000000002,-0.7999999999999998,-0.3999999999999999,-0.10000000000000009,0.20000000000000018,,,,-1.5,2.8999999999999995,-0.6000000000000005,-0.7000000000000002,-0.6999999999999997,-0.7999999999999998,-0.8,-0.8,-0.5,-0.7,-0.7,,,,0.39999999999999947,0.7000000000000002,0.2999999999999998,0.39999999999999947,0.7000000000000002,0.8999999999999995,1.0,1.0999999999999996,1.2000000000000002,1.2999999999999998,1.2999999999999998,,,,0.7000000000000002,1.7000000000000002,-11.7,0.7,-0.3999999999999999,-0.8,-0.4999999999999998,-0.40000000000000013,-0.40000000000000013,-0.30000000000000004,-0.3999999999999999,,,,-0.6000000000000001,1.3000000000000003,-1.1999999999999997,-0.6000000000000001,-0.7,-0.6999999999999997,-0.6000000000000001,-0.6000000000000001,-0.6000000000000001,-0.6000000000000001,-0.6000000000000001,,,,0.6999999999999997,1.3999999999999995,-7.7,0.09999999999999998,-0.5999999999999999,-0.7999999999999998,-0.6000000000000001,-0.5,-0.3999999999999999,-0.5,-0.40000000000000013,,,,-0.09999999999999964,1.0,-0.6000000000000001,-0.7000000000000002,-0.7999999999999998,-0.8000000000000003,-0.7000000000000002,-0.6000000000000001,-0.6000000000000001,-0.5999999999999999,-0.5999999999999999,,,,0.29999999999999993,-5.0,-1.9,1.5,-0.5,-0.30000000000000004,-0.40000000000000013,-0.20000000000000018,-0.19999999999999973,0.0,0.19999999999999973,,,,0.10000000000000009,-2.7,-10.0,-13.299999999999999,-10.6,-8.6,-9.0,-1.9,-1.5,2.0,2.5999999999999996,,,,11.8,-6.299999999999999,-6.799999999999997,-4.800000000000001,-1.0999999999999996,-12.200000000000001,3.9000000000000004,0.5999999999999996,4.9,-3.9000000000000004,-2.1000000000000014,,,,0.7999999999999998,3.3999999999999995,-5.800000000000001,1.0,0.3999999999999999,-0.10000000000000009,-0.30000000000000027,0.3999999999999999,1.1,-1.1,-1.1,,,,2.8,-0.7,-1.0999999999999999,-1.0,-0.8999999999999999,-1.0,-0.6000000000000001,-0.6000000000000001,-0.6000000000000001,-0.5,-0.6,,,,0.5999999999999996,-1.7000000000000002,-2.6,-3.1999999999999997,-2.8,-2.8,-2.1000000000000005,-1.5999999999999996,-0.8999999999999999,-0.7999999999999998,-0.40000000000000036,,,,-0.10000000000000009,-0.09999999999999998,-0.09999999999999998,-0.10000000000000009,-0.10000000000000009,-0.10000000000000009,-0.20000000000000007,-0.09999999999999998,-0.09999999999999998,-0.10000000000000009,0.0,,,,-3.5,-2.8,2.0,-4.199999999999999,-3.3000000000000003,-0.8000000000000003,-0.6000000000000001,-1.8,-1.0999999999999996,-0.9999999999999996,-0.5,
2008-12-10,,0.9,2.8,-0.4,-4.7,-5.0,-1.2,1.0,1.6,1.9,2.2,2.6,3.0,,,2.6,1.1,4.1,2.4,2.1,1.6,1.4,0.9,0.8,0.9,0.8,0.7,,,4.9,5.3,6.0,6.7,7.5,7.8,8.0,8.1,8.3,8.3,8.2,8.2,,,4.3,5.0,6.7,-8.5,-3.2,2.6,1.9,1.4,1.4,1.3,1.2,1.1,,,2.5,1.9,3.2,0.8,1.6,1.5,1.3,1.0,1.0,1.0,1.0,0.9,,,3.6,4.3,5.2,-5.1,-1.8,2.2,1.5,1.2,1.1,1.1,1.0,0.9,,,2.3,2.2,2.6,1.2,1.5,1.3,1.0,0.8,0.8,0.8,0.8,0.7,,,0.9,1.2,-3.7,-4.3,-1.3,0.9,1.4,2.0,2.3,2.8,2.9,3.0,,,2.4,2.5,-0.6,-14.0,-19.8,-19.6,-15.7,-12.3,-0.9,4.6,7.3,8.4,,,-25.1,-13.3,-15.7,-27.0,-32.5,-10.4,-3.0,9.9,8.6,7.0,11.1,9.1,,,5.8,6.6,13.6,3.8,0.6,3.6,2.6,3.8,4.0,3.3,0.7,0.7,,,-0.3,2.5,1.4,-0.4,-1.0,1.2,0.7,0.7,0.6,0.6,0.6,0.6,,,3.5,4.1,3.6,-2.4,-3.0,0.4,2.4,2.5,2.7,3.1,3.4,3.7,,,1.1,1.0,0.9,0.7,0.7,0.7,0.8,0.8,0.9,0.9,1.0,1.0,,,0.4,-3.4,-7.6,-9.1,-6.5,-1.0,0.2,1.4,1.6,2.1,3.3,3.3,,,0.0,0.0,0.6,-3.4000000000000004,-3.6,-0.7999999999999999,0.6,0.6000000000000001,0.3999999999999999,0.20000000000000018,0.10000000000000009,0.0,,,0.0,0.0,0.0,-1.9,0.10000000000000009,0.0,-0.10000000000000009,-0.4,-0.3999999999999999,-0.4999999999999999,-0.5,-0.5,,,0.0,0.0,0.0,0.40000000000000036,0.9000000000000004,0.8999999999999995,0.9000000000000004,0.8999999999999995,1.0000000000000009,1.0000000000000009,0.8999999999999995,0.9999999999999991,,,0.0,0.0,0.0,-4.0,-3.5,0.7000000000000002,0.09999999999999987,-0.40000000000000013,-0.40000000000000013,-0.3999999999999999,-0.5,-0.5,,,0.0,0.0,0.0,-1.4000000000000001,-0.5,-0.30000000000000004,-0.30000000000000004,-0.6000000000000001,-0.6000000000000001,-0.6000000000000001,-0.5,-0.6,,,0.0,0.0,-0.39999999999999947,-2.8999999999999995,-2.5,0.5000000000000002,-0.10000000000000009,-0.40000000000000013,-0.3999999999999999,-0.3999999999999999,-0.3999999999999999,-0.4999999999999999,,,0.0,0.0,-0.5,-1.0999999999999999,-0.3999999999999999,-0.30000000000000004,-0.3999999999999999,-0.5999999999999999,-0.5999999999999999,-0.5999999999999999,-0.5,-0.6000000000000001,,,0.0,0.0,-0.40000000000000036,-1.9,-1.2,-0.09999999999999998,-0.10000000000000009,0.30000000000000004,0.2999999999999998,0.5999999999999996,0.3999999999999999,0.20000000000000018,,,0.0,0.0,-1.4,-4.1,-7.200000000000001,-7.700000000000001,-5.1,-4.0,-0.4,1.8999999999999995,1.0,0.20000000000000107,,,0.0,0.0,4.0,-2.6000000000000014,-7.699999999999999,6.6,14.100000000000001,12.7,4.0,-7.9,-4.0,-10.4,,,0.0,0.0,3.4000000000000004,6.9,-3.3,0.20000000000000018,0.0,1.5,1.0,0.19999999999999973,-0.20000000000000007,-0.20000000000000007,,,0.0,0.0,-0.40000000000000013,-0.7,-1.0,1.5,1.1,1.1,1.0,1.0,1.0,1.1,,,0.0,0.0,0.6000000000000001,-5.3,-3.6,-0.7999999999999999,0.5999999999999999,0.20000000000000018,0.0,-0.2999999999999998,-0.3999999999999999,-0.5999999999999996,,,0.0,0.0,0.0,-0.10000000000000009,0.0,0.0,0.10000000000000009,0.10000000000000009,0.09999999999999998,0.0,0.0,-0.10000000000000009,,,0.0,-0.2999999999999998,-1.5999999999999996,-8.5,-6.4,-0.9,-1.2,-1.1,-0.09999999999999987,-0.6000000000000001,0.19999999999999973,0.0,
2009-01-22,0.9,2.8,-0.5,-4.9,-5.6,-1.3,1.8,2.1,2.2,2.4,2.7,3.1,,,2.6,1.1,3.9,1.7,1.3,2.3,1.4,1.1,1.0,1.0,0.9,0.8,,,4.9,5.4,6.0,6.9,7.7,8.2,8.3,8.4,8.5,8.4,8.2,8.1,,,4.3,5.0,6.7,-9.2,-3.7,2.1,1.9,1.6,1.5,1.4,1.3,1.2,,,2.5,1.9,3.2,0.4,0.9,1.7,1.3,1.1,1.0,1.0,1.0,0.9,,,3.6,4.3,5.0,-5.6,-2.3,1.9,1.5,1.2,1.2,1.1,1.0,1.0,,,2.3,2.2,2.4,0.6,0.8,1.6,1.0,0.8,0.8,0.8,0.8,0.7,,,0.9,1.2,-3.8,-3.9,-1.7,0.6,1.7,2.0,2.6,2.8,3.1,3.2,,,2.4,2.5,-1.7,-12.9,-19.8,-19.3,-15.9,-11.6,-4.1,2.7,6.4,7.5,,,-25.1,-13.3,-16.0,-28.1,-40.7,-21.0,8.6,13.8,10.5,7.3,11.3,11.0,,,5.8,6.6,13.8,8.8,1.1,2.9,2.1,3.3,3.5,2.8,0.7,0.7,,,-0.3,2.5,1.3,0.4,0.0,2.7,4.2,3.1,2.9,2.6,3.2,3.0,,,3.5,4.1,3.4,-3.3,-4.3,1.0,3.2,3.2,3.2,3.4,3.6,4.0,,,1.1,1.0,0.9,0.7,0.5,0.6,0.7,0.8,0.8,0.8,0.9,0.9,,,0.4,-3.4,-8.9,-11.5,-13.8,-2.3,1.4,2.6,3.5,2.9,4.2,4.3,,,,1.9,-3.3,-4.5,-0.8999999999999995,3.7,3.0,1.1,0.6000000000000001,0.5,0.5,0.5,,,,-1.5,2.8,-2.3999999999999995,-1.0999999999999999,0.19999999999999973,-0.20000000000000018,-0.2999999999999998,0.09999999999999998,0.19999999999999996,0.0,0.0,,,,0.5,0.7000000000000002,0.9000000000000004,1.0,0.6999999999999993,0.5000000000000009,0.40000000000000036,0.40000000000000036,0.09999999999999964,-0.10000000000000142,-0.09999999999999964,,,,0.7000000000000002,1.7000000000000002,-15.899999999999999,4.8,5.300000000000001,-0.7000000000000002,-0.2999999999999998,0.10000000000000009,0.0,0.0,0.0,,,,-0.6000000000000001,1.3000000000000003,-2.8000000000000003,0.09999999999999998,0.09999999999999987,-0.19999999999999996,-0.19999999999999996,0.0,0.0,0.0,-0.09999999999999998,,,,0.6999999999999997,0.7000000000000002,-10.8,2.8,3.7,-0.7000000000000002,-0.30000000000000004,0.0,0.0,-0.10000000000000009,0.0,,,,-0.09999999999999964,0.19999999999999973,-2.0,-0.3999999999999999,0.10000000000000009,-0.30000000000000004,-0.19999999999999996,0.0,0.0,0.0,-0.10000000000000009,,,,0.29999999999999993,-5.0,-0.19999999999999973,2.5999999999999996,1.9,0.7999999999999999,0.6000000000000001,0.6000000000000001,0.5,0.30000000000000027,0.30000000000000027,,,,0.10000000000000009,-4.2,-12.3,-5.800000000000001,0.5,3.700000000000001,4.1,8.200000000000001,3.6,1.8000000000000007,0.20000000000000018,,,,11.8,-2.6999999999999993,-12.400000000000002,-13.700000000000003,11.5,19.0,16.8,0.5999999999999996,-1.2999999999999998,4.300000000000001,-0.09999999999999964,,,,0.7999999999999998,7.200000000000001,-4.799999999999999,-2.6999999999999997,2.3,-1.5,0.6999999999999997,-0.2999999999999998,-1.2000000000000002,-2.5999999999999996,0.0,,,,2.8,-1.2,-0.9999999999999999,0.4,3.7,3.0,2.4000000000000004,2.2,2.0,2.6,2.4,,,,0.5999999999999996,-0.6999999999999997,-6.9,-1.9,4.0,2.8000000000000003,0.8000000000000003,0.7000000000000002,0.6999999999999997,0.5,0.6000000000000001,,,,-0.10000000000000009,-0.09999999999999998,-0.20000000000000007,-0.19999999999999996,-0.09999999999999998,0.0,0.0,0.0,-0.09999999999999998,0.0,-0.09999999999999998,,,,-3.8,-5.5,-3.9000000000000004,-4.700000000000001,4.2,2.4,2.4,2.1,1.2999999999999998,2.1,1.0,,
2009-03-12,0.9,2.8,-0.5,-6.7,-6.5,-2.0,-0.5,-0.1,0.7,1.4,1.9,2.1,,,2.6,1.1,3.9,0.3,3.4,0.9,1.1,0.9,0.8,0.8,0.7,0.6,,,4.9,5.4,6.0,6.9,8.0,8.7,9.0,9.2,9.4,9.5,9.5,9.5,,,4.5,4.5,6.2,-8.3,-2.4,0.9,1.4,1.3,1.2,1.1,1.0,1.0,,,2.5,2.0,2.8,0.6,1.3,1.6,1.2,1.0,0.8,0.7,0.7,0.6,,,3.6,4.3,5.0,-5.0,-1.4,1.0,1.1,1.0,0.9,0.8,0.7,0.7,,,2.3,2.2,2.4,0.8,0.9,1.4,0.9,0.7,0.6,0.5,0.5,0.4,,,0.9,1.2,-3.8,-4.3,0.4,0.0,0.0,1.2,1.3,1.8,2.1,2.4,,,2.4,2.5,-1.7,-21.6,-27.3,-23.4,-21.7,-17.8,-11.1,-1.6,3.2,6.6,,,-25.1,-13.3,-16.0,-23.4,-41.2,-34.3,-13.4,-5.5,2.5,9.0,8.7,6.8,,,5.8,6.6,13.8,6.7,1.2,9.1,8.8,3.8,4.3,2.6,0.3,0.9,,,-0.3,2.5,1.3,-2.0,-1.1,3.3,3.4,2.7,1.5,1.8,2.2,1.4,,,3.5,4.1,3.4,-6.3,-3.3,-1.1,0.6,0.8,1.6,2.2,2.6,2.8,,,1.1,1.0,0.9,0.7,0.4,0.4,0.4,0.5,0.5,0.6,0.6,0.6,,,0.4,-3.4,-8.9,-12.1,-18.3,-9.3,-2.6,-0.2,2.7,3.0,3.1,3.5,,,0.0,0.0,0.0,-1.7999999999999998,-0.9000000000000004,-0.7,-2.3,-2.2,-1.5000000000000002,-1.0,-0.8000000000000003,-1.0,,,0.0,0.0,0.0,-1.4,2.0999999999999996,-1.4,-0.2999999999999998,-0.20000000000000007,-0.19999999999999996,-0.19999999999999996,-0.20000000000000007,-0.20000000000000007,,,0.0,0.0,0.0,0.0,0.2999999999999998,0.5,0.6999999999999993,0.7999999999999989,0.9000000000000004,1.0999999999999996,1.3000000000000007,1.4000000000000004,,,0.20000000000000018,-0.5,-0.5,0.8999999999999986,1.3000000000000003,-1.2000000000000002,-0.5,-0.30000000000000004,-0.30000000000000004,-0.2999999999999998,-0.30000000000000004,-0.19999999999999996,,,0.0,0.10000000000000009,-0.40000000000000036,0.19999999999999996,0.4,-0.09999999999999987,-0.10000000000000009,-0.10000000000000009,-0.19999999999999996,-0.30000000000000004,-0.30000000000000004,-0.30000000000000004,,,0.0,0.0,0.0,0.5999999999999996,0.8999999999999999,-0.8999999999999999,-0.3999999999999999,-0.19999999999999996,-0.29999999999999993,-0.30000000000000004,-0.30000000000000004,-0.30000000000000004,,,0.0,0.0,0.0,0.20000000000000007,0.09999999999999998,-0.20000000000000018,-0.09999999999999998,-0.10000000000000009,-0.20000000000000007,-0.30000000000000004,-0.30000000000000004,-0.29999999999999993,,,0.0,0.0,0.0,-0.3999999999999999,2.1,-0.6,-1.7,-0.8,-1.3,-0.9999999999999998,-1.0,-0.8000000000000003,,,0.0,0.0,0.0,-8.700000000000001,-7.5,-4.099999999999998,-5.799999999999999,-6.200000000000001,-7.0,-4.300000000000001,-3.2,-0.9000000000000004,,,0.0,0.0,0.0,4.700000000000003,-0.5,-13.299999999999997,-22.0,-19.3,-8.0,1.7000000000000002,-2.6000000000000014,-4.2,,,0.0,0.0,0.0,-2.1000000000000005,0.09999999999999987,6.199999999999999,6.700000000000001,0.5,0.7999999999999998,-0.19999999999999973,-0.39999999999999997,0.20000000000000007,,,0.0,0.0,0.0,-2.4,-1.1,0.5999999999999996,-0.8000000000000003,-0.3999999999999999,-1.4,-0.8,-1.0,-1.6,,,0.0,0.0,0.0,-3.0,1.0,-2.1,-2.6,-2.4000000000000004,-1.6,-1.1999999999999997,-1.0,-1.2000000000000002,,,0.0,0.0,0.0,0.0,-0.09999999999999998,-0.19999999999999996,-0.29999999999999993,-0.30000000000000004,-0.30000000000000004,-0.20000000000000007,-0.30000000000000004,-0.30000000000000004,,,0.0,0.0,0.0,-0.5999999999999996,-4.5,-7.000000000000001,-4.0,-2.8000000000000003,-0.7999999999999998,0.10000000000000009,-1.1,-0.7999999999999998,,
2009-04-22,2.8,-0.5,-6.3,-6.3,-1.5,0.4,1.2,1.9,2.5,3.0,3.3,,,,1.1,3.9,0.5,3.3,0.5,1.5,1.1,1.0,1.0,0.9,0.8,,,,5.4,6.0,6.9,8.1,9.0,9.2,9.3,9.3,9.2,9.1,9.1,,,,4.5,6.2,-8.3,-2.4,0.3,2.1,1.8,1.6,1.4,1.2,1.1,,,,2.0,2.8,0.6,1.5,1.5,1.2,1.0,0.9,0.9,0.9,0.8,,,,4.3,5.0,-4.9,-0.9,0.8,1.6,1.4,1.2,1.1,1.0,0.8,,,,2.2,2.4,0.9,1.7,1.7,0.9,0.7,0.7,0.7,0.7,0.6,,,,1.2,-3.8,-4.3,1.1,-0.5,0.4,1.2,1.9,2.5,3.0,3.3,,,,2.5,-1.7,-21.7,-30.1,-20.8,-17.4,-13.6,-5.3,2.1,6.8,10.8,,,,-13.3,-16.0,-22.8,-38.2,-27.4,-1.7,0.0,8.2,13.8,11.3,10.7,,,,6.6,13.8,7.0,-9.4,14.8,12.5,5.7,5.3,3.2,-0.2,-0.4,,,,2.5,1.3,-2.0,-2.6,2.0,2.2,2.4,1.7,2.0,2.2,1.8,,,,4.1,3.4,-5.8,-3.1,-1.0,1.9,2.3,2.9,3.5,3.9,4.1,,,,1.0,0.9,0.7,0.5,0.5,0.6,0.6,0.7,0.7,0.8,0.9,,,,-4.6,-9.0,-12.7,-20.0,-9.2,0.5,2.0,3.9,3.5,4.7,4.4,,,,1.9,-3.3,-5.8,0.40000000000000036,5.0,2.4,1.7,2.0,1.8,1.6,1.4,,,,-1.5,2.8,-3.4,3.0,-2.9,0.6,0.0,0.09999999999999998,0.19999999999999996,0.09999999999999998,0.10000000000000009,,,,0.5,0.5999999999999996,0.9000000000000004,1.1999999999999993,1.0,0.5,0.3000000000000007,0.10000000000000142,-0.20000000000000107,-0.40000000000000036,-0.40000000000000036,,,,0.0,1.7000000000000002,-14.5,5.9,2.6999999999999997,1.2000000000000002,0.40000000000000013,0.30000000000000004,0.19999999999999996,0.09999999999999987,0.10000000000000009,,,,-0.5,0.7999999999999998,-2.1999999999999997,0.9,0.19999999999999996,-0.40000000000000013,-0.19999999999999996,-0.09999999999999998,0.09999999999999998,0.20000000000000007,0.10000000000000009,,,,0.6999999999999997,0.7000000000000002,-9.9,4.1,2.2,0.6000000000000001,0.2999999999999998,0.19999999999999996,0.20000000000000007,0.19999999999999996,0.10000000000000009,,,,-0.09999999999999964,0.19999999999999973,-1.5,0.8999999999999999,0.7999999999999999,-0.4999999999999999,-0.20000000000000007,0.0,0.09999999999999998,0.19999999999999996,0.09999999999999998,,,,0.29999999999999993,-5.0,-0.5,5.4,-0.9,0.4,1.2,0.7,1.2,1.2,1.1999999999999997,,,,0.10000000000000009,-4.2,-20.0,-8.5,6.5,6.0,8.1,12.5,13.2,8.4,7.6000000000000005,,,,11.8,-2.6999999999999993,-6.800000000000001,-14.800000000000004,13.800000000000004,32.599999999999994,13.4,13.7,11.3,2.3000000000000007,2.0,,,,0.7999999999999998,7.200000000000001,-6.800000000000001,-16.1,13.600000000000001,3.4000000000000004,-3.1000000000000005,1.5,-1.0999999999999996,-2.8000000000000003,-0.7,,,,2.8,-1.2,-3.3,-0.6000000000000001,3.1,-1.0999999999999996,-1.0,-1.0000000000000002,0.5,0.40000000000000013,-0.40000000000000013,,,,0.5999999999999996,-0.6999999999999997,-9.2,3.1999999999999997,2.3,3.0,1.6999999999999997,2.0999999999999996,1.9,1.6999999999999997,1.4999999999999996,,,,-0.10000000000000009,-0.09999999999999998,-0.20000000000000007,-0.19999999999999996,0.09999999999999998,0.19999999999999996,0.19999999999999996,0.19999999999999996,0.19999999999999996,0.20000000000000007,0.30000000000000004,,,,-5.0,-5.6,-3.799999999999999,-7.9,9.100000000000001,9.8,4.6,4.1,0.7999999999999998,1.7000000000000002,1.3000000000000003,,,
2009-06-17,2.8,-0.5,-6.3,-5.5,-1.0,0.7,1.6,2.3,2.8,3.2,3.4,,,,1.1,3.9,0.5,2.7,-0.6,1.6,1.6,1.4,1.2,1.0,0.8,,,,5.4,6.0,6.9,8.1,9.3,9.8,10.0,10.0,9.9,9.8,9.7,,,,4.5,6.2,-8.3,-2.4,1.2,4.5,2.3,1.9,1.5,1.2,1.1,,,,2.0,2.8,0.6,1.5,2.3,1.2,1.1,1.0,1.0,0.9,0.9,,,,4.3,5.0,-4.9,-1.0,1.5,3.5,1.7,1.5,1.2,0.9,0.9,,,,2.2,2.4,0.9,1.5,2.3,1.0,0.8,0.8,0.8,0.7,0.7,,,,1.2,-3.8,-4.3,1.6,-0.4,0.8,1.4,2.1,2.7,3.1,3.4,,,,2.5,-1.7,-21.7,-37.3,-10.3,-12.5,-12.0,-4.6,1.3,6.1,9.7,,,,-13.3,-16.0,-22.8,-38.0,-22.1,-13.3,-11.1,-2.2,12.4,13.6,20.1,,,,6.6,13.8,7.0,-4.3,9.5,6.2,6.5,6.9,4.1,0.8,0.1,,,,2.5,1.3,-2.0,-2.2,0.3,0.8,1.2,1.2,1.2,1.3,1.3,,,,4.1,3.4,-5.8,-3.0,-1.6,2.2,3.2,3.7,4.1,4.2,4.3,,,,1.0,0.9,0.7,0.5,0.5,0.5,0.6,0.6,0.7,0.8,0.9,,,,-4.6,-9.0,-13.0,-19.0,-11.5,3.2,2.6,3.8,4.5,4.9,5.3,,,,0.0,0.0,0.0,0.7999999999999998,0.5,0.29999999999999993,0.40000000000000013,0.3999999999999999,0.2999999999999998,0.20000000000000018,0.10000000000000009,,,,0.0,0.0,0.0,-0.5999999999999996,-1.1,0.10000000000000009,0.5,0.3999999999999999,0.19999999999999996,0.09999999999999998,0.0,,,,0.0,0.0,0.0,0.0,0.3000000000000007,0.6000000000000014,0.6999999999999993,0.6999999999999993,0.7000000000000011,0.7000000000000011,0.5999999999999996,,,,0.0,0.0,0.0,0.0,0.8999999999999999,2.4,0.4999999999999998,0.2999999999999998,0.10000000000000009,0.0,0.0,,,,0.0,0.0,0.0,0.0,0.7999999999999998,0.0,0.10000000000000009,0.09999999999999998,0.09999999999999998,0.0,0.09999999999999998,,,,0.0,0.0,0.0,-0.09999999999999998,0.7,1.9,0.30000000000000004,0.30000000000000004,0.09999999999999987,-0.09999999999999998,0.09999999999999998,,,,0.0,0.0,0.0,-0.19999999999999996,0.5999999999999999,0.09999999999999998,0.10000000000000009,0.10000000000000009,0.10000000000000009,0.0,0.09999999999999998,,,,0.0,0.0,0.0,0.5,0.09999999999999998,0.4,0.19999999999999996,0.20000000000000018,0.20000000000000018,0.10000000000000009,0.10000000000000009,,,,0.0,0.0,0.0,-7.199999999999996,10.5,4.899999999999999,1.5999999999999996,0.7000000000000002,-0.8,-0.7000000000000002,-1.1000000000000014,,,,0.0,0.0,0.0,0.20000000000000284,5.299999999999997,-11.600000000000001,-11.1,-10.399999999999999,-1.4000000000000004,2.299999999999999,9.400000000000002,,,,0.0,0.0,0.0,5.1000000000000005,-5.300000000000001,-6.3,0.7999999999999998,1.6000000000000005,0.8999999999999995,1.0,0.5,,,,0.0,0.0,0.0,0.3999999999999999,-1.7,-1.4000000000000001,-1.2,-0.5,-0.8,-0.9000000000000001,-0.5,,,,0.0,0.0,0.0,0.10000000000000009,-0.6000000000000001,0.30000000000000027,0.9000000000000004,0.8000000000000003,0.5999999999999996,0.30000000000000027,0.20000000000000018,,,,0.0,0.0,0.0,0.0,0.0,-0.09999999999999998,0.0,-0.09999999999999998,0.0,0.0,0.0,,,,0.0,0.0,-0.3000000000000007,1.0,-2.3000000000000007,2.7,0.6000000000000001,-0.10000000000000009,1.0,0.20000000000000018,0.8999999999999995,,,
2009-08-06,-2.7,-5.4,-6.4,-1.5,0.8,1.7,2.5,3.0,3.4,3.6,,,,,4.0,0.1,1.9,0.2,0.8,1.2,1.1,1.2,1.1,1.0,,,,,6.0,6.9,8.1,9.2,9.8,10.0,10.0,9.9,9.8,9.6,,,,,6.2,-8.3,-2.4,1.3,3.6,2.7,1.9,1.6,1.3,1.1,,,,,2.8,0.6,1.5,2.4,1.5,1.3,1.1,1.0,1.0,1.0,,,,,4.7,-5.0,-1.5,1.3,2.4,2.2,1.5,1.3,1.1,1.0,,,,,2.6,0.8,1.1,2.0,1.2,1.2,1.0,1.0,1.0,1.0,,,,,-3.5,-3.1,0.6,-1.2,0.9,1.2,2.1,2.4,2.8,3.2,,,,,-6.1,-19.5,-39.2,-10.7,-11.9,-12.5,-2.3,2.8,6.0,8.0,,,,,-15.9,-23.2,-38.2,-30.1,-9.8,-6.8,-3.1,10.4,13.0,18.1,,,,,13.2,6.5,-4.3,10.9,6.6,6.8,6.6,3.4,0.1,-0.3,,,,,0.1,-2.0,-1.5,3.3,0.7,1.0,1.2,1.2,1.1,1.0,,,,,1.4,-5.4,-4.6,-1.2,1.6,2.9,3.7,4.2,4.6,4.6,,,,,0.9,0.7,0.5,0.5,0.6,0.6,0.7,0.8,0.8,0.9,,,,,-9.0,-13.0,-19.1,-11.6,3.0,3.4,3.9,4.7,5.2,5.5,,,,,-5.5,-4.9,-0.10000000000000053,4.0,1.8,1.0,0.8999999999999999,0.7000000000000002,0.6000000000000001,0.3999999999999999,,,,,2.9,-3.8,1.4,-2.5,1.4,-0.40000000000000013,-0.5,-0.19999999999999996,-0.09999999999999987,0.0,,,,,0.5999999999999996,0.9000000000000004,1.1999999999999993,1.0999999999999996,0.5,0.1999999999999993,0.0,-0.09999999999999964,-0.09999999999999964,-0.20000000000000107,,,,,1.7000000000000002,-14.5,5.9,3.7,2.4000000000000004,-1.7999999999999998,-0.3999999999999999,-0.2999999999999998,-0.19999999999999996,-0.09999999999999987,,,,,0.7999999999999998,-2.1999999999999997,0.9,0.8999999999999999,-0.7999999999999998,0.10000000000000009,0.0,0.0,0.0,0.09999999999999998,,,,,0.40000000000000036,-10.0,3.4000000000000004,2.3,0.8999999999999999,-1.2999999999999998,-0.19999999999999996,-0.19999999999999996,-0.09999999999999987,0.09999999999999998,,,,,0.3999999999999999,-1.5999999999999999,0.20000000000000007,0.5,-1.0999999999999999,0.19999999999999996,0.19999999999999996,0.19999999999999996,0.19999999999999996,0.30000000000000004,,,,,-4.7,0.6999999999999997,4.8999999999999995,-2.8,1.3,0.3999999999999999,0.7000000000000002,0.2999999999999998,0.09999999999999964,0.10000000000000009,,,,,-8.6,-17.8,-17.500000000000004,26.599999999999998,-1.5999999999999996,0.0,9.7,7.3999999999999995,4.7,1.9000000000000004,,,,,-2.5999999999999996,-7.199999999999999,-15.400000000000002,7.899999999999999,12.3,6.500000000000001,8.0,12.600000000000001,0.5999999999999996,4.500000000000002,,,,,6.6,-7.300000000000001,-11.3,15.2,-2.9000000000000004,0.5999999999999996,0.09999999999999964,-3.5000000000000004,-3.9999999999999996,-1.1,,,,,-2.4,-3.3,0.5,5.5,0.39999999999999997,0.19999999999999996,0.0,0.0,-0.09999999999999987,-0.30000000000000004,,,,,-2.6999999999999997,-8.8,1.2000000000000002,1.8,3.2,0.6999999999999997,0.5,0.5,0.5,0.39999999999999947,,,,,-0.09999999999999998,-0.20000000000000007,-0.19999999999999996,0.0,0.09999999999999998,0.09999999999999998,0.09999999999999998,0.20000000000000007,0.10000000000000009,0.09999999999999998,,,,,-4.4,-4.0,-6.100000000000001,7.4,14.5,0.19999999999999973,1.2999999999999998,0.9000000000000004,0.7000000000000002,0.5999999999999996,,,,
2009-09-16,,,-6.4,-1.0,2.5,3.2,2.8,3.2,3.8,4.2,4.4,4.5,4.6,4.6,,,1.9,0.0,0.7,1.0,1.4,1.2,1.1,1.1,1.2,1.1,1.0,1.0,,,8.1,9.2,9.6,9.9,9.8,9.6,9.4,9.2,8.8,8.5,8.2,7.9,,,-2.4,1.3,3.6,1.8,1.6,1.7,1.5,1.3,1.2,1.1,1.1,1.1,,,1.5,2.4,1.5,1.5,1.2,1.2,1.2,1.2,1.1,1.1,1.1,1.1,,,-1.5,1.3,2.9,1.4,1.4,1.4,1.3,1.2,1.1,1.0,1.0,1.0,,,1.1,2.0,1.5,1.2,1.1,1.1,1.1,1.1,1.0,1.0,1.0,1.0,,,0.6,-0.9,2.3,0.8,2.5,2.8,2.9,3.3,3.3,3.6,3.6,3.8,,,-39.2,-10.3,-3.8,-11.3,-0.3,4.8,7.2,8.7,9.2,10.3,9.8,10.3,,,-38.2,-22.9,3.0,4.0,7.0,12.4,15.4,17.0,20.2,23.9,26.8,30.5,,,-4.3,11.0,3.5,9.6,6.2,3.5,0.1,-0.2,0.8,0.9,0.8,0.8,,,-1.5,3.8,0.7,1.1,1.1,1.1,1.1,1.1,1.1,1.1,1.1,1.1,,,-4.6,-1.0,3.1,4.2,4.3,4.4,5.0,5.3,5.6,5.6,5.6,5.6,,,0.5,0.5,0.6,0.7,0.7,0.8,0.9,1.0,1.1,1.2,1.3,1.4,,,-19.0,-10.5,4.3,5.0,5.3,5.1,5.5,6.2,6.0,5.8,7.0,8.7,,,0.0,0.5,1.7,1.5000000000000002,0.2999999999999998,0.20000000000000018,0.3999999999999999,0.6000000000000001,,,,,,,0.0,-0.2,-0.10000000000000009,-0.19999999999999996,0.2999999999999998,0.0,0.0,0.10000000000000009,,,,,,,0.0,0.0,-0.20000000000000107,-0.09999999999999964,-0.1999999999999993,-0.3000000000000007,-0.40000000000000036,-0.40000000000000036,,,,,,,0.0,0.0,0.0,-0.9000000000000001,-0.2999999999999998,0.09999999999999987,0.19999999999999996,0.19999999999999996,,,,,,,0.0,0.0,0.0,0.19999999999999996,0.09999999999999987,0.19999999999999996,0.19999999999999996,0.19999999999999996,,,,,,,0.0,0.0,0.5,-0.8000000000000003,-0.10000000000000009,0.09999999999999987,0.19999999999999996,0.19999999999999996,,,,,,,0.0,0.0,0.30000000000000004,0.0,0.10000000000000009,0.10000000000000009,0.10000000000000009,0.10000000000000009,,,,,,,0.0,0.29999999999999993,1.4,-0.3999999999999999,0.3999999999999999,0.3999999999999999,0.10000000000000009,0.09999999999999964,,,,,,,0.0,0.3999999999999986,8.100000000000001,1.1999999999999993,1.9999999999999998,2.0,1.2000000000000002,0.6999999999999993,,,,,,,0.0,7.200000000000003,12.8,10.8,10.1,2.0,2.4000000000000004,-1.1000000000000014,,,,,,,0.0,0.09999999999999964,-3.0999999999999996,2.8,-0.39999999999999947,0.10000000000000009,0.0,0.09999999999999998,,,,,,,0.0,0.5,0.0,0.10000000000000009,-0.09999999999999987,-0.09999999999999987,0.0,0.10000000000000009,,,,,,,0.0,0.19999999999999996,1.5,1.3000000000000003,0.5999999999999996,0.20000000000000018,0.40000000000000036,0.7000000000000002,,,,,,,0.0,0.0,0.0,0.09999999999999998,0.0,0.0,0.09999999999999998,0.09999999999999998,,,,,,,0.10000000000000142,1.0999999999999996,1.2999999999999998,1.6,1.4,0.39999999999999947,0.2999999999999998,0.7000000000000002,,,,
2009-10-29,,-6.4,-0.7,3.4,2.8,3.2,3.2,3.5,3.9,4.2,4.4,4.5,4.5,,,1.9,0.0,0.8,0.3,1.7,1.3,1.2,1.1,1.2,1.1,1.0,1.0,,,8.1,9.2,9.6,10.1,10.1,9.9,9.7,9.5,9.2,8.9,8.6,8.2,,,-2.4,1.3,3.6,2.6,2.3,1.8,1.5,1.4,1.3,1.2,1.2,1.2,,,1.5,2.4,1.5,1.5,1.2,1.1,1.2,1.2,1.1,1.1,1.1,1.2,,,-1.5,1.4,2.8,2.0,1.8,1.5,1.3,1.2,1.1,1.0,1.0,1.0,,,1.1,2.0,1.4,1.2,1.0,1.1,1.1,1.1,1.0,1.0,1.0,1.0,,,0.6,-0.9,3.4,0.7,2.4,2.3,2.1,2.4,3.0,3.3,3.6,3.6,,,-39.2,-9.6,-3.8,-6.4,0.9,5.5,7.2,9.4,9.8,9.0,10.4,9.0,,,-38.2,-23.3,20.9,0.1,9.3,9.7,8.1,13.1,15.5,22.4,24.1,28.7,,,-4.3,11.4,7.9,4.8,6.5,3.6,0.6,-0.4,1.3,1.1,1.2,0.5,,,-1.5,3.9,-1.1,-0.1,0.7,1.2,1.3,1.3,0.9,0.9,0.9,0.5,,,-4.6,-0.8,4.2,3.1,5.0,4.5,4.7,5.0,5.4,5.5,5.6,5.5,,,0.5,0.5,0.6,0.7,0.8,0.8,0.9,0.9,1.0,1.1,1.2,1.3,,,-19.0,-10.3,5.2,6.4,3.9,4.5,5.0,6.3,5.9,5.5,7.2,8.2,,,,5.7,4.4,0.2999999999999998,0.0,0.40000000000000036,0.2999999999999998,0.10000000000000009,0.0,0.0,0.0,-0.09999999999999964,,,,-1.9,0.8,-0.39999999999999997,0.7,-0.09999999999999987,0.0,0.0,0.09999999999999987,-0.09999999999999987,-0.10000000000000009,0.0,,,,1.0999999999999996,0.40000000000000036,0.5,0.1999999999999993,0.09999999999999964,0.09999999999999964,0.09999999999999964,0.0,0.09999999999999964,0.09999999999999964,0.0,,,,3.7,2.3,-1.0,0.4999999999999998,0.19999999999999996,-0.19999999999999996,-0.10000000000000009,0.0,0.0,0.09999999999999987,0.09999999999999987,,,,0.8999999999999999,-0.8999999999999999,0.0,-0.30000000000000004,-0.09999999999999987,0.0,0.0,-0.09999999999999987,0.0,0.0,0.09999999999999987,,,,2.9,1.4999999999999998,-0.8999999999999999,0.40000000000000013,0.10000000000000009,-0.09999999999999987,-0.10000000000000009,-0.09999999999999987,-0.10000000000000009,0.0,0.0,,,,0.8999999999999999,-0.6000000000000001,-0.30000000000000004,-0.19999999999999996,0.0,0.0,0.0,-0.10000000000000009,0.0,0.0,0.0,,,,-1.5,4.3,-1.5999999999999999,1.5999999999999999,-0.20000000000000018,-0.6999999999999997,-0.5,-0.2999999999999998,0.0,0.0,0.0,,,,29.6,6.500000000000001,-2.6000000000000005,12.200000000000001,5.8,2.4000000000000004,2.2,1.1000000000000014,-0.1999999999999993,0.09999999999999964,-0.8000000000000007,,,,14.900000000000002,43.8,-2.9,5.300000000000001,2.6999999999999993,-4.300000000000001,-2.3000000000000007,-1.5,2.1999999999999993,0.20000000000000284,1.8999999999999986,,,,15.7,-3.0999999999999996,1.2999999999999998,-3.0999999999999996,-2.6,-2.9,-0.5,1.5,0.30000000000000004,0.29999999999999993,-0.30000000000000004,,,,5.4,-4.9,-0.7999999999999999,-0.40000000000000013,0.09999999999999987,0.19999999999999996,0.19999999999999996,-0.20000000000000007,-0.20000000000000007,-0.20000000000000007,-0.6000000000000001,,,,3.8,5.2,0.0,0.7999999999999998,0.20000000000000018,0.2999999999999998,0.0,0.10000000000000053,-0.09999999999999964,0.0,-0.09999999999999964,,,,0.0,0.09999999999999998,0.09999999999999998,0.10000000000000009,0.10000000000000009,0.09999999999999998,0.0,0.0,0.0,0.0,0.0,,,,8.7,15.7,2.1000000000000005,-1.1,-0.7999999999999998,-0.09999999999999964,0.7999999999999998,-0.2999999999999998,-0.5,1.4000000000000004,1.1999999999999993,
2009-12-09,,-6.4,-0.7,2.5,3.8,3.6,3.5,3.6,3.8,4.2,4.5,4.6,4.7,,,1.9,0.0,0.5,0.7,1.3,1.5,1.3,1.1,1.3,1.1,1.1,1.0,,,8.1,9.2,9.6,10.1,10.1,9.9,9.8,9.6,9.2,9.0,8.7,8.3,,,-2.4,1.3,3.6,3.3,1.2,1.9,1.6,1.5,1.5,1.4,1.3,1.3,,,1.5,2.4,1.5,1.7,1.4,1.3,1.2,1.2,1.2,1.2,1.2,1.3,,,-1.5,1.4,2.7,2.8,1.1,1.6,1.4,1.3,1.3,1.2,1.1,1.1,,,1.1,2.0,1.3,1.6,1.3,1.2,1.1,1.1,1.1,1.1,1.1,1.1,,,0.6,-0.9,3.0,1.9,2.7,2.4,2.6,2.6,3.0,3.4,3.7,3.6,,,-39.2,-9.6,-5.5,-5.8,0.1,4.0,9.7,10.9,11.5,10.7,10.5,9.9,,,-38.2,-23.3,18.9,8.1,8.7,17.8,4.3,9.1,15.4,23.0,22.0,20.7,,,-4.3,11.4,8.3,0.9,9.1,3.6,0.6,-0.4,1.3,1.1,1.2,0.5,,,-1.5,3.9,-0.5,0.5,0.9,1.2,1.2,1.3,0.9,0.9,0.9,0.5,,,-4.6,-0.8,3.0,4.6,5.0,5.1,4.9,5.0,5.5,5.7,5.8,5.8,,,0.5,0.5,0.6,0.6,0.7,0.8,0.8,0.9,1.0,1.1,1.2,1.3,,,-19.0,-10.3,5.6,7.1,6.2,5.8,4.8,5.2,5.8,5.9,6.1,6.1,,,0.0,0.0,-0.8999999999999999,1.0,0.3999999999999999,0.2999999999999998,0.10000000000000009,-0.10000000000000009,0.0,0.09999999999999964,0.09999999999999964,0.20000000000000018,,,0.0,0.0,-0.30000000000000004,0.39999999999999997,-0.3999999999999999,0.19999999999999996,0.10000000000000009,0.0,0.10000000000000009,0.0,0.10000000000000009,0.0,,,0.0,0.0,0.0,0.0,0.0,0.0,0.10000000000000142,0.09999999999999964,0.0,0.09999999999999964,0.09999999999999964,0.10000000000000142,,,0.0,0.0,0.0,0.6999999999999997,-1.0999999999999999,0.09999999999999987,0.10000000000000009,0.10000000000000009,0.19999999999999996,0.19999999999999996,0.10000000000000009,0.10000000000000009,,,0.0,0.0,0.0,0.19999999999999996,0.19999999999999996,0.19999999999999996,0.0,0.0,0.09999999999999987,0.09999999999999987,0.09999999999999987,0.10000000000000009,,,0.0,0.0,-0.09999999999999964,0.7999999999999998,-0.7,0.10000000000000009,0.09999999999999987,0.10000000000000009,0.19999999999999996,0.19999999999999996,0.10000000000000009,0.10000000000000009,,,0.0,0.0,-0.09999999999999987,0.40000000000000013,0.30000000000000004,0.09999999999999987,0.0,0.0,0.10000000000000009,0.10000000000000009,0.10000000000000009,0.10000000000000009,,,0.0,0.0,-0.3999999999999999,1.2,0.30000000000000027,0.10000000000000009,0.5,0.20000000000000018,0.0,0.10000000000000009,0.10000000000000009,0.0,,,0.0,0.0,-1.7000000000000002,0.6000000000000005,-0.8,-1.5,2.499999999999999,1.5,1.6999999999999993,1.6999999999999993,0.09999999999999964,0.9000000000000004,,,0.0,0.0,-2.0,8.0,-0.6000000000000014,8.100000000000001,-3.8,-4.0,-0.09999999999999964,0.6000000000000014,-2.1000000000000014,-8.0,,,0.0,0.0,0.40000000000000036,-3.9,2.5999999999999996,0.0,0.0,0.0,0.0,0.0,0.0,0.0,,,0.0,0.0,0.6000000000000001,0.6,0.20000000000000007,0.0,-0.10000000000000009,0.0,0.0,0.0,0.0,0.0,,,0.0,0.0,-1.2000000000000002,1.4999999999999996,0.0,0.5999999999999996,0.20000000000000018,0.0,0.09999999999999964,0.20000000000000018,0.20000000000000018,0.2999999999999998,,,0.0,0.0,0.0,-0.09999999999999998,-0.10000000000000009,0.0,-0.09999999999999998,0.0,0.0,0.0,0.0,0.0,,,0.0,0.0,0.39999999999999947,0.6999999999999993,2.3000000000000003,1.2999999999999998,-0.20000000000000018,-1.0999999999999996,-0.10000000000000053,0.40000000000000036,-1.1000000000000005,-2.0999999999999996,
2010-01-20,-6.4,-0.7,2.2,5.3,2.8,3.8,3.9,4.0,4.3,4.7,4.9,5.0,,,1.9,0.0,0.4,0.8,1.9,1.1,1.2,1.1,1.2,1.1,1.0,1.0,,,8.2,9.3,9.7,10.0,10.1,9.9,9.7,9.5,9.1,8.9,8.6,8.2,,,-2.4,1.3,3.6,3.4,2.4,1.3,1.5,1.5,1.4,1.3,1.3,1.3,,,1.5,2.4,1.5,1.5,1.3,1.3,1.2,1.2,1.2,1.2,1.2,1.2,,,-1.5,1.4,2.6,2.9,2.0,1.2,1.3,1.3,1.2,1.1,1.1,1.1,,,1.1,2.0,1.2,1.6,1.2,1.2,1.1,1.1,1.1,1.1,1.1,1.0,,,0.6,-0.9,2.8,2.1,2.7,2.7,2.9,2.9,3.3,3.6,3.9,4.0,,,-39.2,-9.6,-5.9,-0.5,0.9,8.4,11.5,10.7,11.5,10.4,10.3,10.0,,,-38.2,-23.3,18.9,4.0,1.3,13.1,-4.0,12.3,19.2,28.5,27.8,24.1,,,-4.3,11.4,8.0,-2.7,10.6,5.0,1.8,0.1,1.0,1.0,1.0,1.0,,,-1.5,3.9,-0.6,-0.2,0.5,1.1,1.6,1.9,1.5,1.5,1.3,1.4,,,-4.6,-0.8,2.6,6.2,4.7,5.0,5.1,5.1,5.6,5.9,5.9,6.0,,,0.5,0.5,0.6,0.6,0.6,0.7,0.7,0.8,0.9,1.0,1.1,1.2,,,-19.0,-10.4,6.9,7.0,5.6,4.5,5.3,5.6,6.3,6.1,6.2,6.1,,,,5.7,2.9000000000000004,2.8,-1.0,0.19999999999999973,0.3999999999999999,0.3999999999999999,0.5,0.5,0.40000000000000036,0.40000000000000036,,,,-1.9,0.4,0.30000000000000004,1.2,-0.19999999999999996,-0.30000000000000004,-0.19999999999999996,0.09999999999999987,-0.19999999999999996,-0.10000000000000009,-0.10000000000000009,,,,1.200000000000001,0.5,0.40000000000000036,0.0,-0.1999999999999993,-0.20000000000000107,-0.3000000000000007,-0.5,-0.29999999999999893,-0.40000000000000036,-0.5,,,,3.7,2.3,-0.20000000000000018,-0.8999999999999999,0.10000000000000009,-0.3999999999999999,-0.10000000000000009,-0.10000000000000009,-0.19999999999999996,-0.09999999999999987,0.0,,,,0.8999999999999999,-0.8999999999999999,0.0,-0.3999999999999999,-0.09999999999999987,-0.10000000000000009,0.0,0.0,0.0,0.0,0.0,,,,2.9,1.2000000000000002,0.19999999999999973,-0.7999999999999998,0.09999999999999987,-0.30000000000000004,-0.09999999999999987,-0.10000000000000009,-0.19999999999999996,-0.09999999999999987,0.0,,,,0.8999999999999999,-0.8,0.30000000000000004,-0.40000000000000013,-0.10000000000000009,-0.09999999999999987,0.0,0.0,0.0,0.0,-0.10000000000000009,,,,-1.5,3.6999999999999997,-0.8999999999999999,0.8000000000000003,0.0,0.5,0.2999999999999998,0.6999999999999997,0.6000000000000001,0.5,0.2999999999999998,,,,29.6,3.6999999999999993,5.0,6.7,8.3,7.5,1.0,0.5999999999999996,-1.0999999999999996,-0.3999999999999986,-0.5,,,,14.900000000000002,42.2,-14.899999999999999,-6.8,4.4,-21.8,8.0,10.1,13.1,4.800000000000001,2.1000000000000014,,,,15.7,-3.4000000000000004,-11.0,9.7,-4.1,-1.8,-0.5,1.4,-0.30000000000000004,-0.10000000000000009,-0.19999999999999996,,,,5.4,-4.5,0.3,0.0,0.20000000000000007,0.40000000000000013,0.7,0.19999999999999996,0.6,0.4,0.4999999999999999,,,,3.8,3.4000000000000004,3.2,0.10000000000000053,0.0,0.0,0.1999999999999993,0.5999999999999996,0.40000000000000036,0.20000000000000018,0.20000000000000018,,,,0.0,0.09999999999999998,0.0,0.0,0.0,-0.10000000000000009,0.0,0.0,0.0,0.0,0.0,,,,8.6,17.200000000000003,1.4000000000000004,-1.5,-1.7000000000000002,-0.5,0.7999999999999998,1.0999999999999996,0.2999999999999998,0.2999999999999998,0.0,,
2010-03-10,-6.4,-0.7,2.2,5.6,2.2,3.6,3.5,3.8,4.0,4.3,4.6,4.7,,,1.9,0.0,0.4,0.4,2.0,0.8,1.2,0.9,1.0,0.9,0.9,0.9,,,8.2,9.3,9.7,10.0,9.7,9.6,9.6,9.4,9.0,8.8,8.6,8.3,,,-2.2,1.9,3.7,2.6,1.6,1.4,1.6,1.2,1.1,1.1,1.1,1.0,,,1.6,2.3,1.5,1.5,0.2,1.1,1.1,1.1,1.1,1.0,1.0,1.0,,,-1.5,1.4,2.6,2.3,1.5,1.3,1.4,1.1,1.0,1.0,1.0,0.9,,,1.1,2.0,1.2,1.6,0.8,1.1,1.1,1.0,1.0,1.0,1.0,1.0,,,0.6,-0.9,2.8,1.7,2.4,2.4,2.7,2.9,3.1,3.5,3.6,3.8,,,-39.2,-9.6,-5.9,5.0,4.9,11.0,8.2,10.4,10.2,9.8,9.7,9.3,,,-38.2,-23.3,18.9,3.3,-17.4,18.3,-2.7,11.0,13.4,21.5,23.4,23.5,,,-4.3,11.4,8.0,0.1,2.7,9.5,1.8,0.7,0.9,1.0,1.1,1.0,,,-1.5,3.9,-0.6,-2.3,-1.5,0.3,0.8,1.1,0.8,0.9,0.9,0.9,,,-4.6,-0.8,2.6,6.0,4.2,4.5,4.7,4.7,5.0,5.3,5.5,5.6,,,0.5,0.5,0.6,0.6,0.6,0.6,0.7,0.8,0.9,0.9,1.0,1.2,,,-19.0,-10.4,6.4,6.6,7.4,3.2,4.2,5.9,6.0,5.2,6.0,6.1,,,0.0,0.0,0.0,0.2999999999999998,-0.5999999999999996,-0.19999999999999973,-0.3999999999999999,-0.20000000000000018,-0.2999999999999998,-0.40000000000000036,-0.3000000000000007,-0.2999999999999998,,,0.0,0.0,0.0,-0.4,0.10000000000000009,-0.30000000000000004,0.0,-0.20000000000000007,-0.19999999999999996,-0.20000000000000007,-0.09999999999999998,-0.09999999999999998,,,0.0,0.0,0.0,0.0,-0.40000000000000036,-0.3000000000000007,-0.09999999999999964,-0.09999999999999964,-0.09999999999999964,-0.09999999999999964,0.0,0.10000000000000142,,,0.19999999999999973,0.5999999999999999,0.10000000000000009,-0.7999999999999998,-0.7999999999999998,0.09999999999999987,0.10000000000000009,-0.30000000000000004,-0.2999999999999998,-0.19999999999999996,-0.19999999999999996,-0.30000000000000004,,,0.10000000000000009,-0.10000000000000009,0.0,0.0,-1.1,-0.19999999999999996,-0.09999999999999987,-0.09999999999999987,-0.09999999999999987,-0.19999999999999996,-0.19999999999999996,-0.19999999999999996,,,0.0,0.0,0.0,-0.6000000000000001,-0.5,0.10000000000000009,0.09999999999999987,-0.19999999999999996,-0.19999999999999996,-0.10000000000000009,-0.10000000000000009,-0.20000000000000007,,,0.0,0.0,0.0,0.0,-0.3999999999999999,-0.09999999999999987,0.0,-0.10000000000000009,-0.10000000000000009,-0.10000000000000009,-0.10000000000000009,0.0,,,0.0,0.0,0.0,-0.40000000000000013,-0.30000000000000027,-0.30000000000000027,-0.19999999999999973,0.0,-0.19999999999999973,-0.10000000000000009,-0.2999999999999998,-0.20000000000000018,,,0.0,0.0,0.0,5.5,4.0,2.5999999999999996,-3.3000000000000007,-0.29999999999999893,-1.3000000000000007,-0.5999999999999996,-0.6000000000000014,-0.6999999999999993,,,0.0,0.0,0.0,-0.7000000000000002,-18.7,5.200000000000001,1.2999999999999998,-1.3000000000000007,-5.799999999999999,-7.0,-4.400000000000002,-0.6000000000000014,,,0.0,0.0,0.0,2.8000000000000003,-7.8999999999999995,4.5,0.0,0.6,-0.09999999999999998,0.0,0.10000000000000009,0.0,,,0.0,0.0,0.0,-2.0999999999999996,-2.0,-0.8,-0.8,-0.7999999999999998,-0.7,-0.6,-0.4,-0.4999999999999999,,,0.0,0.0,0.0,-0.20000000000000018,-0.5,-0.5,-0.39999999999999947,-0.39999999999999947,-0.5999999999999996,-0.6000000000000005,-0.40000000000000036,-0.40000000000000036,,,0.0,0.0,0.0,0.0,0.0,-0.09999999999999998,0.0,0.0,0.0,-0.09999999999999998,-0.10000000000000009,0.0,,,0.0,0.0,-0.5,-0.40000000000000036,1.8000000000000007,-1.2999999999999998,-1.0999999999999996,0.3000000000000007,-0.2999999999999998,-0.8999999999999995,-0.20000000000000018,0.0,,
2010-04-21,-0.7,2.2,5.6,2.9,3.5,3.6,3.8,4.0,4.3,4.6,4.7,,,,0.0,0.4,0.5,1.1,1.0,1.3,1.0,1.0,0.9,0.9,0.8,,,,9.3,9.7,10.0,9.7,9.5,9.5,9.3,8.9,8.7,8.5,8.2,,,,1.9,3.7,2.6,1.5,0.4,1.9,1.4,1.2,1.1,1.0,1.0,,,,2.3,1.5,1.5,0.0,0.6,0.9,0.9,0.9,0.9,0.9,0.9,,,,1.4,2.6,2.5,1.5,0.7,1.7,1.3,1.1,1.0,1.0,1.0,,,,2.0,1.2,1.8,0.5,0.9,1.0,1.0,1.0,0.9,0.9,0.9,,,,-0.9,2.8,1.6,3.6,2.1,2.7,2.8,3.2,3.5,3.7,3.9,,,,-9.6,-5.9,5.3,7.6,10.9,8.6,10.9,10.5,9.3,9.6,9.4,,,,-23.3,18.9,3.8,-15.7,22.3,-2.1,8.6,12.3,21.6,23.3,22.5,,,,11.4,8.0,0.0,0.9,8.4,4.7,0.7,0.8,0.9,0.8,0.8,,,,3.9,-0.6,-2.2,-4.2,-0.5,0.1,0.6,0.6,0.7,0.7,0.7,,,,-0.8,2.6,6.1,4.0,4.6,5.0,4.9,5.1,5.2,5.5,5.6,,,,0.5,0.6,0.6,0.6,0.6,0.7,0.8,0.9,0.9,1.1,1.2,,,,-10.4,6.4,6.9,7.8,4.6,5.3,5.9,6.1,5.0,5.9,5.7,,,,5.7,2.9000000000000004,3.3999999999999995,-2.6999999999999997,1.2999999999999998,0.0,0.2999999999999998,0.20000000000000018,0.2999999999999998,0.2999999999999998,0.10000000000000053,,,,-1.9,0.4,0.09999999999999998,0.7000000000000001,-1.0,0.5,-0.19999999999999996,0.09999999999999998,-0.09999999999999998,0.0,-0.09999999999999998,,,,1.1000000000000014,0.3999999999999986,0.3000000000000007,-0.3000000000000007,-0.1999999999999993,-0.09999999999999964,-0.29999999999999893,-0.5,-0.3000000000000007,-0.3000000000000007,-0.40000000000000036,,,,4.1,1.8000000000000003,-1.1,-1.1,-1.2000000000000002,0.5,-0.20000000000000018,0.0,0.0,-0.10000000000000009,-0.10000000000000009,,,,0.6999999999999997,-0.7999999999999998,0.0,-1.5,0.39999999999999997,-0.20000000000000007,-0.20000000000000007,-0.20000000000000007,-0.20000000000000007,-0.09999999999999998,-0.09999999999999998,,,,2.9,1.2000000000000002,-0.10000000000000009,-0.7999999999999998,-0.8,0.3999999999999999,-0.09999999999999987,0.0,0.0,0.0,0.0,,,,0.8999999999999999,-0.8,0.6000000000000001,-1.1,0.09999999999999998,-0.10000000000000009,-0.10000000000000009,0.0,-0.09999999999999998,-0.09999999999999998,-0.09999999999999998,,,,-1.5,3.6999999999999997,-1.1999999999999997,1.9000000000000001,-0.2999999999999998,0.30000000000000027,0.09999999999999964,0.30000000000000027,0.3999999999999999,0.20000000000000018,0.2999999999999998,,,,29.6,3.6999999999999993,11.2,2.5999999999999996,6.0,-2.4000000000000004,2.700000000000001,0.09999999999999964,-0.8999999999999986,-0.20000000000000107,-0.29999999999999893,,,,14.900000000000002,42.2,-15.099999999999998,-19.0,39.7,-20.400000000000002,11.3,1.3000000000000007,8.200000000000001,1.8000000000000007,-0.8999999999999986,,,,15.7,-3.4000000000000004,-8.0,0.8,5.7,-4.8,-1.1,0.10000000000000009,0.0,-0.19999999999999996,-0.30000000000000004,,,,5.4,-4.5,-1.6,-1.9000000000000004,1.0,-0.19999999999999998,-0.20000000000000007,-0.5000000000000001,-0.10000000000000009,-0.20000000000000007,-0.20000000000000007,,,,3.8,3.4000000000000004,3.4999999999999996,-2.0,0.39999999999999947,0.5,0.20000000000000018,0.39999999999999947,0.20000000000000018,0.20000000000000018,0.09999999999999964,,,,0.0,0.09999999999999998,0.0,0.0,0.0,0.09999999999999998,0.10000000000000009,0.09999999999999998,0.0,0.20000000000000007,0.19999999999999996,,,,8.6,16.8,0.5,1.2000000000000002,-2.8000000000000007,2.0999999999999996,1.7000000000000002,0.1999999999999993,-1.0,0.7000000000000002,-0.2999999999999998,,,
2010-06-16,-0.7,2.2,5.6,3.1,3.6,2.7,3.2,3.3,3.5,3.8,4.1,,,,0.0,0.4,0.5,1.0,1.1,0.6,1.0,0.9,0.8,0.8,0.7,,,,9.3,9.7,10.0,9.7,9.8,9.7,9.5,9.3,9.1,8.9,8.6,,,,1.9,3.7,2.6,1.5,-1.0,0.9,1.8,1.2,1.1,1.0,0.9,,,,2.3,1.5,1.5,0.0,0.6,0.7,0.7,0.8,0.8,0.8,0.8,,,,1.4,2.6,2.5,1.5,-0.2,0.9,1.5,1.1,1.0,1.0,0.9,,,,2.0,1.2,1.8,0.6,0.9,0.8,0.8,0.8,0.8,0.8,0.8,,,,-0.9,2.8,1.6,3.4,2.9,2.2,2.3,2.9,3.1,3.2,3.3,,,,-9.6,-5.9,5.3,3.7,13.5,6.5,8.5,7.6,8.0,7.9,7.3,,,,-23.3,18.9,3.8,-10.6,18.7,-5.5,16.4,15.9,17.3,17.3,17.8,,,,11.4,8.0,0.0,1.2,6.9,5.2,0.8,1.2,1.5,1.3,1.5,,,,3.9,-0.6,-2.2,-3.9,-0.6,0.0,0.4,0.4,0.5,0.5,0.5,,,,-0.8,2.6,6.1,4.2,4.8,3.4,4.3,4.2,4.3,4.6,4.8,,,,0.5,0.6,0.6,0.6,0.6,0.7,0.8,0.9,0.9,1.0,1.1,,,,-10.4,6.4,6.9,7.6,7.5,6.0,4.6,4.8,4.7,5.2,4.4,,,,0.0,0.0,0.0,0.20000000000000018,0.10000000000000009,-0.8999999999999999,-0.5999999999999996,-0.7000000000000002,-0.7999999999999998,-0.7999999999999998,-0.6000000000000005,,,,0.0,0.0,0.0,-0.10000000000000009,0.10000000000000009,-0.7000000000000001,0.0,-0.09999999999999998,-0.09999999999999998,-0.09999999999999998,-0.10000000000000009,,,,0.0,0.0,0.0,0.0,0.3000000000000007,0.1999999999999993,0.1999999999999993,0.40000000000000036,0.40000000000000036,0.40000000000000036,0.40000000000000036,,,,0.0,0.0,0.0,0.0,-1.4,-0.9999999999999999,0.40000000000000013,0.0,0.0,0.0,-0.09999999999999998,,,,0.0,0.0,0.0,0.0,0.0,-0.20000000000000007,-0.20000000000000007,-0.09999999999999998,-0.09999999999999998,-0.09999999999999998,-0.09999999999999998,,,,0.0,0.0,0.0,0.0,-0.8999999999999999,-0.7999999999999999,0.19999999999999996,0.0,0.0,0.0,-0.09999999999999998,,,,0.0,0.0,0.0,0.09999999999999998,0.0,-0.19999999999999996,-0.19999999999999996,-0.19999999999999996,-0.09999999999999998,-0.09999999999999998,-0.09999999999999998,,,,0.0,0.0,0.0,-0.20000000000000018,0.7999999999999998,-0.5,-0.5,-0.30000000000000027,-0.3999999999999999,-0.5,-0.6000000000000001,,,,0.0,0.0,0.0,-3.8999999999999995,2.5999999999999996,-2.0999999999999996,-2.4000000000000004,-2.9000000000000004,-1.3000000000000007,-1.6999999999999993,-2.1000000000000005,,,,0.0,0.0,0.0,5.1,-3.6000000000000014,-3.4,7.799999999999999,3.5999999999999996,-4.300000000000001,-6.0,-4.699999999999999,,,,0.0,0.0,0.0,0.29999999999999993,-1.5,0.5,0.10000000000000009,0.3999999999999999,0.6,0.5,0.7,,,,0.0,0.0,0.0,0.30000000000000027,-0.09999999999999998,-0.1,-0.19999999999999996,-0.19999999999999996,-0.19999999999999996,-0.19999999999999996,-0.19999999999999996,,,,0.0,0.0,0.0,0.20000000000000018,0.20000000000000018,-1.6,-0.6000000000000005,-0.8999999999999995,-0.9000000000000004,-0.9000000000000004,-0.7999999999999998,,,,0.0,0.0,0.0,0.0,0.0,0.0,0.0,0.0,0.0,-0.10000000000000009,-0.09999999999999987,,,,0.0,0.0,0.0,-0.20000000000000018,2.9000000000000004,0.7000000000000002,-1.3000000000000007,-1.2999999999999998,-0.2999999999999998,-0.7000000000000002,-1.2999999999999998,,,
2010-08-04,1.6,5.0,3.7,2.1,2.4,2.6,3.0,3.4,3.9,4.3,,,,,0.7,-0.2,1.0,1.8,1.3,0.8,1.1,0.9,0.9,1.0,,,,,9.7,10.0,9.7,9.7,9.7,9.7,9.5,9.4,9.2,8.9,,,,,3.7,2.6,1.5,-0.7,1.4,2.2,1.3,1.1,1.0,1.0,,,,,1.5,1.5,0.0,0.9,1.1,0.9,0.8,0.9,0.9,0.9,,,,,2.9,2.7,2.1,0.1,1.1,1.8,1.2,1.0,1.0,1.0,,,,,1.5,2.1,1.2,1.1,0.9,0.9,0.9,0.9,0.9,0.9,,,,,2.0,0.9,1.9,1.6,1.6,2.0,2.5,3.4,3.9,4.2,,,,,-1.7,-1.4,7.8,19.8,3.0,7.8,7.2,8.8,8.5,9.0,,,,,10.6,-0.8,-12.3,28.5,-8.6,8.3,15.6,19.3,19.6,21.5,,,,,5.7,0.0,1.8,9.2,4.3,0.5,0.9,1.0,1.1,0.9,,,,,-1.0,-2.3,-3.8,1.4,-0.5,-0.2,-0.2,0.0,0.1,0.2,,,,,2.3,4.7,4.8,4.0,3.8,3.4,4.1,4.4,4.8,5.3,,,,,0.6,0.6,0.6,0.6,0.6,0.7,0.8,0.9,1.0,1.1,,,,,8.3,7.0,7.0,6.6,3.5,1.4,3.5,4.4,4.6,5.1,,,,,2.3,2.8,-1.8999999999999995,-1.0,-1.2000000000000002,-0.10000000000000009,-0.20000000000000018,0.10000000000000009,0.3999999999999999,0.5,,,,,0.7,-0.6000000000000001,0.5,0.8,0.19999999999999996,0.20000000000000007,0.10000000000000009,0.0,0.09999999999999998,0.19999999999999996,,,,,0.3999999999999986,0.3000000000000007,-0.3000000000000007,0.0,-0.10000000000000142,0.0,0.0,0.09999999999999964,0.09999999999999964,0.0,,,,,1.8000000000000003,-1.1,-1.1,-2.2,2.4,1.3000000000000003,-0.5,-0.09999999999999987,-0.10000000000000009,0.0,,,,,-0.7999999999999998,0.0,-1.5,0.9,0.5000000000000001,0.20000000000000007,0.10000000000000009,0.09999999999999998,0.09999999999999998,0.09999999999999998,,,,,1.5,0.10000000000000009,-0.3999999999999999,-1.4,1.3,0.9,-0.30000000000000004,-0.10000000000000009,0.0,0.0,,,,,-0.5,0.9000000000000001,-0.6000000000000001,0.5000000000000001,0.0,0.09999999999999998,0.09999999999999998,0.09999999999999998,0.09999999999999998,0.09999999999999998,,,,,2.9,-1.9,0.2999999999999998,-1.7999999999999998,-1.2999999999999998,-0.20000000000000018,0.20000000000000018,0.5,0.7999999999999998,1.0,,,,,7.8999999999999995,4.5,2.5,16.1,-10.5,1.2999999999999998,-1.2999999999999998,1.200000000000001,0.5,1.0999999999999996,,,,,33.9,-19.7,-16.1,39.1,-27.299999999999997,13.8,-0.7999999999999989,3.4000000000000004,2.3000000000000007,4.199999999999999,,,,,-5.7,-8.0,1.8,7.999999999999999,-2.6000000000000005,-4.7,0.09999999999999998,-0.19999999999999996,-0.3999999999999999,-0.4,,,,,-4.9,-1.6999999999999997,-1.5999999999999996,5.3,0.09999999999999998,-0.2,-0.6000000000000001,-0.4,-0.4,-0.3,,,,,3.0999999999999996,2.1,-1.2999999999999998,-0.20000000000000018,-1.0,0.0,-0.20000000000000018,0.20000000000000018,0.5,0.7000000000000002,,,,,0.09999999999999998,0.0,0.0,0.0,0.0,0.0,0.0,0.0,0.09999999999999998,0.10000000000000009,,,,,18.700000000000003,0.5999999999999996,0.09999999999999964,-1.0,-4.0,-4.6,-1.0999999999999996,-0.39999999999999947,-0.10000000000000053,-0.10000000000000053,,,,
2010-09-15,,,3.7,1.7,1.7,2.4,2.5,3.1,3.6,4.1,4.3,4.4,4.4,4.5,,,1.0,1.9,1.9,0.4,1.2,1.0,0.9,0.9,1.2,1.2,1.1,1.1,,,9.7,9.7,9.6,9.7,9.6,9.5,9.3,9.1,8.9,8.7,8.3,8.0,,,1.5,-0.7,1.6,1.5,1.5,1.3,1.0,1.0,1.1,1.0,1.1,1.1,,,0.0,0.9,1.6,1.3,1.0,0.9,0.9,0.9,1.0,1.0,1.0,1.0,,,2.1,0.0,1.2,1.4,1.3,1.1,1.0,0.9,1.0,1.0,1.0,1.0,,,1.2,1.1,1.1,1.1,1.0,0.9,0.9,0.9,0.9,0.9,0.9,0.9,,,1.9,2.0,2.2,2.0,2.1,2.8,3.3,3.7,3.9,4.1,4.3,4.4,,,7.8,17.6,-0.7,2.8,5.9,7.2,7.5,7.8,7.9,7.9,8.9,7.5,,,-12.3,26.3,-27.2,3.5,11.0,21.8,21.8,22.7,18.8,18.0,17.0,16.3,,,1.8,9.1,3.4,4.5,0.9,1.1,1.2,1.1,0.4,0.3,-0.1,0.2,,,-3.8,0.6,-1.0,-0.1,0.1,0.2,0.4,0.7,1.1,1.2,1.5,1.6,,,4.8,3.7,3.6,2.7,3.8,4.1,4.6,5.1,5.6,5.6,5.6,5.6,,,0.6,0.6,0.6,0.6,0.7,0.8,0.9,1.0,1.0,1.1,1.2,1.3,,,7.1,6.5,4.3,0.8,2.1,3.6,4.0,4.5,4.2,4.5,5.1,3.9,,,0.0,-0.40000000000000013,-0.7,-0.20000000000000018,-0.5,-0.2999999999999998,-0.2999999999999998,-0.20000000000000018,,,,,,,0.0,0.09999999999999987,0.5999999999999999,-0.4,0.09999999999999987,0.09999999999999998,0.0,-0.09999999999999998,,,,,,,0.0,0.0,-0.09999999999999964,0.0,0.09999999999999964,0.09999999999999964,0.10000000000000142,0.1999999999999993,,,,,,,0.0,0.0,0.20000000000000018,-0.7000000000000002,0.19999999999999996,0.19999999999999996,0.0,0.0,,,,,,,0.0,0.0,0.5,0.4,0.19999999999999996,0.0,0.0,0.0,,,,,,,0.0,-0.1,0.09999999999999987,-0.40000000000000013,0.10000000000000009,0.10000000000000009,0.0,-0.09999999999999998,,,,,,,0.0,0.0,0.20000000000000007,0.20000000000000007,0.09999999999999998,0.0,0.0,0.0,,,,,,,0.0,0.3999999999999999,0.6000000000000001,0.0,-0.3999999999999999,-0.6000000000000001,-0.6000000000000001,-0.5,,,,,,,0.0,-2.1999999999999993,-3.7,-5.0,-1.2999999999999998,-1.6000000000000005,-1.0,-1.2000000000000002,,,,,,,0.0,-2.1999999999999993,-18.6,-4.800000000000001,-4.6,2.5,2.1999999999999993,1.1999999999999993,,,,,,,0.0,-0.09999999999999964,-0.8999999999999999,4.0,0.0,0.10000000000000009,0.09999999999999987,0.20000000000000007,,,,,,,0.0,-0.7999999999999999,-0.5,0.1,0.30000000000000004,0.2,0.30000000000000004,0.49999999999999994,,,,,,,0.0,-0.2999999999999998,-0.19999999999999973,-0.6999999999999997,-0.2999999999999998,-0.3000000000000007,-0.20000000000000018,-0.20000000000000018,,,,,,,0.0,0.0,0.0,-0.09999999999999998,-0.10000000000000009,-0.09999999999999998,-0.09999999999999998,-0.10000000000000009,,,,,,,0.09999999999999964,-0.09999999999999964,0.7999999999999998,-0.5999999999999999,-1.4,-0.8000000000000003,-0.5999999999999996,-0.5999999999999996,,,,
2010-10-27,,3.7,1.7,1.7,2.4,2.7,3.4,4.0,4.4,4.6,4.7,4.8,4.8,,,1.0,1.9,2.1,0.4,1.2,1.1,1.0,1.0,1.3,1.2,1.2,1.2,,,9.7,9.7,9.6,9.7,9.5,9.5,9.2,9.0,8.8,8.6,8.2,7.9,,,1.5,-0.7,1.5,2.1,1.4,1.2,1.1,1.1,1.1,1.1,1.1,1.2,,,0.0,0.9,1.2,0.9,1.1,1.0,1.0,1.0,1.0,1.1,1.1,1.2,,,2.1,0.0,1.2,1.9,1.3,1.1,1.1,1.0,1.1,1.1,1.1,1.1,,,1.2,1.0,1.0,1.1,1.1,1.0,1.0,1.0,1.0,1.0,1.0,1.0,,,1.9,2.2,2.6,2.2,2.4,2.8,3.3,4.0,4.1,4.3,4.5,4.8,,,7.8,17.2,5.5,3.4,5.3,6.8,7.0,7.4,8.3,9.3,8.6,8.6,,,-12.3,25.7,-29.9,-4.7,13.5,27.2,22.3,23.3,18.4,17.5,16.0,16.1,,,1.8,9.1,4.3,3.7,1.0,0.9,1.2,1.1,0.4,0.3,-0.1,0.2,,,-3.8,0.6,-0.6,-0.7,0.1,0.2,0.5,0.8,1.1,1.2,1.5,1.6,,,4.8,3.7,3.8,2.8,4.0,4.5,5.0,5.5,6.0,6.0,6.0,6.0,,,0.6,0.6,0.6,0.6,0.7,0.8,0.9,1.0,1.0,1.1,1.2,1.3,,,7.1,7.0,4.8,-1.5,3.5,4.0,4.7,4.5,5.0,5.6,5.5,4.8,,,,-2.0,0.0,0.7,0.30000000000000027,0.8999999999999999,0.8999999999999999,0.8000000000000003,0.5,0.40000000000000036,0.39999999999999947,0.39999999999999947,,,,0.8999999999999999,0.20000000000000018,-1.5,0.7999999999999999,-0.09999999999999987,0.0,0.09999999999999998,0.4,0.0,0.0,0.09999999999999987,,,,0.0,-0.09999999999999964,0.09999999999999964,-0.1999999999999993,-0.09999999999999964,-0.3000000000000007,-0.3000000000000007,-0.29999999999999893,-0.3000000000000007,-0.5,-0.40000000000000036,,,,-2.2,2.2,0.5,-0.10000000000000009,-0.30000000000000004,-0.19999999999999996,0.10000000000000009,0.10000000000000009,0.0,0.10000000000000009,0.09999999999999987,,,,0.9,0.29999999999999993,-0.7000000000000001,-0.19999999999999996,0.0,0.09999999999999998,0.09999999999999998,0.09999999999999998,0.10000000000000009,0.10000000000000009,0.19999999999999996,,,,-2.1,1.2,0.7,-0.09999999999999987,-0.19999999999999996,0.0,0.0,0.20000000000000007,0.10000000000000009,0.10000000000000009,0.10000000000000009,,,,-0.19999999999999996,-0.10000000000000009,0.0,0.0,0.0,0.09999999999999998,0.09999999999999998,0.09999999999999998,0.09999999999999998,0.09999999999999998,0.09999999999999998,,,,0.30000000000000027,0.6000000000000001,0.0,0.3999999999999999,0.6999999999999997,0.5,0.7000000000000002,0.39999999999999947,0.3999999999999999,0.40000000000000036,0.5,,,,9.399999999999999,-12.100000000000001,4.1,2.5,0.8999999999999995,-0.20000000000000018,-0.09999999999999964,0.5000000000000009,1.4000000000000004,0.6999999999999993,-0.3000000000000007,,,,38.0,-56.2,22.5,10.0,16.2,0.5,1.5,-4.300000000000001,-1.3000000000000007,-2.0,-0.8999999999999986,,,,7.3,-4.8,0.30000000000000027,-3.5,0.0,0.09999999999999987,-0.09999999999999987,-0.7000000000000001,-0.10000000000000003,-0.4,0.30000000000000004,,,,4.3999999999999995,-1.2,0.30000000000000004,0.2,0.1,0.3,0.4,0.40000000000000013,0.09999999999999987,0.30000000000000004,0.10000000000000009,,,,-1.0999999999999996,0.09999999999999964,-0.8000000000000003,1.2999999999999998,0.7000000000000002,0.9000000000000004,0.9000000000000004,0.9000000000000004,0.40000000000000036,0.40000000000000036,0.40000000000000036,,,,0.0,0.0,0.0,0.09999999999999998,0.10000000000000009,0.09999999999999998,0.09999999999999998,0.0,0.10000000000000009,0.09999999999999987,0.10000000000000009,,,,-0.09999999999999964,-1.7000000000000002,-5.8,2.7,1.9,1.1,0.5,0.5,1.3999999999999995,1.0,-0.2999999999999998,
2010-12-08,,3.7,1.7,2.7,2.5,3.4,3.5,3.7,4.3,4.3,4.4,4.5,4.5,,,1.0,1.9,2.3,0.2,1.2,0.9,0.8,0.8,1.1,1.1,1.1,1.1,,,9.7,9.7,9.6,9.7,9.5,9.4,9.1,8.9,8.8,8.6,8.3,8.0,,,1.5,-0.7,1.5,2.2,1.8,1.1,1.0,0.9,0.9,0.9,0.9,1.0,,,0.0,0.9,1.2,0.3,0.9,0.9,0.9,0.9,0.9,1.0,1.0,1.1,,,2.1,0.0,1.0,1.8,1.6,1.0,0.9,0.7,0.9,0.9,0.9,0.9,,,1.2,1.0,0.8,0.6,1.0,0.9,0.9,0.8,0.9,0.9,0.9,0.9,,,1.9,2.2,2.8,2.7,3.2,3.3,3.5,4.0,3.7,3.9,4.2,4.2,,,7.8,17.2,10.1,4.0,5.9,9.1,9.1,9.8,5.9,7.2,7.3,8.1,,,-12.3,25.7,-27.8,-3.8,2.9,8.0,14.0,15.6,13.5,13.6,13.5,13.7,,,1.8,9.1,8.9,2.1,1.1,1.0,1.1,1.0,0.1,0.2,0.2,0.2,,,-3.8,0.6,0.8,0.1,0.1,0.3,0.5,0.8,1.0,1.1,1.4,1.6,,,4.8,3.7,5.0,2.8,4.6,4.5,4.6,5.1,5.5,5.6,5.6,5.6,,,0.6,0.6,0.6,0.5,0.6,0.7,0.7,0.8,0.8,0.9,0.9,1.0,,,7.1,7.1,5.2,1.8,5.9,3.5,3.7,3.5,3.8,4.8,4.8,4.2,,,0.0,0.0,1.0000000000000002,0.10000000000000009,0.6999999999999997,0.10000000000000009,-0.2999999999999998,-0.10000000000000053,-0.2999999999999998,-0.2999999999999998,-0.2999999999999998,-0.2999999999999998,,,0.0,0.0,0.19999999999999973,-0.2,0.0,-0.20000000000000007,-0.19999999999999996,-0.19999999999999996,-0.19999999999999996,-0.09999999999999987,-0.09999999999999987,-0.09999999999999987,,,0.0,0.0,0.0,0.0,0.0,-0.09999999999999964,-0.09999999999999964,-0.09999999999999964,0.0,0.0,0.10000000000000142,0.09999999999999964,,,0.0,0.0,0.0,0.10000000000000009,0.40000000000000013,-0.09999999999999987,-0.10000000000000009,-0.20000000000000007,-0.20000000000000007,-0.20000000000000007,-0.20000000000000007,-0.19999999999999996,,,0.0,0.0,0.0,-0.6000000000000001,-0.20000000000000007,-0.09999999999999998,-0.09999999999999998,-0.09999999999999998,-0.09999999999999998,-0.10000000000000009,-0.10000000000000009,-0.09999999999999987,,,0.0,0.0,-0.19999999999999996,-0.09999999999999987,0.30000000000000004,-0.10000000000000009,-0.20000000000000007,-0.30000000000000004,-0.20000000000000007,-0.20000000000000007,-0.20000000000000007,-0.20000000000000007,,,0.0,0.0,-0.19999999999999996,-0.5000000000000001,-0.10000000000000009,-0.09999999999999998,-0.09999999999999998,-0.19999999999999996,-0.09999999999999998,-0.09999999999999998,-0.09999999999999998,-0.09999999999999998,,,0.0,0.0,0.19999999999999973,0.5,0.8000000000000003,0.5,0.20000000000000018,0.0,-0.39999999999999947,-0.3999999999999999,-0.2999999999999998,-0.5999999999999996,,,0.0,0.0,4.6,0.6000000000000001,0.6000000000000005,2.3,2.0999999999999996,2.4000000000000004,-2.4000000000000004,-2.1000000000000005,-1.2999999999999998,-0.5,,,0.0,0.0,2.099999999999998,0.9000000000000004,-10.6,-19.2,-8.3,-7.700000000000001,-4.899999999999999,-3.9000000000000004,-2.5,-2.400000000000002,,,0.0,0.0,4.6000000000000005,-1.6,0.10000000000000009,0.09999999999999998,-0.09999999999999987,-0.10000000000000009,-0.30000000000000004,-0.09999999999999998,0.30000000000000004,0.0,,,0.0,0.0,1.4,0.7999999999999999,0.0,0.09999999999999998,0.0,0.0,-0.10000000000000009,-0.09999999999999987,-0.10000000000000009,0.0,,,0.0,0.0,1.2000000000000002,0.0,0.5999999999999996,0.0,-0.40000000000000036,-0.40000000000000036,-0.5,-0.40000000000000036,-0.40000000000000036,-0.40000000000000036,,,0.0,0.0,0.0,-0.09999999999999998,-0.09999999999999998,-0.10000000000000009,-0.20000000000000007,-0.19999999999999996,-0.19999999999999996,-0.20000000000000007,-0.29999999999999993,-0.30000000000000004,,,0.0,0.09999999999999964,0.40000000000000036,3.3,2.4000000000000004,-0.5,-1.0,-1.0,-1.2000000000000002,-0.7999999999999998,-0.7000000000000002,-0.5999999999999996,
2011-01-19,3.7,1.7,2.6,3.8,3.6,3.7,3.8,4.2,4.3,4.4,4.5,4.6,,,1.0,1.9,2.1,0.0,2.0,1.0,1.0,0.9,1.1,1.1,1.1,1.1,,,9.7,9.6,9.6,9.6,9.5,9.3,9.1,8.9,8.7,8.4,8.1,7.8,,,1.5,-0.7,1.5,2.6,2.7,1.1,1.2,1.0,0.9,0.9,1.0,1.0,,,0.0,0.9,1.2,0.4,1.0,1.0,1.0,0.9,1.0,1.0,1.1,1.1,,,2.1,0.0,0.8,1.9,2.0,1.1,1.2,1.0,1.0,1.0,1.0,1.0,,,1.2,1.0,0.5,0.6,0.9,1.0,1.0,0.9,1.0,1.0,1.0,1.0,,,1.9,2.2,2.4,4.1,3.1,3.5,3.6,3.7,3.5,3.7,3.9,4.2,,,7.8,17.2,10.0,3.7,9.4,9.5,10.4,10.1,6.8,7.9,8.1,8.9,,,-12.3,25.7,-27.3,0.7,3.2,9.2,12.5,11.9,13.0,13.9,13.5,13.5,,,1.8,9.1,8.8,1.1,2.1,0.9,0.6,0.4,0.0,0.0,-0.1,0.0,,,-3.8,0.6,0.7,-0.9,-0.1,0.2,0.4,0.7,0.9,1.0,1.3,1.5,,,4.8,3.7,4.6,3.8,5.7,4.7,4.9,5.1,5.5,5.6,5.6,5.7,,,0.6,0.6,0.6,0.5,0.6,0.6,0.7,0.7,0.8,0.8,0.9,1.0,,,7.1,7.2,6.5,2.4,6.7,3.2,4.3,3.6,4.1,5.3,5.2,4.3,,,,-2.0,0.9000000000000001,1.0999999999999996,1.1,0.30000000000000027,0.2999999999999998,0.5,0.0,0.10000000000000053,0.09999999999999964,0.09999999999999964,,,,0.8999999999999999,0.20000000000000018,-2.3,1.8,-0.19999999999999996,0.09999999999999998,0.09999999999999998,0.30000000000000004,0.0,0.0,0.0,,,,-0.09999999999999964,-0.09999999999999964,0.0,-0.1999999999999993,-0.1999999999999993,-0.3000000000000007,-0.1999999999999993,-0.20000000000000107,-0.40000000000000036,-0.5,-0.5000000000000009,,,,-2.2,2.2,1.1,0.5,-0.7,0.09999999999999987,0.0,0.0,0.0,0.09999999999999998,0.09999999999999998,,,,0.9,0.29999999999999993,-0.7999999999999999,0.7,0.09999999999999998,0.09999999999999998,0.0,0.09999999999999998,0.09999999999999998,0.10000000000000009,0.10000000000000009,,,,-2.1,0.8,0.8999999999999999,0.19999999999999996,-0.5,0.19999999999999996,0.09999999999999998,0.30000000000000004,0.09999999999999998,0.09999999999999998,0.09999999999999998,,,,-0.19999999999999996,-0.5,-0.20000000000000007,0.30000000000000004,0.0,0.09999999999999998,0.0,0.19999999999999996,0.09999999999999998,0.09999999999999998,0.09999999999999998,,,,0.30000000000000027,0.19999999999999973,1.2999999999999998,0.3999999999999999,0.2999999999999998,0.30000000000000027,0.20000000000000018,-0.5,0.0,0.0,0.0,,,,9.399999999999999,-7.199999999999999,-6.3999999999999995,5.4,3.5999999999999996,1.3000000000000007,1.0,-3.000000000000001,2.0,0.8999999999999995,1.6000000000000005,,,,38.0,-53.0,28.5,7.0,6.299999999999999,4.5,-2.0999999999999996,-2.5999999999999996,0.40000000000000036,-0.09999999999999964,0.0,,,,7.3,-0.29999999999999893,-7.800000000000001,0.0,-0.20000000000000007,-0.4,-0.7000000000000001,-1.0,-0.1,-0.30000000000000004,-0.2,,,,4.3999999999999995,0.09999999999999998,-1.7000000000000002,-0.2,0.1,0.10000000000000003,0.19999999999999996,0.09999999999999998,0.0,0.19999999999999996,0.10000000000000009,,,,-1.0999999999999996,0.8999999999999995,-1.2000000000000002,2.9000000000000004,0.10000000000000053,0.40000000000000036,0.5,0.40000000000000036,0.09999999999999964,0.0,0.10000000000000053,,,,0.0,0.0,-0.09999999999999998,0.09999999999999998,0.0,0.0,0.0,0.0,0.0,0.0,0.09999999999999998,,,,0.10000000000000053,-0.5999999999999996,-2.8000000000000003,4.9,-2.7,0.7999999999999998,-0.10000000000000009,0.5999999999999996,1.5,0.40000000000000036,-0.5,,
2011-03-09,3.7,1.7,2.6,3.2,3.2,3.8,3.9,4.0,4.2,4.4,4.4,4.5,,,1.0,1.9,2.1,0.4,1.6,2.4,1.0,1.0,1.3,1.3,1.3,1.3,,,9.7,9.6,9.6,9.6,9.0,8.9,8.7,8.6,8.4,8.1,7.8,7.5,,,1.3,-0.5,1.4,2.6,4.6,2.8,0.9,0.9,0.9,0.9,1.0,1.1,,,0.0,0.8,1.1,0.6,1.5,1.3,1.0,1.0,1.1,1.2,1.2,1.3,,,2.1,0.0,0.8,1.8,3.3,2.3,1.2,1.0,1.0,1.0,1.1,1.1,,,1.2,1.0,0.5,0.5,1.1,1.2,1.3,1.1,1.2,1.2,1.2,1.2,,,1.9,2.2,2.4,4.1,2.5,3.5,3.5,3.5,3.7,3.8,4.0,4.1,,,7.8,17.2,10.0,6.7,6.2,8.9,9.5,10.2,6.1,7.5,7.4,7.8,,,-12.3,25.7,-27.3,2.8,3.7,7.3,10.9,12.0,13.1,13.2,13.4,13.8,,,1.8,9.1,8.8,-0.2,-4.7,4.6,2.0,-0.4,-0.7,-0.7,-0.7,-1.1,,,-3.8,0.6,0.7,-2.6,-2.1,-0.7,-0.2,0.1,0.3,0.5,0.6,0.6,,,4.8,3.7,4.6,3.6,4.8,6.2,4.9,5.0,5.6,5.8,5.8,5.8,,,0.6,0.6,0.6,0.5,0.6,0.6,0.7,0.7,0.8,0.8,0.9,1.0,,,7.1,7.2,6.2,3.2,4.7,7.2,4.4,3.3,3.6,4.6,4.7,3.9,,,0.0,0.0,0.0,-0.5999999999999996,-0.3999999999999999,0.09999999999999964,0.10000000000000009,-0.20000000000000018,-0.09999999999999964,0.0,-0.09999999999999964,-0.09999999999999964,,,0.0,0.0,0.0,0.4,-0.3999999999999999,1.4,0.0,0.09999999999999998,0.19999999999999996,0.19999999999999996,0.19999999999999996,0.19999999999999996,,,0.0,0.0,0.0,0.0,-0.5,-0.40000000000000036,-0.40000000000000036,-0.3000000000000007,-0.29999999999999893,-0.3000000000000007,-0.2999999999999998,-0.2999999999999998,,,-0.19999999999999996,0.19999999999999996,-0.10000000000000009,0.0,1.8999999999999995,1.6999999999999997,-0.29999999999999993,-0.09999999999999998,0.0,0.0,0.0,0.10000000000000009,,,0.0,-0.09999999999999998,-0.09999999999999987,0.19999999999999996,0.5,0.30000000000000004,0.0,0.09999999999999998,0.10000000000000009,0.19999999999999996,0.09999999999999987,0.19999999999999996,,,0.0,0.0,0.0,-0.09999999999999987,1.2999999999999998,1.1999999999999997,0.0,0.0,0.0,0.0,0.10000000000000009,0.10000000000000009,,,0.0,0.0,0.0,-0.09999999999999998,0.20000000000000007,0.19999999999999996,0.30000000000000004,0.20000000000000007,0.19999999999999996,0.19999999999999996,0.19999999999999996,0.19999999999999996,,,0.0,0.0,0.0,0.0,-0.6000000000000001,0.0,-0.10000000000000009,-0.20000000000000018,0.20000000000000018,0.09999999999999964,0.10000000000000009,-0.10000000000000053,,,0.0,0.0,0.0,3.0,-3.2,-0.5999999999999996,-0.9000000000000004,0.09999999999999964,-0.7000000000000002,-0.40000000000000036,-0.6999999999999993,-1.1000000000000005,,,0.0,0.0,0.0,2.0999999999999996,0.5,-1.8999999999999995,-1.5999999999999996,0.09999999999999964,0.09999999999999964,-0.7000000000000011,-0.09999999999999964,0.3000000000000007,,,0.0,0.0,0.0,-1.3,-6.800000000000001,3.6999999999999997,1.4,-0.8,-0.7,-0.7,-0.6,-1.1,,,0.0,0.0,0.0,-1.7000000000000002,-2.0,-0.8999999999999999,-0.6000000000000001,-0.6,-0.6000000000000001,-0.5,-0.7000000000000001,-0.9,,,0.0,0.0,0.0,-0.19999999999999973,-0.9000000000000004,1.5,0.0,-0.09999999999999964,0.09999999999999964,0.20000000000000018,0.20000000000000018,0.09999999999999964,,,0.0,0.0,0.0,0.0,0.0,0.0,0.0,0.0,0.0,0.0,0.0,0.0,,,0.0,0.0,-0.2999999999999998,0.8000000000000003,-2.0,4.0,0.10000000000000053,-0.30000000000000027,-0.49999999999999956,-0.7000000000000002,-0.5,-0.3999999999999999,,
2011-04-20,1.7,2.6,3.1,1.7,3.1,4.1,3.8,4.0,4.2,4.2,4.3,,,,1.9,2.1,0.4,1.9,2.9,1.2,1.2,1.5,1.4,1.4,1.4,,,,9.6,9.6,9.6,8.9,8.9,8.8,8.7,8.5,8.2,7.9,7.7,,,,-0.5,1.4,2.6,5.2,3.7,1.2,1.2,1.2,1.2,1.2,1.3,,,,0.8,1.1,0.6,1.7,1.8,1.3,1.2,1.4,1.4,1.5,1.5,,,,0.0,0.8,1.7,3.8,2.8,1.2,1.2,1.2,1.2,1.2,1.3,,,,1.0,0.5,0.4,1.4,1.5,1.3,1.2,1.3,1.4,1.4,1.4,,,,2.2,2.4,4.0,2.5,3.0,3.1,3.1,3.3,3.7,3.9,4.0,,,,17.2,10.0,7.7,2.2,8.6,9.2,10.2,5.7,7.0,7.3,7.3,,,,25.7,-27.3,3.3,-1.8,0.4,2.6,5.3,6.1,7.8,9.3,11.8,,,,9.1,8.8,-0.3,-11.5,8.0,3.9,-0.4,-0.7,-0.7,-0.7,-1.1,,,,0.6,0.7,-2.6,-3.9,-1.2,-0.4,-0.2,0.0,0.5,0.7,0.7,,,,3.7,4.6,3.5,3.6,6.1,5.4,5.1,5.5,5.6,5.6,5.7,,,,0.6,0.6,0.5,0.6,0.6,0.6,0.6,0.7,0.7,0.8,0.9,,,,7.1,6.7,3.2,6.0,5.4,5.7,3.6,3.1,4.7,5.1,4.3,,,,-2.0,0.9000000000000001,0.5,-1.5000000000000002,-0.10000000000000009,0.2999999999999998,-0.10000000000000009,0.0,0.0,-0.20000000000000018,-0.10000000000000053,,,,0.8999999999999999,0.20000000000000018,-1.7000000000000002,1.5,1.2999999999999998,-1.2,0.19999999999999996,0.5,0.09999999999999987,0.09999999999999987,0.09999999999999987,,,,-0.09999999999999964,0.0,0.0,-0.6999999999999993,-0.09999999999999964,-0.09999999999999964,0.0,-0.09999999999999964,-0.20000000000000107,-0.1999999999999993,-0.09999999999999964,,,,-1.8,1.9,1.2000000000000002,2.6,-0.8999999999999995,-1.5999999999999999,0.29999999999999993,0.29999999999999993,0.29999999999999993,0.29999999999999993,0.30000000000000004,,,,0.8,0.30000000000000004,-0.5000000000000001,1.1,0.30000000000000004,0.0,0.19999999999999996,0.3999999999999999,0.2999999999999998,0.30000000000000004,0.30000000000000004,,,,-2.1,0.8,0.8999999999999999,1.9999999999999998,-0.5,-1.0999999999999999,0.0,0.19999999999999996,0.19999999999999996,0.19999999999999996,0.19999999999999996,,,,-0.19999999999999996,-0.5,-0.09999999999999998,0.8999999999999999,0.3999999999999999,0.10000000000000009,-0.10000000000000009,0.19999999999999996,0.19999999999999996,0.19999999999999996,0.19999999999999996,,,,0.30000000000000027,0.19999999999999973,1.6,-1.5999999999999996,0.5,-0.3999999999999999,-0.3999999999999999,-0.20000000000000018,0.0,0.10000000000000009,0.0,,,,9.399999999999999,-7.199999999999999,-2.3,-4.5,2.3999999999999995,0.29999999999999893,0.6999999999999993,-4.499999999999999,0.9000000000000004,-0.20000000000000018,-0.10000000000000053,,,,38.0,-53.0,30.6,-4.6,-3.3000000000000003,-4.699999999999999,-5.6000000000000005,-5.9,-5.3,-3.8999999999999986,-1.5999999999999996,,,,7.3,-0.29999999999999893,-9.100000000000001,-11.3,12.7,-0.6999999999999997,-2.4,-0.29999999999999993,0.0,0.0,-0.40000000000000013,,,,4.3999999999999995,0.09999999999999998,-3.3,-1.2999999999999998,0.9000000000000001,0.29999999999999993,0.0,-0.1,0.2,0.19999999999999996,0.09999999999999998,,,,-1.0999999999999996,0.8999999999999995,-1.0999999999999996,0.0,1.2999999999999998,-0.7999999999999998,0.1999999999999993,0.5,0.0,-0.20000000000000018,-0.09999999999999964,,,,0.0,0.0,-0.09999999999999998,0.09999999999999998,0.0,0.0,-0.09999999999999998,0.0,-0.10000000000000009,0.0,0.0,,,,0.0,-0.5,-3.0,2.8,0.7000000000000002,-1.5,-0.8000000000000003,-0.19999999999999973,1.1,0.5,-0.40000000000000036,,,
2011-06-15,1.7,2.6,3.1,2.1,1.9,3.9,2.9,3.1,3.3,3.7,3.9,,,,1.9,2.1,0.4,2.0,3.8,1.6,1.3,1.6,1.5,1.5,1.5,,,,9.6,9.6,9.6,8.9,9.0,9.0,8.9,8.8,8.6,8.4,8.1,,,,-0.5,1.4,2.6,5.2,4.2,0.6,1.5,1.5,1.5,1.5,1.5,,,,0.8,1.1,0.6,1.7,2.4,1.9,1.4,1.5,1.6,1.6,1.6,,,,0.0,0.8,1.7,3.8,3.4,0.8,1.4,1.4,1.5,1.5,1.5,,,,1.0,0.5,0.4,1.4,2.2,1.7,1.4,1.5,1.5,1.5,1.5,,,,2.2,2.4,4.0,2.3,1.5,2.6,2.4,2.5,2.7,2.9,3.1,,,,17.2,10.0,7.7,2.9,6.8,9.5,7.2,3.7,5.6,6.9,6.8,,,,25.7,-27.3,3.3,-2.9,1.3,1.6,2.7,3.0,5.5,7.3,8.3,,,,9.1,8.8,-0.3,-7.9,2.1,4.7,-0.4,-0.4,-0.7,-0.7,-1.2,,,,0.6,0.7,-2.6,-3.9,-2.3,-1.3,-0.5,-0.1,0.0,0.2,0.4,,,,3.7,4.6,3.5,4.1,5.8,5.6,4.3,4.7,4.8,5.2,5.4,,,,0.6,0.6,0.5,0.6,0.5,0.6,0.6,0.7,0.7,0.8,0.8,,,,7.1,6.7,3.1,4.2,2.0,7.6,4.5,3.0,3.7,4.1,4.0,,,,0.0,0.0,0.0,0.40000000000000013,-1.2000000000000002,-0.19999999999999973,-0.8999999999999999,-0.8999999999999999,-0.9000000000000004,-0.5,-0.3999999999999999,,,,0.0,0.0,0.0,0.10000000000000009,0.8999999999999999,0.40000000000000013,0.10000000000000009,0.10000000000000009,0.10000000000000009,0.10000000000000009,0.10000000000000009,,,,0.0,0.0,0.0,0.0,0.09999999999999964,0.1999999999999993,0.20000000000000107,0.3000000000000007,0.40000000000000036,0.5,0.39999999999999947,,,,0.0,0.0,0.0,0.0,0.5,-0.6,0.30000000000000004,0.30000000000000004,0.30000000000000004,0.30000000000000004,0.19999999999999996,,,,0.0,0.0,0.0,0.0,0.5999999999999999,0.5999999999999999,0.19999999999999996,0.10000000000000009,0.20000000000000018,0.10000000000000009,0.10000000000000009,,,,0.0,0.0,0.0,0.0,0.6000000000000001,-0.3999999999999999,0.19999999999999996,0.19999999999999996,0.30000000000000004,0.30000000000000004,0.19999999999999996,,,,0.0,0.0,0.0,0.0,0.7000000000000002,0.3999999999999999,0.19999999999999996,0.19999999999999996,0.10000000000000009,0.10000000000000009,0.10000000000000009,,,,0.0,0.0,0.0,-0.20000000000000018,-1.5,-0.5,-0.7000000000000002,-0.7999999999999998,-1.0,-1.0,-0.8999999999999999,,,,0.0,0.0,0.0,0.6999999999999997,-1.7999999999999998,0.3000000000000007,-2.999999999999999,-2.0,-1.4000000000000004,-0.39999999999999947,-0.5,,,,0.0,0.0,0.0,-1.0999999999999999,0.9,-1.0,-2.5999999999999996,-3.0999999999999996,-2.3,-2.000000000000001,-3.5,,,,0.0,0.0,0.0,3.5999999999999996,-5.9,0.8000000000000003,0.0,0.29999999999999993,0.0,0.0,-0.09999999999999987,,,,0.0,0.0,0.0,0.0,-1.0999999999999999,-0.9,-0.3,-0.1,-0.5,-0.49999999999999994,-0.29999999999999993,,,,0.0,0.0,0.0,0.49999999999999956,-0.2999999999999998,0.1999999999999993,-0.7999999999999998,-0.7999999999999998,-0.7999999999999998,-0.39999999999999947,-0.2999999999999998,,,,0.0,0.0,0.0,0.0,-0.09999999999999998,0.0,0.0,0.0,0.0,0.0,-0.09999999999999998,,,,0.0,0.0,-0.10000000000000009,-1.7999999999999998,-3.4000000000000004,1.8999999999999995,0.8999999999999999,-0.10000000000000009,-1.0,-1.0,-0.2999999999999998,,,
2011-08-03,2.5,2.3,0.4,1.4,2.9,2.4,2.4,2.9,3.2,3.4,,,,,1.4,1.9,2.5,2.3,2.1,1.2,0.7,2.9,1.3,1.2,,,,,9.6,9.6,8.9,9.1,9.2,9.2,9.1,8.9,8.7,8.5,,,,,1.4,2.6,5.2,4.1,1.8,1.0,1.6,1.6,1.6,1.5,,,,,1.1,0.6,1.7,2.5,2.6,1.8,1.7,1.6,1.6,1.6,,,,,1.0,1.9,3.9,3.1,1.5,1.1,1.6,1.5,1.4,1.4,,,,,0.8,0.7,1.6,2.1,1.9,1.7,1.6,1.5,1.4,1.4,,,,,2.6,3.6,2.1,0.1,1.6,1.9,1.9,2.4,2.8,3.0,,,,,11.3,8.7,2.1,8.1,4.0,4.5,2.6,3.0,4.3,5.0,,,,,-27.7,2.5,-2.4,3.5,3.1,0.5,3.1,4.2,8.4,8.8,,,,,3.2,-3.0,-9.4,2.2,1.9,1.4,-1.1,-0.8,-0.9,-0.8,,,,,-0.5,-2.7,-3.4,-2.9,-1.8,-0.8,-0.5,-0.3,-0.1,0.2,,,,,3.9,4.2,3.1,3.9,5.1,3.6,3.2,5.9,4.6,4.6,,,,,0.6,0.5,0.6,0.6,0.6,0.6,0.7,0.7,0.8,0.8,,,,,6.7,3.1,4.8,0.8,5.9,4.1,2.3,2.9,3.8,4.1,,,,,0.8,-0.30000000000000027,-2.7,-0.7000000000000002,1.0,-1.5,-0.5,-0.20000000000000018,-0.09999999999999964,-0.30000000000000027,,,,,-0.5,-0.20000000000000018,2.1,0.2999999999999998,-1.6999999999999997,-0.40000000000000013,-0.6000000000000001,1.2999999999999998,-0.19999999999999996,-0.30000000000000004,,,,,0.0,0.0,-0.6999999999999993,0.1999999999999993,0.1999999999999993,0.1999999999999993,0.1999999999999993,0.09999999999999964,0.09999999999999964,0.09999999999999964,,,,,1.9,1.2000000000000002,2.6,-1.1000000000000005,-2.4000000000000004,0.4,0.10000000000000009,0.10000000000000009,0.10000000000000009,0.0,,,,,0.30000000000000004,-0.5000000000000001,1.1,0.8,0.20000000000000018,-0.09999999999999987,0.30000000000000004,0.10000000000000009,0.0,0.0,,,,,1.0,1.0999999999999999,2.2,-0.6999999999999997,-1.9,0.30000000000000004,0.20000000000000018,0.10000000000000009,-0.10000000000000009,-0.10000000000000009,,,,,-0.19999999999999996,0.19999999999999996,1.2000000000000002,0.7000000000000002,-0.30000000000000027,0.0,0.20000000000000018,0.0,-0.10000000000000009,-0.10000000000000009,,,,,0.3999999999999999,1.2000000000000002,-1.9,-2.1999999999999997,0.10000000000000009,-0.7000000000000002,-0.5,-0.10000000000000009,0.09999999999999964,0.10000000000000009,,,,,-5.899999999999999,-1.3000000000000007,-5.6,5.199999999999999,-2.8,-5.0,-4.6,-0.7000000000000002,-1.2999999999999998,-1.9000000000000004,,,,,-53.4,29.8,-5.699999999999999,6.4,1.8,-1.1,0.3999999999999999,1.2000000000000002,2.9000000000000004,1.5000000000000009,,,,,-5.8999999999999995,-11.8,-9.1,10.100000000000001,-0.20000000000000018,-3.3000000000000003,-0.7000000000000001,-0.4,-0.20000000000000007,-0.10000000000000009,,,,,-1.1,-3.4000000000000004,-0.7999999999999998,1.0,0.4999999999999998,0.5,0.0,-0.19999999999999998,-0.1,0.0,,,,,0.19999999999999973,-0.39999999999999947,-0.3999999999999999,-0.19999999999999973,-0.7000000000000002,-1.9999999999999996,-1.0999999999999996,1.2000000000000002,-0.20000000000000018,-0.6000000000000005,,,,,0.0,-0.09999999999999998,0.09999999999999998,0.0,0.09999999999999998,0.0,0.09999999999999998,0.0,0.10000000000000009,0.0,,,,,-0.39999999999999947,-3.6,1.6999999999999997,-3.4000000000000004,3.9000000000000004,-3.5,-2.2,-0.10000000000000009,0.09999999999999964,0.0,,,,
2011-09-14,,,0.4,1.2,2.5,2.0,2.2,2.3,2.7,3.0,3.2,3.3,3.5,3.6,,,2.5,2.4,2.8,1.8,0.7,2.1,1.2,1.2,0.9,2.2,1.3,1.2,,,8.9,9.1,9.1,9.1,9.1,9.0,8.9,8.7,8.5,8.4,8.3,8.1,,,5.2,4.1,2.7,1.2,0.6,1.2,1.4,1.4,1.4,1.4,1.3,1.4,,,1.7,2.5,2.6,2.0,1.7,1.6,1.6,1.5,1.4,1.4,1.4,1.4,,,3.9,3.2,2.2,1.2,0.9,1.3,1.3,1.3,1.3,1.3,1.3,1.3,,,1.6,2.2,2.1,1.7,1.6,1.5,1.4,1.4,1.3,1.3,1.3,1.4,,,2.1,0.4,1.7,1.1,1.7,2.1,2.4,2.7,2.9,3.1,3.2,3.4,,,2.1,10.7,5.4,2.6,1.6,1.9,3.6,4.7,4.0,5.2,5.9,5.4,,,-2.4,3.8,-1.3,-0.8,3.8,7.2,8.7,9.1,8.8,9.7,9.7,10.3,,,-9.4,1.9,-0.7,3.7,-0.7,-0.6,-0.8,-0.8,-1.4,-2.9,-4.9,-6.8,,,-3.4,-2.9,-2.6,-1.2,-0.8,-0.5,-0.2,0.0,0.5,0.7,0.9,0.9,,,3.1,3.8,5.3,3.9,2.9,4.5,4.0,4.2,4.1,5.5,4.9,4.8,,,0.6,0.6,0.6,0.6,0.7,0.7,0.8,0.8,0.9,0.9,1.0,1.0,,,4.8,1.0,5.9,4.2,1.2,2.4,3.7,3.0,3.4,3.7,3.5,3.6,,,0.0,-0.19999999999999996,-0.3999999999999999,-0.3999999999999999,-0.19999999999999973,-0.6000000000000001,-0.5,-0.3999999999999999,,,,,,,0.0,0.10000000000000009,0.6999999999999997,0.6000000000000001,0.0,-0.7999999999999998,-0.10000000000000009,0.0,,,,,,,0.0,0.0,-0.09999999999999964,-0.09999999999999964,0.0,0.09999999999999964,0.20000000000000107,0.1999999999999993,,,,,,,0.0,0.0,0.9000000000000001,0.19999999999999996,-1.0,-0.40000000000000013,-0.20000000000000018,-0.10000000000000009,,,,,,,0.0,0.0,0.0,0.19999999999999996,0.0,0.0,0.0,-0.10000000000000009,,,,,,,0.0,0.10000000000000009,0.7000000000000002,0.09999999999999987,-0.7000000000000001,-0.19999999999999996,-0.09999999999999987,-0.09999999999999987,,,,,,,0.0,0.10000000000000009,0.20000000000000018,0.0,0.0,0.0,0.0,0.0,,,,,,,0.0,0.30000000000000004,0.09999999999999987,-0.7999999999999998,-0.19999999999999996,-0.2999999999999998,-0.3999999999999999,-0.2999999999999998,,,,,,,0.0,2.5999999999999996,1.4000000000000004,-1.9,-1.0,-1.1,-0.6999999999999997,-0.2999999999999998,,,,,,,0.0,0.2999999999999998,-4.4,-1.3,0.6999999999999997,3.0,0.29999999999999893,0.29999999999999893,,,,,,,0.0,-0.30000000000000027,-2.5999999999999996,2.3000000000000003,0.40000000000000013,0.20000000000000007,0.09999999999999998,0.0,,,,,,,0.0,0.0,-0.8,-0.3999999999999999,-0.30000000000000004,-0.2,-0.1,-0.2,,,,,,,0.0,-0.10000000000000009,0.20000000000000018,0.2999999999999998,-0.30000000000000027,-1.4000000000000004,-0.5999999999999996,-0.39999999999999947,,,,,,,0.0,0.0,0.0,0.0,0.0,0.0,0.0,0.0,,,,,,,0.0,0.19999999999999996,0.0,0.10000000000000053,-1.0999999999999999,-0.5,-0.09999999999999964,-1.0999999999999996,,,,
2011-10-26,,0.4,1.3,2.7,2.5,2.4,2.5,2.6,2.7,2.9,3.1,3.4,3.5,,,2.5,2.5,2.5,1.4,1.1,2.4,1.4,1.2,1.0,2.3,1.4,1.3,,,8.9,9.1,9.1,9.1,9.0,8.9,8.8,8.6,8.4,8.4,8.3,8.1,,,5.2,4.1,3.1,1.4,1.5,1.3,1.4,1.4,1.5,1.4,1.4,1.5,,,1.7,2.5,2.7,1.9,1.8,1.6,1.6,1.5,1.5,1.5,1.5,1.5,,,3.9,3.3,2.3,1.2,1.4,1.4,1.3,1.3,1.4,1.4,1.4,1.4,,,1.6,2.3,2.1,1.5,1.6,1.6,1.5,1.4,1.4,1.4,1.4,1.4,,,2.1,0.7,2.2,2.0,1.9,2.2,2.5,2.8,2.9,3.0,3.2,3.3,,,2.1,10.3,12.8,1.3,0.3,2.6,4.0,4.7,3.4,4.8,5.9,5.9,,,-2.4,4.2,1.2,3.2,3.5,6.9,7.1,7.5,8.9,9.5,9.3,9.1,,,-9.4,1.9,-2.2,4.6,-0.7,-0.6,-0.8,-0.8,-1.4,-3.0,-5.0,-6.8,,,-3.4,-2.8,-0.6,-0.8,-0.8,-0.5,-0.2,0.0,0.5,0.7,0.9,0.9,,,3.1,4.0,5.2,3.9,3.5,5.0,4.0,3.9,4.0,5.5,4.8,4.8,,,0.6,0.6,0.6,0.6,0.7,0.7,0.8,0.8,0.9,0.9,1.0,1.0,,,4.8,0.5,5.1,4.5,2.4,2.8,2.7,2.5,3.5,3.6,3.5,3.5,,,,0.9,1.5000000000000002,0.0,0.3999999999999999,0.2999999999999998,0.30000000000000027,0.0,-0.10000000000000009,-0.10000000000000009,0.10000000000000009,0.0,,,,0.0,0.10000000000000009,-1.4,-0.7,1.7,-0.7000000000000002,0.0,-0.19999999999999996,1.4,-0.8000000000000003,0.0,,,,0.1999999999999993,0.0,0.0,-0.09999999999999964,-0.1999999999999993,-0.1999999999999993,-0.3000000000000007,-0.29999999999999893,-0.09999999999999964,-0.09999999999999964,-0.20000000000000107,,,,-1.1000000000000005,-0.9999999999999996,-1.3000000000000003,0.30000000000000004,0.7000000000000001,0.19999999999999996,0.0,0.10000000000000009,0.0,0.0,0.19999999999999996,,,,0.8,0.20000000000000018,-0.7000000000000002,-0.19999999999999996,-0.09999999999999987,0.0,-0.10000000000000009,0.0,0.10000000000000009,0.10000000000000009,0.10000000000000009,,,,-0.6000000000000001,-0.9000000000000004,-1.0000000000000002,0.19999999999999996,0.4999999999999999,0.0,0.0,0.09999999999999987,0.09999999999999987,0.09999999999999987,0.09999999999999987,,,,0.6999999999999997,-0.10000000000000009,-0.6000000000000001,-0.09999999999999987,0.0,0.0,0.0,0.0,0.09999999999999987,0.09999999999999987,0.09999999999999987,,,,-1.4000000000000001,1.8000000000000003,0.30000000000000004,0.7999999999999998,0.5000000000000002,0.3999999999999999,0.3999999999999999,0.19999999999999973,0.10000000000000009,0.10000000000000009,0.09999999999999964,,,,8.200000000000001,2.1000000000000014,-4.1000000000000005,-2.3000000000000003,1.0,2.1,1.1,-1.3000000000000003,0.7999999999999998,0.7000000000000002,0.0,,,,6.6,-2.5999999999999996,4.5,4.3,3.1000000000000005,-0.10000000000000053,-1.1999999999999993,-0.1999999999999993,0.6999999999999993,-0.3999999999999986,-0.5999999999999996,,,,11.3,-4.1,5.3,-4.4,0.09999999999999998,-0.20000000000000007,0.0,-0.5999999999999999,-1.6,-2.1,-1.8999999999999995,,,,0.6000000000000001,2.3,1.8,0.3999999999999999,0.30000000000000004,0.3,0.2,0.5,0.19999999999999996,0.20000000000000007,0.0,,,,0.8999999999999999,1.4000000000000004,-1.4,-0.3999999999999999,2.1,-0.5,-0.10000000000000009,-0.20000000000000018,1.4000000000000004,-0.7000000000000002,-0.10000000000000053,,,,0.0,0.0,0.0,0.09999999999999998,0.0,0.10000000000000009,0.0,0.09999999999999998,0.0,0.09999999999999998,0.0,,,,-4.3,4.1,-1.4000000000000004,-1.8000000000000003,1.5999999999999999,0.30000000000000027,-1.2000000000000002,0.5,0.20000000000000018,-0.20000000000000018,0.0,
2011-12-07,,0.4,1.3,1.9,3.2,2.1,1.9,2.5,2.9,2.2,2.3,2.5,2.9,,,2.5,2.5,2.5,1.0,1.7,1.6,1.6,1.4,1.5,1.4,1.4,1.4,,,8.9,9.1,9.1,8.8,8.8,8.8,8.7,8.6,8.5,8.4,8.3,8.2,,,5.2,4.1,3.1,0.9,1.5,1.5,1.4,1.2,1.2,1.2,1.2,1.2,,,1.7,2.5,2.7,1.7,1.8,1.6,1.5,1.5,1.5,1.5,1.5,1.5,,,3.9,3.3,2.3,0.7,1.4,1.5,1.3,1.3,1.3,1.2,1.2,1.2,,,1.6,2.3,2.0,1.1,1.6,1.5,1.5,1.4,1.4,1.4,1.4,1.4,,,2.1,0.7,2.1,2.4,2.3,2.2,2.4,2.8,2.1,2.1,2.3,2.7,,,2.1,10.3,15.8,3.7,-1.2,1.8,3.3,4.1,4.4,4.8,5.4,5.1,,,-2.4,4.2,1.7,3.1,3.6,6.3,6.5,6.9,7.2,7.6,8.1,8.5,,,-9.4,1.9,1.9,-3.3,4.1,-0.6,-0.8,-1.0,-0.8,-2.9,-4.5,-7.3,,,-3.4,-2.8,-1.6,-0.9,-0.9,-0.5,-0.2,0.0,0.5,0.7,0.9,0.9,,,3.1,4.0,4.5,4.3,3.8,3.5,4.1,4.4,3.7,3.7,3.9,4.4,,,0.6,0.6,0.6,0.6,0.7,0.7,0.8,0.8,0.8,0.9,0.9,1.0,,,4.8,0.6,5.2,2.6,2.4,2.3,2.3,2.2,3.2,3.2,3.3,3.3,,,0.0,0.0,-0.8000000000000003,0.7000000000000002,-0.2999999999999998,-0.6000000000000001,-0.10000000000000009,0.19999999999999973,-0.6999999999999997,-0.8000000000000003,-0.8999999999999999,-0.6000000000000001,,,0.0,0.0,0.0,-0.3999999999999999,0.5999999999999999,-0.7999999999999998,0.20000000000000018,0.19999999999999996,0.5,-0.8999999999999999,0.0,0.09999999999999987,,,0.0,0.0,0.0,-0.29999999999999893,-0.1999999999999993,-0.09999999999999964,-0.10000000000000142,0.0,0.09999999999999964,0.0,0.0,0.09999999999999964,,,0.0,0.0,0.0,-0.4999999999999999,0.0,0.19999999999999996,0.0,-0.19999999999999996,-0.30000000000000004,-0.19999999999999996,-0.19999999999999996,-0.30000000000000004,,,0.0,0.0,0.0,-0.19999999999999996,0.0,0.0,-0.10000000000000009,0.0,0.0,0.0,0.0,0.0,,,0.0,0.0,0.0,-0.5,0.0,0.10000000000000009,0.0,0.0,-0.09999999999999987,-0.19999999999999996,-0.19999999999999996,-0.19999999999999996,,,0.0,0.0,-0.10000000000000009,-0.3999999999999999,0.0,-0.10000000000000009,0.0,0.0,0.0,0.0,0.0,0.0,,,0.0,0.0,-0.10000000000000009,0.3999999999999999,0.3999999999999999,0.0,-0.10000000000000009,0.0,-0.7999999999999998,-0.8999999999999999,-0.9000000000000004,-0.5999999999999996,,,0.0,0.0,3.0,2.4000000000000004,-1.5,-0.8,-0.7000000000000002,-0.6000000000000005,1.0000000000000004,0.0,-0.5,-0.8000000000000007,,,0.0,0.0,0.5,-0.10000000000000009,0.10000000000000009,-0.6000000000000005,-0.5999999999999996,-0.5999999999999996,-1.7000000000000002,-1.9000000000000004,-1.200000000000001,-0.5999999999999996,,,0.0,0.0,4.1,-7.8999999999999995,4.8,0.0,0.0,-0.19999999999999996,0.5999999999999999,0.10000000000000009,0.5,-0.5,,,0.0,0.0,-1.0,-0.09999999999999998,-0.09999999999999998,0.0,0.0,0.0,0.0,0.0,0.0,0.0,,,0.0,0.0,-0.7000000000000002,0.3999999999999999,0.2999999999999998,-1.5,0.09999999999999964,0.5000000000000004,-0.2999999999999998,-1.7999999999999998,-0.8999999999999999,-0.39999999999999947,,,0.0,0.0,0.0,0.0,0.0,0.0,0.0,0.0,-0.09999999999999998,0.0,-0.09999999999999998,0.0,,,0.0,0.09999999999999998,0.10000000000000053,-1.9,0.0,-0.5,-0.40000000000000036,-0.2999999999999998,-0.2999999999999998,-0.3999999999999999,-0.20000000000000018,-0.20000000000000018,
2012-01-18,0.4,1.3,1.8,2.9,1.6,1.8,2.3,2.7,2.1,2.2,2.4,2.8,,,2.5,2.5,2.6,0.9,1.7,1.7,1.5,1.4,1.5,1.4,1.4,1.4,,,9.0,9.1,9.1,8.7,8.7,8.7,8.6,8.6,8.5,8.4,8.3,8.2,,,5.2,4.1,3.1,0.9,1.6,1.9,1.5,1.3,1.3,1.2,1.2,1.2,,,1.7,2.5,2.7,1.7,1.7,1.5,1.5,1.5,1.5,1.5,1.5,1.5,,,3.9,3.3,2.3,0.5,1.4,1.7,1.4,1.3,1.3,1.3,1.3,1.3,,,1.6,2.3,2.1,0.9,1.5,1.5,1.5,1.4,1.4,1.4,1.4,1.4,,,2.1,0.7,1.7,2.2,2.0,2.4,2.6,2.8,2.2,2.4,2.6,2.6,,,2.1,10.3,15.7,2.6,-0.1,2.1,3.2,3.6,3.8,4.8,6.1,5.0,,,-2.4,4.2,1.3,9.7,8.5,4.0,6.9,7.0,7.0,7.1,7.5,7.5,,,-9.4,1.9,2.1,-9.6,1.4,-1.2,-1.9,-2.1,-3.4,-3.6,-4.6,-4.8,,,-3.4,-2.8,-1.6,-0.8,-0.9,-0.6,-0.3,-0.1,0.3,0.6,0.8,0.9,,,3.1,4.0,4.4,3.8,3.3,3.6,3.8,4.1,3.5,3.6,3.8,4.2,,,0.6,0.6,0.6,0.7,0.7,0.7,0.8,0.8,0.9,0.9,1.0,1.0,,,4.8,0.7,6.3,3.1,3.2,2.9,2.2,2.4,2.7,3.2,3.7,2.9,,,,0.9,0.5,1.0,-1.6,-0.30000000000000004,0.3999999999999999,0.20000000000000018,-0.7999999999999998,0.0,0.10000000000000009,0.2999999999999998,,,,0.0,0.10000000000000009,-1.6,0.7,0.0,-0.10000000000000009,-0.20000000000000018,0.10000000000000009,-0.10000000000000009,0.0,0.0,,,,0.1999999999999993,0.0,-0.40000000000000036,-0.10000000000000142,-0.10000000000000142,-0.20000000000000107,-0.09999999999999964,-0.09999999999999964,-0.09999999999999964,-0.09999999999999964,-0.10000000000000142,,,,-1.1000000000000005,-0.9999999999999996,-2.2,0.7000000000000001,0.3999999999999999,0.0,-0.09999999999999987,0.10000000000000009,0.0,0.0,0.0,,,,0.8,0.20000000000000018,-1.0000000000000002,0.0,-0.30000000000000004,-0.10000000000000009,0.0,0.0,0.0,0.0,0.0,,,,-0.6000000000000001,-1.0,-1.7999999999999998,0.7,0.30000000000000004,-0.10000000000000009,0.0,0.0,0.0,0.10000000000000009,0.10000000000000009,,,,0.6999999999999997,-0.19999999999999973,-1.1,0.3999999999999999,-0.10000000000000009,0.0,-0.10000000000000009,0.0,0.0,0.0,0.0,,,,-1.4000000000000001,1.0,0.10000000000000009,-0.3999999999999999,0.10000000000000009,0.3999999999999999,0.3999999999999999,-0.5999999999999996,0.2999999999999998,0.5,0.30000000000000027,,,,8.200000000000001,5.399999999999999,-13.200000000000001,-3.8000000000000003,3.3,1.4000000000000001,0.30000000000000027,-0.2999999999999998,0.39999999999999947,1.2999999999999998,-0.40000000000000036,,,,6.6,-2.9000000000000004,7.999999999999999,5.4,0.3999999999999999,0.6000000000000005,0.5,0.09999999999999964,-0.10000000000000053,-0.09999999999999964,-0.5999999999999996,,,,11.3,0.20000000000000018,-11.5,4.699999999999999,-5.3,-1.2999999999999998,-1.3,-2.4,-2.8,-1.6999999999999997,-0.2999999999999998,,,,0.6000000000000001,1.1999999999999997,0.8,0.0,0.30000000000000004,0.2,0.1,0.3,0.09999999999999998,0.10000000000000009,0.0,,,,0.8999999999999999,0.40000000000000036,-0.7000000000000002,-1.0,-0.19999999999999973,0.2999999999999998,0.0,-0.9000000000000004,-0.10000000000000009,0.09999999999999964,0.30000000000000027,,,,0.0,0.0,0.09999999999999998,0.09999999999999998,0.0,0.10000000000000009,0.0,0.09999999999999998,0.09999999999999998,0.09999999999999998,0.09999999999999998,,,,-4.1,5.7,-2.1,0.6000000000000001,0.5,-0.09999999999999964,0.10000000000000009,0.5,0.0,0.5,-0.3999999999999999,,
2012-03-07,0.4,1.3,1.8,3.1,1.8,2.2,2.6,2.9,2.3,2.6,2.8,3.0,,,2.5,2.5,2.6,0.9,1.5,2.0,1.5,1.4,1.5,1.5,1.5,1.5,,,9.0,9.1,9.1,8.7,8.4,8.4,8.3,8.2,8.1,8.0,7.9,7.8,,,4.5,4.4,3.1,1.3,2.4,2.6,1.5,1.3,1.4,1.3,1.3,1.3,,,1.8,2.4,2.5,1.9,2.1,2.0,1.6,1.6,1.6,1.7,1.7,1.7,,,3.9,3.3,2.3,1.2,2.1,2.2,1.5,1.4,1.4,1.4,1.4,1.4,,,1.6,2.3,2.1,1.3,1.8,1.7,1.6,1.6,1.6,1.6,1.6,1.6,,,2.1,0.7,1.7,2.1,1.2,2.6,2.8,2.9,2.3,2.5,2.7,2.8,,,2.1,10.3,15.7,3.2,4.5,3.9,3.6,4.0,4.4,4.9,4.9,4.2,,,-2.4,4.2,1.3,11.5,13.9,7.7,8.7,8.0,8.1,8.2,8.2,8.3,,,-9.4,1.9,2.1,-6.9,-2.6,0.2,-1.9,-2.2,-3.4,-3.6,-4.6,-4.9,,,-3.4,-2.8,-1.6,-2.2,-0.7,-0.5,-0.3,-0.1,0.4,0.6,0.8,0.9,,,3.1,4.0,4.4,4.0,3.4,4.2,4.1,4.3,3.8,4.1,4.3,4.6,,,0.6,0.6,0.6,0.7,0.7,0.7,0.7,0.8,0.8,0.9,0.9,1.0,,,4.8,0.7,6.2,3.9,3.5,5.5,3.9,3.7,2.5,2.4,2.7,3.0,,,0.0,0.0,0.0,0.20000000000000018,0.19999999999999996,0.40000000000000013,0.30000000000000027,0.19999999999999973,0.19999999999999973,0.3999999999999999,0.3999999999999999,0.20000000000000018,,,0.0,0.0,0.0,0.0,-0.19999999999999996,0.30000000000000004,0.0,0.0,0.0,0.10000000000000009,0.10000000000000009,0.10000000000000009,,,0.0,0.0,0.0,0.0,-0.29999999999999893,-0.29999999999999893,-0.29999999999999893,-0.40000000000000036,-0.40000000000000036,-0.40000000000000036,-0.40000000000000036,-0.39999999999999947,,,-0.7000000000000002,0.3000000000000007,0.0,0.4,0.7999999999999998,0.7000000000000002,0.0,0.0,0.09999999999999987,0.10000000000000009,0.10000000000000009,0.10000000000000009,,,0.10000000000000009,-0.10000000000000009,-0.20000000000000018,0.19999999999999996,0.40000000000000013,0.5,0.10000000000000009,0.10000000000000009,0.10000000000000009,0.19999999999999996,0.19999999999999996,0.19999999999999996,,,0.0,0.0,0.0,0.7,0.7000000000000002,0.5000000000000002,0.10000000000000009,0.09999999999999987,0.09999999999999987,0.09999999999999987,0.09999999999999987,0.09999999999999987,,,0.0,0.0,0.0,0.4,0.30000000000000004,0.19999999999999996,0.10000000000000009,0.20000000000000018,0.20000000000000018,0.20000000000000018,0.20000000000000018,0.20000000000000018,,,0.0,0.0,0.0,-0.10000000000000009,-0.8,0.20000000000000018,0.19999999999999973,0.10000000000000009,0.09999999999999964,0.10000000000000009,0.10000000000000009,0.19999999999999973,,,0.0,0.0,0.0,0.6000000000000001,4.6,1.7999999999999998,0.3999999999999999,0.3999999999999999,0.6000000000000005,0.10000000000000053,-1.1999999999999993,-0.7999999999999998,,,0.0,0.0,0.0,1.8000000000000007,5.4,3.7,1.799999999999999,1.0,1.0999999999999996,1.0999999999999996,0.6999999999999993,0.8000000000000007,,,0.0,0.0,0.0,2.6999999999999993,-4.0,1.4,0.0,-0.10000000000000009,0.0,0.0,0.0,-0.10000000000000053,,,0.0,0.0,0.0,-1.4000000000000001,0.20000000000000007,0.09999999999999998,0.0,0.0,0.10000000000000003,0.0,0.0,0.0,,,0.0,0.0,0.0,0.20000000000000018,0.10000000000000009,0.6000000000000001,0.2999999999999998,0.20000000000000018,0.2999999999999998,0.49999999999999956,0.5,0.39999999999999947,,,0.0,0.0,0.0,0.0,0.0,0.0,-0.10000000000000009,0.0,-0.09999999999999998,0.0,-0.09999999999999998,0.0,,,0.0,0.0,-0.09999999999999964,0.7999999999999998,0.2999999999999998,2.6,1.6999999999999997,1.3000000000000003,-0.20000000000000018,-0.8000000000000003,-1.0,0.10000000000000009,,
2012-04-18,1.3,1.8,3.0,2.5,2.1,2.5,2.9,2.4,2.7,2.9,3.1,,,,2.5,2.6,0.9,2.0,1.4,1.8,1.5,1.6,1.6,1.6,1.6,,,,9.1,9.1,8.7,8.2,8.2,8.1,8.0,7.9,7.9,7.8,7.7,,,,4.4,3.1,1.3,2.5,1.8,2.0,1.7,1.6,1.6,1.5,1.5,,,,2.4,2.5,1.9,2.1,2.2,1.8,1.7,1.7,1.8,1.8,1.8,,,,3.3,2.3,1.2,2.5,1.6,1.8,1.7,1.6,1.5,1.5,1.5,,,,2.3,2.1,1.3,2.2,1.8,1.7,1.7,1.7,1.7,1.7,1.7,,,,0.7,1.7,2.1,2.2,2.5,2.9,3.0,2.4,2.6,2.8,3.0,,,,10.3,15.7,5.2,0.6,6.1,4.5,4.4,4.9,6.2,4.9,5.0,,,,4.2,1.3,11.6,17.8,11.6,9.7,6.7,9.0,9.3,9.4,9.6,,,,1.9,2.1,-6.9,0.8,-2.1,-2.4,-2.8,-3.4,-3.6,-4.5,-4.9,,,,-2.8,-1.6,-2.2,-0.4,-0.1,0.0,0.0,0.4,0.6,0.8,0.9,,,,4.0,4.4,3.8,4.6,3.5,4.3,4.5,4.0,4.3,4.5,4.7,,,,0.6,0.6,0.7,0.7,0.7,0.7,0.8,0.8,0.9,0.9,1.0,,,,1.2,5.6,5.0,5.4,5.8,4.3,3.0,2.7,2.3,2.7,2.9,,,,0.9,0.5,1.2,-0.6000000000000001,0.30000000000000004,0.2999999999999998,0.2999999999999998,-0.5,0.40000000000000036,0.2999999999999998,0.30000000000000027,,,,0.0,0.10000000000000009,-1.7000000000000002,1.1,-0.10000000000000009,-0.19999999999999996,0.0,0.20000000000000018,0.10000000000000009,0.10000000000000009,0.10000000000000009,,,,0.09999999999999964,0.0,-0.40000000000000036,-0.5,-0.20000000000000107,-0.3000000000000007,-0.3000000000000007,-0.29999999999999893,-0.1999999999999993,-0.20000000000000018,-0.20000000000000018,,,,-0.09999999999999964,-1.3000000000000003,-1.8,1.2,-0.5999999999999999,-0.6000000000000001,0.19999999999999996,0.30000000000000004,0.20000000000000018,0.19999999999999996,0.19999999999999996,,,,0.5999999999999999,0.10000000000000009,-0.6000000000000001,0.20000000000000018,0.10000000000000009,-0.19999999999999996,0.09999999999999987,0.09999999999999987,0.19999999999999996,0.10000000000000009,0.10000000000000009,,,,-0.6000000000000001,-1.0,-1.0999999999999999,1.3,-0.5,-0.40000000000000013,0.19999999999999996,0.20000000000000018,0.10000000000000009,0.10000000000000009,0.10000000000000009,,,,0.6999999999999997,-0.19999999999999973,-0.8,0.9000000000000001,0.0,0.0,0.09999999999999987,0.09999999999999987,0.09999999999999987,0.09999999999999987,0.09999999999999987,,,,-1.4000000000000001,1.0,0.40000000000000013,0.10000000000000009,1.3,0.2999999999999998,0.20000000000000018,-0.5,0.30000000000000027,0.2999999999999998,0.2999999999999998,,,,8.200000000000001,5.399999999999999,-10.5,-2.6,1.5999999999999996,0.6000000000000001,0.8000000000000003,0.9000000000000004,1.7999999999999998,0.0,0.09999999999999964,,,,6.6,-2.9000000000000004,10.299999999999999,6.300000000000001,-2.3000000000000007,1.9999999999999991,-1.9999999999999991,1.0,1.200000000000001,1.200000000000001,1.4000000000000004,,,,11.3,0.20000000000000018,-9.0,7.7,0.5,-2.6,-0.8999999999999999,-1.1999999999999997,-0.20000000000000018,-0.8999999999999999,-0.3000000000000007,,,,0.6000000000000001,1.1999999999999997,-0.6000000000000001,1.8000000000000003,0.6,0.5,0.3,0.5,0.19999999999999996,0.20000000000000007,0.09999999999999998,,,,0.8999999999999999,0.40000000000000036,-0.6000000000000005,0.5999999999999996,0.10000000000000009,0.09999999999999964,0.40000000000000036,-0.2999999999999998,0.5,0.40000000000000036,0.40000000000000036,,,,0.0,0.0,0.09999999999999998,0.0,0.0,0.0,0.10000000000000009,0.0,0.09999999999999998,0.0,0.09999999999999998,,,,-3.5999999999999996,4.8999999999999995,-1.2000000000000002,1.5000000000000004,2.3,-1.2000000000000002,-0.8999999999999999,-1.0,-0.20000000000000018,0.30000000000000027,0.19999999999999973,,,
2012-06-13,1.3,1.8,3.0,2.2,1.5,1.9,1.9,1.7,2.1,2.3,2.5,,,,2.5,2.6,0.9,1.7,1.3,2.2,1.6,1.6,1.5,1.5,1.5,,,,9.1,9.1,8.7,8.2,8.2,8.2,8.2,8.1,8.1,8.0,8.0,,,,4.4,3.1,1.3,2.5,0.6,-0.4,1.6,1.8,1.7,1.6,1.6,,,,2.4,2.5,1.9,2.1,2.5,1.8,1.5,1.7,1.7,1.7,1.7,,,,3.3,2.3,1.2,2.4,0.6,0.1,1.5,1.6,1.6,1.5,1.5,,,,2.3,2.1,1.3,2.1,1.7,1.6,1.5,1.6,1.6,1.6,1.6,,,,0.7,1.7,2.1,2.9,1.9,2.5,2.7,2.1,2.3,2.4,2.5,,,,10.3,15.7,5.2,2.8,2.5,2.8,3.3,2.8,4.3,5.0,4.9,,,,4.2,1.3,11.6,19.7,11.5,8.3,6.8,10.4,10.3,10.1,10.0,,,,1.9,2.1,-6.9,-5.9,-2.8,-3.6,-2.6,-3.0,-3.8,-4.7,-4.8,,,,-2.8,-1.6,-2.2,-2.7,-1.5,-0.8,-0.2,0.3,0.4,0.5,0.6,,,,4.0,4.4,3.8,3.9,2.8,4.2,3.5,3.4,3.6,3.8,4.0,,,,0.6,0.6,0.7,0.7,0.7,0.7,0.8,0.8,0.9,0.9,1.0,,,,1.2,5.6,5.0,5.7,3.6,3.7,2.4,2.2,2.3,2.7,2.6,,,,0.0,0.0,0.0,-0.2999999999999998,-0.6000000000000001,-0.6000000000000001,-1.0,-0.7,-0.6000000000000001,-0.6000000000000001,-0.6000000000000001,,,,0.0,0.0,0.0,-0.30000000000000004,-0.09999999999999987,0.40000000000000013,0.10000000000000009,0.0,-0.10000000000000009,-0.10000000000000009,-0.10000000000000009,,,,0.0,0.0,0.0,0.0,0.0,0.09999999999999964,0.1999999999999993,0.1999999999999993,0.1999999999999993,0.20000000000000018,0.2999999999999998,,,,0.0,0.0,0.0,0.0,-1.2000000000000002,-2.4,-0.09999999999999987,0.19999999999999996,0.09999999999999987,0.10000000000000009,0.10000000000000009,,,,0.0,0.0,0.0,0.0,0.2999999999999998,0.0,-0.19999999999999996,0.0,-0.10000000000000009,-0.10000000000000009,-0.10000000000000009,,,,0.0,0.0,0.0,-0.10000000000000009,-1.0,-1.7,-0.19999999999999996,0.0,0.10000000000000009,0.0,0.0,,,,0.0,0.0,0.0,-0.10000000000000009,-0.10000000000000009,-0.09999999999999987,-0.19999999999999996,-0.09999999999999987,-0.09999999999999987,-0.09999999999999987,-0.09999999999999987,,,,0.0,0.0,0.0,0.6999999999999997,-0.6000000000000001,-0.3999999999999999,-0.2999999999999998,-0.2999999999999998,-0.30000000000000027,-0.3999999999999999,-0.5,,,,0.0,0.0,0.0,2.1999999999999997,-3.5999999999999996,-1.7000000000000002,-1.1000000000000005,-2.1000000000000005,-1.9000000000000004,0.09999999999999964,-0.09999999999999964,,,,0.0,0.0,0.0,1.8999999999999986,-0.09999999999999964,-1.3999999999999986,0.09999999999999964,1.4000000000000004,1.0,0.6999999999999993,0.40000000000000036,,,,0.0,0.0,0.0,-6.7,-0.6999999999999997,-1.2000000000000002,0.19999999999999973,0.3999999999999999,-0.19999999999999973,-0.20000000000000018,0.10000000000000053,,,,0.0,0.0,0.0,-2.3000000000000003,-1.4,-0.8,-0.2,-0.10000000000000003,-0.19999999999999996,-0.30000000000000004,-0.30000000000000004,,,,0.0,0.0,0.0,-0.6999999999999997,-0.7000000000000002,-0.09999999999999964,-1.0,-0.6000000000000001,-0.6999999999999997,-0.7000000000000002,-0.7000000000000002,,,,0.0,0.0,0.0,0.0,0.0,0.0,0.0,0.0,0.0,0.0,0.0,,,,0.0,0.0,0.0,0.2999999999999998,-2.1999999999999997,-0.5999999999999996,-0.6000000000000001,-0.5,0.0,0.0,-0.2999999999999998,,,
2012-07-25,1.8,3.0,1.9,1.0,1.5,1.8,1.6,2.0,2.2,2.5,,,,,2.6,0.9,2.0,0.8,2.2,1.9,1.6,1.5,1.4,1.4,,,,,9.1,8.7,8.2,8.2,8.3,8.3,8.2,8.2,8.1,8.1,,,,,3.1,1.3,2.5,0.8,0.7,1.6,1.7,1.7,1.5,1.4,,,,,2.5,1.9,2.1,2.6,2.1,1.5,1.7,1.7,1.7,1.7,,,,,2.3,1.2,2.6,0.8,0.8,1.5,1.6,1.6,1.5,1.4,,,,,2.1,1.3,2.3,1.8,1.6,1.5,1.6,1.6,1.6,1.6,,,,,1.7,2.1,2.5,1.1,2.1,2.4,2.0,2.2,2.3,2.4,,,,,15.7,5.2,3.1,5.1,0.6,3.1,1.9,3.5,4.5,4.4,,,,,1.3,11.6,20.0,8.9,12.3,3.3,6.8,11.6,10.8,10.9,,,,,2.1,-6.9,-5.9,-4.5,-1.9,-3.1,-3.6,-3.6,-4.4,-4.8,,,,,-1.6,-2.2,-2.7,-1.9,-1.0,-0.2,0.3,0.4,0.5,0.6,,,,,4.4,3.8,3.9,1.8,3.8,3.7,3.2,3.6,3.7,4.0,,,,,0.6,0.7,0.7,0.7,0.8,0.8,0.9,0.9,1.0,1.0,,,,,5.6,5.1,5.8,2.2,3.4,2.5,2.5,2.4,2.5,2.7,,,,,0.5,1.2,-1.1,-1.2000000000000002,0.0,-0.09999999999999987,-0.2999999999999998,0.30000000000000004,0.10000000000000009,0.20000000000000018,,,,,0.10000000000000009,-1.7000000000000002,1.1,-0.8999999999999999,0.9000000000000001,-0.30000000000000027,0.0,-0.10000000000000009,-0.10000000000000009,-0.10000000000000009,,,,,0.0,-0.40000000000000036,-0.5,0.0,0.10000000000000142,0.10000000000000142,0.0,0.09999999999999964,0.0,0.09999999999999964,,,,,-1.3000000000000003,-1.8,1.2,-1.7,0.09999999999999998,2.0,0.09999999999999987,-0.10000000000000009,-0.19999999999999996,-0.20000000000000018,,,,,0.10000000000000009,-0.6000000000000001,0.20000000000000018,0.5,-0.3999999999999999,-0.30000000000000004,0.19999999999999996,0.0,0.0,0.0,,,,,-1.0,-1.0999999999999999,1.4000000000000001,-1.5999999999999999,0.20000000000000007,1.4,0.10000000000000009,0.0,-0.10000000000000009,-0.10000000000000009,,,,,-0.19999999999999973,-0.8,0.9999999999999998,-0.30000000000000004,-0.09999999999999987,-0.10000000000000009,0.10000000000000009,0.0,0.0,0.0,,,,,1.0,0.40000000000000013,0.3999999999999999,-1.7999999999999998,0.20000000000000018,-0.10000000000000009,-0.7000000000000002,0.10000000000000009,0.0,0.0,,,,,5.399999999999999,-10.5,-2.1,2.3,-1.9,0.30000000000000027,-1.4,0.7000000000000002,0.20000000000000018,-0.5999999999999996,,,,,-2.9000000000000004,10.299999999999999,8.4,-10.799999999999999,0.8000000000000007,-5.000000000000001,0.0,1.1999999999999993,0.5,0.8000000000000007,,,,,0.20000000000000018,-9.0,1.0,1.4000000000000004,0.8999999999999999,0.5,-1.0,-0.6000000000000001,-0.6000000000000005,-0.09999999999999964,,,,,1.1999999999999997,-0.6000000000000001,-0.5,0.8000000000000003,0.5,0.6000000000000001,0.5,0.10000000000000003,0.09999999999999998,0.09999999999999998,,,,,0.40000000000000036,-0.6000000000000005,0.10000000000000009,-2.0999999999999996,1.0,-0.5,-0.2999999999999998,0.20000000000000018,0.10000000000000009,0.20000000000000018,,,,,0.0,0.09999999999999998,0.0,0.0,0.10000000000000009,0.10000000000000009,0.09999999999999998,0.09999999999999998,0.09999999999999998,0.09999999999999998,,,,,4.3999999999999995,-0.5,0.7999999999999998,-3.5,-0.20000000000000018,-1.2000000000000002,0.10000000000000009,0.19999999999999973,0.20000000000000018,0.0,,,,
2012-09-05,1.3,4.1,2.0,1.7,1.3,1.7,2.0,2.3,2.6,2.8,,,,,3.0,0.4,2.0,1.6,2.9,1.4,1.4,1.5,1.5,1.4,,,,,9.1,8.7,8.2,8.2,8.3,8.3,8.2,8.2,8.1,8.0,,,,,3.1,1.3,2.5,0.8,2.5,2.1,1.2,1.6,1.4,1.3,,,,,2.5,1.9,2.1,2.6,1.8,1.8,1.7,1.7,1.7,1.7,,,,,2.3,1.1,2.5,0.7,1.9,1.7,1.2,1.5,1.4,1.3,,,,,1.9,1.3,2.2,1.8,1.3,1.5,1.6,1.6,1.6,1.6,,,,,1.7,2.0,2.4,1.7,2.3,2.2,1.1,2.8,2.8,3.0,,,,,19.0,9.5,7.5,3.1,-1.0,1.5,0.6,4.5,6.1,5.9,,,,,1.4,12.1,20.5,8.4,9.7,5.5,10.5,12.0,12.4,12.6,,,,,-4.3,-4.4,-4.2,-0.1,-3.2,-2.5,-3.9,-4.3,-4.1,-4.4,,,,,-2.0,-0.7,-2.2,-1.0,-0.7,-0.2,0.1,0.3,0.3,0.4,,,,,4.3,4.2,4.2,3.3,4.3,3.1,3.4,3.8,4.1,4.3,,,,,0.6,0.7,0.7,0.7,0.8,0.8,0.9,0.9,1.0,1.0,,,,,5.6,5.1,5.8,2.5,1.2,4.8,4.1,2.9,3.0,3.1,,,,,-0.5,1.0999999999999996,0.10000000000000009,0.7,-0.19999999999999996,-0.10000000000000009,0.3999999999999999,0.2999999999999998,0.3999999999999999,0.2999999999999998,,,,,0.3999999999999999,-0.5,0.0,0.8,0.6999999999999997,-0.5,-0.20000000000000018,0.0,0.10000000000000009,0.0,,,,,0.0,0.0,0.0,0.0,0.0,0.0,0.0,0.0,0.0,-0.09999999999999964,,,,,0.0,0.0,0.0,0.0,1.8,0.5,-0.5,-0.09999999999999987,-0.10000000000000009,-0.09999999999999987,,,,,0.0,0.0,0.0,0.0,-0.30000000000000004,0.30000000000000004,0.0,0.0,0.0,0.0,,,,,0.0,-0.09999999999999987,-0.10000000000000009,-0.10000000000000009,1.0999999999999999,0.19999999999999996,-0.40000000000000013,-0.10000000000000009,-0.10000000000000009,-0.09999999999999987,,,,,-0.20000000000000018,0.0,-0.09999999999999964,0.0,-0.30000000000000004,0.0,0.0,0.0,0.0,0.0,,,,,0.0,-0.10000000000000009,-0.10000000000000009,0.5999999999999999,0.19999999999999973,-0.19999999999999973,-0.8999999999999999,0.5999999999999996,0.5,0.6000000000000001,,,,,3.3000000000000007,4.3,4.4,-1.9999999999999996,-1.6,-1.6,-1.2999999999999998,1.0,1.5999999999999996,1.5,,,,,0.09999999999999987,0.5,0.5,-0.5,-2.6000000000000014,2.2,3.7,0.40000000000000036,1.5999999999999996,1.6999999999999993,,,,,-6.4,2.5,1.7000000000000002,4.4,-1.3000000000000003,0.6000000000000001,-0.2999999999999998,-0.6999999999999997,0.3000000000000007,0.39999999999999947,,,,,-0.3999999999999999,1.5000000000000002,0.5,0.8999999999999999,0.30000000000000004,0.0,-0.19999999999999998,-0.10000000000000003,-0.2,-0.19999999999999996,,,,,-0.10000000000000053,0.40000000000000036,0.30000000000000027,1.4999999999999998,0.5,-0.6000000000000001,0.19999999999999973,0.19999999999999973,0.39999999999999947,0.2999999999999998,,,,,0.0,0.0,0.0,0.0,0.0,0.0,0.0,0.0,0.0,0.0,,,,,0.0,0.0,0.0,0.2999999999999998,-2.2,2.3,1.5999999999999996,0.5,0.5,0.3999999999999999,,,,
2012-10-17,4.1,2.0,1.3,2.0,2.0,1.8,2.5,3.0,3.1,,,,,,0.4,2.0,1.6,3.0,2.1,1.0,1.4,1.3,1.3,,,,,,8.7,8.2,8.2,8.1,8.0,8.0,8.0,7.9,7.8,,,,,,1.3,2.5,0.8,2.3,2.9,0.8,1.5,1.4,1.3,,,,,,1.9,2.1,2.6,1.5,1.7,1.7,1.7,1.7,1.7,,,,,,1.1,2.5,0.7,1.7,2.1,0.9,1.4,1.4,1.3,,,,,,1.3,2.2,1.7,1.2,1.4,1.6,1.6,1.6,1.6,,,,,,2.0,2.4,1.5,2.3,3.1,1.1,3.0,3.4,3.5,,,,,,9.5,7.5,3.6,-2.5,0.8,1.0,3.7,5.2,5.2,,,,,,12.1,20.5,8.5,14.3,13.9,13.4,14.9,15.6,15.2,,,,,,-4.4,-4.2,-0.2,1.4,-4.2,-4.0,-4.3,-4.1,-4.3,,,,,,-0.7,-2.2,-1.0,0.0,0.1,0.2,0.3,0.3,0.4,,,,,,4.2,4.2,2.8,5.2,4.3,2.8,4.0,4.4,4.5,,,,,,0.7,0.7,0.7,0.8,0.9,0.9,1.0,1.0,1.1,,,,,,5.1,5.9,2.6,-0.4,2.8,5.0,3.7,3.4,3.6,,,,,,2.8,-2.0999999999999996,-0.7,0.30000000000000004,0.7,0.10000000000000009,0.5,0.7000000000000002,0.5,,,,,,-2.6,1.6,-0.3999999999999999,1.4,-0.7999999999999998,-0.3999999999999999,0.0,-0.19999999999999996,-0.19999999999999996,,,,,,-0.40000000000000036,-0.5,0.0,-0.09999999999999964,-0.3000000000000007,-0.3000000000000007,-0.1999999999999993,-0.29999999999999893,-0.2999999999999998,,,,,,-1.8,1.2,-1.7,1.4999999999999998,0.3999999999999999,-1.3,0.30000000000000004,-0.20000000000000018,-0.09999999999999987,,,,,,-0.6000000000000001,0.20000000000000018,0.5,-1.1,-0.10000000000000009,-0.10000000000000009,0.0,0.0,0.0,,,,,,-1.1999999999999997,1.4,-1.8,1.0,0.20000000000000018,-0.7999999999999999,0.19999999999999996,-0.10000000000000009,-0.09999999999999987,,,,,,-0.5999999999999999,0.9000000000000001,-0.5000000000000002,-0.6000000000000001,0.09999999999999987,0.10000000000000009,0.0,0.0,0.0,,,,,,0.30000000000000004,0.3999999999999999,-0.8999999999999999,0.5999999999999999,0.8000000000000003,-1.1,1.9,0.6000000000000001,0.7000000000000002,,,,,,-9.5,-2.0,-3.9,-5.6,1.8,-0.5,3.1,0.7000000000000002,-0.8999999999999995,,,,,,10.7,8.4,-12.0,5.9,4.200000000000001,7.9,4.4,3.5999999999999996,2.799999999999999,,,,,,-0.10000000000000053,0.20000000000000018,4.0,1.5,-1.0,-1.5,-0.3999999999999999,0.20000000000000018,-0.20000000000000018,,,,,,1.3,-1.5000000000000002,1.2000000000000002,1.0,0.7999999999999999,0.4,0.19999999999999998,0.0,0.10000000000000003,,,,,,-0.09999999999999964,0.0,-1.4000000000000004,1.9000000000000004,0.0,-0.30000000000000027,0.6000000000000001,0.6000000000000005,0.40000000000000036,,,,,,0.09999999999999998,0.0,0.0,0.10000000000000009,0.09999999999999998,0.09999999999999998,0.09999999999999998,0.09999999999999998,0.10000000000000009,,,,,,-0.5,0.8000000000000007,-3.1999999999999997,-2.9,1.5999999999999999,0.20000000000000018,-0.39999999999999947,0.5,0.6000000000000001,,,,,
2012-12-05,,2.0,1.3,2.8,0.9,1.7,2.5,2.8,2.9,2.9,3.1,3.3,3.4,,,,1.6,2.7,1.7,1.4,1.4,1.4,1.3,1.5,1.4,1.4,1.4,,,8.2,8.2,8.1,8.0,7.9,7.9,7.9,7.8,7.7,7.7,7.5,7.4,,,,0.8,2.3,2.3,1.2,1.3,1.4,1.3,1.4,1.4,1.4,1.4,,,,2.6,1.5,1.8,2.0,1.7,1.7,1.6,1.8,1.8,1.8,1.7,,,2.5,0.7,1.6,1.5,1.1,1.4,1.4,1.3,1.5,1.4,1.4,1.4,,,2.2,1.7,1.1,1.2,1.7,1.6,1.6,1.5,1.7,1.6,1.7,1.6,,,,1.5,1.4,2.1,0.6,2.6,2.7,2.9,3.1,3.3,3.4,3.5,,,,3.6,-2.2,5.4,1.1,6.4,6.7,6.5,5.7,5.5,5.9,5.7,,,,8.5,13.8,14.8,17.0,22.6,14.7,13.0,10.3,12.3,12.7,11.9,,,,-0.2,9.5,-8.6,-4.7,-4.1,-4.6,-4.5,-4.2,-4.4,-4.2,-4.3,,,,-1.0,0.4,0.1,0.2,0.3,0.3,0.4,0.8,0.9,0.9,1.0,,,4.2,2.8,5.7,2.6,3.1,3.9,4.2,4.2,4.4,4.6,4.7,4.9,,,,0.7,0.8,0.9,0.9,1.0,1.0,1.1,1.2,1.2,1.3,1.3,,,,2.3,0.0,1.0,4.0,4.6,4.2,3.8,3.7,3.6,3.6,3.9,,,0.0,0.0,0.7999999999999998,-1.1,-0.10000000000000009,0.0,-0.20000000000000018,-0.20000000000000018,,,,,,,,0.0,-0.2999999999999998,-0.40000000000000013,0.3999999999999999,0.0,0.09999999999999987,0.0,,,,,,,0.0,0.0,0.0,0.0,-0.09999999999999964,-0.09999999999999964,0.0,0.0,,,,,,,,0.0,0.0,-0.6000000000000001,0.3999999999999999,-0.19999999999999996,0.0,0.0,,,,,,,,0.0,0.0,0.10000000000000009,0.30000000000000004,0.0,0.0,-0.09999999999999987,,,,,,,0.0,0.0,-0.09999999999999987,-0.6000000000000001,0.20000000000000007,0.0,0.0,0.0,,,,,,,0.0,0.0,-0.09999999999999987,-0.19999999999999996,0.09999999999999987,0.0,0.0,-0.10000000000000009,,,,,,,,0.0,-0.8999999999999999,-1.0,-0.5000000000000001,-0.3999999999999999,-0.6999999999999997,-0.6000000000000001,,,,,,,,0.0,0.2999999999999998,4.6000000000000005,0.10000000000000009,2.7,1.5,1.2999999999999998,,,,,,,,0.0,-0.5,0.9000000000000004,3.5999999999999996,7.700000000000001,-0.9000000000000004,-2.1999999999999993,,,,,,,,0.0,8.1,-4.3999999999999995,-0.7000000000000002,0.20000000000000018,-0.5,-0.20000000000000018,,,,,,,,0.0,0.4,0.0,0.0,0.0,0.0,0.0,,,,,,,0.0,0.0,0.5,-1.6999999999999997,0.30000000000000027,-0.10000000000000009,-0.20000000000000018,-0.2999999999999998,,,,,,,,0.0,0.0,0.0,0.0,0.0,0.0,0.0,,,,,,,,-0.30000000000000027,0.4,-1.7999999999999998,-1.0,0.8999999999999995,0.8000000000000003,0.19999999999999973,,,,,
2013-01-23,2.0,1.3,3.1,0.1,2.7,2.4,2.7,2.8,2.5,3.1,3.5,3.7,,,,1.6,2.7,1.2,1.0,1.8,1.4,1.3,1.5,1.5,1.5,1.5,,,8.2,8.2,8.0,7.8,7.8,7.7,7.7,7.6,7.5,7.4,7.2,7.1,,,,0.8,2.3,2.1,0.8,2.1,1.3,1.3,1.4,1.4,1.4,1.4,,,,2.6,1.5,1.6,1.9,1.8,1.7,1.6,1.8,1.8,1.8,1.7,,,2.5,0.7,1.6,1.2,0.9,1.9,1.5,1.3,1.5,1.4,1.5,1.4,,,2.2,1.7,1.1,0.8,1.6,1.7,1.7,1.5,1.7,1.7,1.7,1.6,,,,1.5,1.6,2.2,1.7,2.6,2.5,2.7,2.6,3.2,3.6,3.6,,,,3.6,-1.8,9.6,2.2,5.0,6.7,7.3,3.4,4.1,5.6,6.3,,,,8.5,13.5,13.1,15.0,25.1,17.9,14.1,11.6,13.2,13.4,12.6,,,,-0.2,9.5,-12.4,-2.8,-4.2,-4.1,-4.5,-6.5,-4.4,-4.2,-4.4,,,,-1.0,0.3,-0.8,0.1,0.3,0.3,0.4,0.8,0.9,0.9,1.0,,,4.2,2.8,5.9,1.3,3.7,4.2,4.1,4.2,4.1,4.7,5.1,5.3,,,,0.7,0.8,0.9,0.9,1.0,1.1,1.1,1.2,1.2,1.3,1.3,,,,2.4,0.4,1.0,2.6,6.9,5.7,4.5,3.9,3.9,4.1,4.3,,,,-0.7,1.8,-2.6999999999999997,1.8000000000000003,0.7,0.20000000000000018,0.0,-0.3999999999999999,0.20000000000000018,0.3999999999999999,0.40000000000000036,,,,,1.1,-1.5000000000000002,-0.7,0.40000000000000013,0.0,-0.09999999999999987,0.19999999999999996,0.0,0.10000000000000009,0.10000000000000009,,,,0.0,-0.1999999999999993,-0.2999999999999998,-0.20000000000000018,-0.20000000000000018,-0.20000000000000018,-0.3000000000000007,-0.2999999999999998,-0.2999999999999998,-0.5,-0.40000000000000036,,,,,1.4999999999999998,-0.19999999999999973,-1.4999999999999998,0.9000000000000001,0.0,-0.09999999999999987,0.09999999999999987,0.0,0.0,0.0,,,,,-1.1,0.10000000000000009,0.09999999999999987,-0.19999999999999996,0.0,-0.09999999999999987,0.19999999999999996,0.0,0.0,-0.10000000000000009,,,,-1.8,0.9000000000000001,-0.40000000000000013,-0.6,0.7999999999999998,0.10000000000000009,-0.09999999999999987,0.19999999999999996,-0.10000000000000009,0.10000000000000009,0.0,,,,-0.5000000000000002,-0.5999999999999999,-0.30000000000000004,0.40000000000000013,0.0,0.09999999999999987,-0.10000000000000009,0.19999999999999996,0.0,0.09999999999999987,-0.09999999999999987,,,,,0.10000000000000009,0.8000000000000003,-0.40000000000000013,2.0,-0.10000000000000009,0.0,-0.2999999999999998,0.10000000000000009,0.30000000000000027,0.20000000000000018,,,,,-5.4,11.8,-3.2,3.9,0.2999999999999998,0.5999999999999996,-3.1,-1.6000000000000005,0.09999999999999964,0.39999999999999947,,,,,5.0,-0.7000000000000011,0.1999999999999993,8.100000000000001,-4.700000000000003,-0.5999999999999996,-1.4000000000000004,2.8999999999999986,1.0999999999999996,-0.09999999999999964,,,,,9.7,-21.9,5.8,0.5,0.0,0.09999999999999964,-2.0,-0.20000000000000018,0.20000000000000018,-0.20000000000000018,,,,,1.3,-1.2000000000000002,0.0,0.09999999999999998,0.0,0.10000000000000003,0.4,0.09999999999999998,0.0,0.09999999999999998,,,,-1.4000000000000004,3.1000000000000005,-4.4,1.1,1.1,0.19999999999999973,0.0,-0.10000000000000053,0.2999999999999998,0.5,0.5999999999999996,,,,,0.10000000000000009,0.09999999999999998,0.0,0.09999999999999998,0.10000000000000009,0.10000000000000009,0.09999999999999987,0.0,0.10000000000000009,0.0,,,,,-1.9,1.0,1.6,2.9000000000000004,1.1000000000000005,0.2999999999999998,0.10000000000000009,0.19999999999999973,0.49999999999999956,0.6999999999999997,,
2013-03-13,2.0,1.3,3.1,0.6,2.8,1.8,2.7,3.0,2.6,3.0,3.5,3.7,,,,1.6,2.7,0.9,1.4,1.5,1.5,1.4,1.6,1.5,1.5,1.5,,,8.2,8.2,8.0,7.8,7.8,7.7,7.6,7.5,7.4,7.3,7.2,7.1,,,,1.0,2.1,2.2,1.4,1.1,1.5,1.4,1.6,1.5,1.5,1.5,,,,2.4,1.6,1.7,2.1,1.8,1.7,1.7,1.9,1.9,1.9,1.8,,,2.5,0.7,1.6,1.5,1.1,1.1,1.6,1.4,1.6,1.5,1.5,1.4,,,2.2,1.7,1.1,0.9,1.4,1.6,1.7,1.6,1.8,1.7,1.7,1.6,,,,1.5,1.6,2.0,2.1,2.5,2.5,2.7,2.7,3.2,3.8,3.7,,,,3.6,-1.8,12.8,0.6,5.0,7.6,6.7,3.7,4.0,6.0,6.1,,,,8.5,13.5,17.8,17.7,22.8,20.1,14.4,13.4,14.4,14.4,13.4,,,,-0.2,9.5,-14.8,-1.9,-11.1,-5.9,-2.2,-6.7,-5.3,-4.9,-4.1,,,,-1.0,0.3,-1.2,-0.6,-0.1,-0.1,0.0,0.3,0.3,0.3,0.4,,,4.2,2.8,5.9,1.5,4.2,3.3,4.2,4.4,4.2,4.6,5.0,5.2,,,,0.7,0.8,0.9,0.9,1.0,1.1,1.1,1.2,1.3,1.3,1.4,,,,2.4,0.5,2.7,5.5,6.1,4.7,3.8,3.6,3.7,3.9,4.1,,,0.0,0.0,0.0,0.5,0.09999999999999964,-0.5999999999999999,0.0,0.20000000000000018,0.10000000000000009,-0.10000000000000009,0.0,0.0,,,,0.0,0.0,-0.29999999999999993,0.3999999999999999,-0.30000000000000004,0.10000000000000009,0.09999999999999987,0.10000000000000009,0.0,0.0,0.0,,,0.0,0.0,0.0,0.0,0.0,0.0,-0.10000000000000053,-0.09999999999999964,-0.09999999999999964,-0.10000000000000053,0.0,0.0,,,,0.19999999999999996,-0.19999999999999973,0.10000000000000009,0.5999999999999999,-1.0,0.19999999999999996,0.09999999999999987,0.20000000000000018,0.10000000000000009,0.10000000000000009,0.10000000000000009,,,,-0.20000000000000018,0.10000000000000009,0.09999999999999987,0.20000000000000018,0.0,0.0,0.09999999999999987,0.09999999999999987,0.09999999999999987,0.09999999999999987,0.10000000000000009,,,0.0,0.0,0.0,0.30000000000000004,0.20000000000000007,-0.7999999999999998,0.10000000000000009,0.09999999999999987,0.10000000000000009,0.10000000000000009,0.0,0.0,,,0.0,0.0,0.0,0.09999999999999998,-0.20000000000000018,-0.09999999999999987,0.0,0.10000000000000009,0.10000000000000009,0.0,0.0,0.0,,,,0.0,0.0,-0.20000000000000018,0.40000000000000013,-0.10000000000000009,0.0,0.0,0.10000000000000009,0.0,0.19999999999999973,0.10000000000000009,,,,0.0,0.0,3.200000000000001,-1.6,0.0,0.8999999999999995,-0.5999999999999996,0.30000000000000027,-0.09999999999999964,0.40000000000000036,-0.20000000000000018,,,,0.0,0.0,4.700000000000001,2.6999999999999993,-2.3000000000000007,2.200000000000003,0.3000000000000007,1.8000000000000007,1.200000000000001,1.0,0.8000000000000007,,,,0.0,0.0,-2.4000000000000004,0.8999999999999999,-6.8999999999999995,-1.8000000000000007,2.3,-0.20000000000000018,-0.8999999999999995,-0.7000000000000002,0.3000000000000007,,,,0.0,0.0,-0.3999999999999999,-0.7,-0.4,-0.4,-0.4,-0.5,-0.6000000000000001,-0.6000000000000001,-0.6,,,0.0,0.0,0.0,0.19999999999999996,0.5,-0.9000000000000004,0.10000000000000053,0.20000000000000018,0.10000000000000053,-0.10000000000000053,-0.09999999999999964,-0.09999999999999964,,,,0.0,0.0,0.0,0.0,0.0,0.0,0.0,0.0,0.10000000000000009,0.0,0.09999999999999987,,,,0.0,0.09999999999999998,1.7000000000000002,2.9,-0.8000000000000007,-1.0,-0.7000000000000002,-0.2999999999999998,-0.19999999999999973,-0.19999999999999973,-0.20000000000000018,,
2013-04-24,1.3,3.1,0.4,3.1,1.5,2.4,3.2,2.9,3.1,3.4,3.5,,,,1.6,2.7,1.0,1.3,0.7,1.7,1.7,1.8,1.7,1.6,1.5,,,,8.2,8.0,7.8,7.7,7.6,7.5,7.4,7.3,7.2,7.1,6.9,,,,1.0,2.1,2.2,1.4,-0.6,1.6,1.7,1.7,1.6,1.6,1.6,,,,2.4,1.6,1.7,2.1,1.9,1.7,1.7,1.9,1.9,1.9,1.8,,,,0.7,1.6,1.6,0.9,-0.2,1.6,1.6,1.6,1.5,1.5,1.5,,,,1.7,1.1,1.0,1.2,1.4,1.7,1.6,1.8,1.7,1.7,1.6,,,,1.5,1.6,1.8,2.8,2.3,2.6,3.3,3.0,3.4,3.7,3.8,,,,3.6,-1.8,13.2,-0.3,4.1,8.2,7.0,4.2,4.6,6.1,6.3,,,,8.5,13.5,17.6,16.4,22.0,15.8,14.0,16.3,17.0,17.3,15.3,,,,-0.2,9.5,-14.8,-4.9,-10.8,-11.9,-1.4,-5.5,-6.6,-5.9,-4.8,,,,-1.0,0.3,-1.5,-0.6,-0.2,-0.3,-0.3,0.0,0.0,0.0,0.1,,,,2.8,5.9,1.3,4.4,2.2,4.2,4.9,4.7,4.8,5.0,5.1,,,,0.7,0.8,0.9,1.0,1.0,1.1,1.2,1.2,1.3,1.3,1.4,,,,2.9,0.3,2.3,5.0,4.2,4.7,4.0,4.5,4.5,4.3,4.1,,,,-0.7,1.8,-2.7,2.5,-1.2999999999999998,0.5999999999999999,0.5,-0.10000000000000009,0.5,0.3999999999999999,0.0,,,,,1.1,-1.7000000000000002,0.4,-0.7,0.19999999999999996,0.19999999999999996,0.40000000000000013,0.09999999999999987,0.10000000000000009,0.0,,,,0.0,-0.1999999999999993,-0.20000000000000018,-0.09999999999999964,-0.20000000000000018,-0.20000000000000018,-0.1999999999999993,-0.20000000000000018,-0.20000000000000018,-0.20000000000000018,-0.2999999999999998,,,,,1.1,0.10000000000000009,-0.8000000000000003,-2.0,0.5,0.19999999999999996,0.30000000000000004,0.0,0.10000000000000009,0.10000000000000009,,,,,-0.7999999999999998,0.09999999999999987,0.40000000000000013,-0.20000000000000018,-0.10000000000000009,0.0,0.19999999999999996,0.0,0.0,-0.09999999999999987,,,,-1.8,0.9000000000000001,0.0,-0.6,-1.3,0.5,0.0,0.20000000000000018,-0.10000000000000009,0.0,0.0,,,,-0.5000000000000002,-0.5999999999999999,-0.10000000000000009,0.29999999999999993,0.0,0.09999999999999987,-0.09999999999999987,0.19999999999999996,-0.10000000000000009,0.0,-0.09999999999999987,,,,,0.10000000000000009,0.19999999999999996,0.7999999999999998,0.19999999999999973,0.10000000000000009,0.7999999999999998,0.2999999999999998,0.6999999999999997,0.5,0.0,,,,,-5.4,15.0,-13.100000000000001,3.4999999999999996,3.1999999999999993,-0.5999999999999996,-2.5,0.8999999999999995,2.0999999999999996,0.2999999999999998,,,,,5.0,4.100000000000001,-1.4000000000000021,4.300000000000001,-7.0,-6.100000000000001,1.9000000000000004,3.5999999999999996,2.9000000000000004,0.9000000000000004,,,,,9.7,-24.3,9.9,-8.9,-0.8000000000000007,4.5,-3.3,0.10000000000000053,-0.6000000000000005,0.10000000000000053,,,,,1.3,-1.8,0.6,0.39999999999999997,-0.19999999999999998,-0.19999999999999998,0.0,-0.3,-0.3,-0.19999999999999998,,,,-1.4000000000000004,3.1000000000000005,-4.6000000000000005,2.9000000000000004,-2.0,0.9000000000000004,0.7000000000000002,0.2999999999999998,0.5999999999999996,0.40000000000000036,0.09999999999999964,,,,,0.10000000000000009,0.09999999999999998,0.09999999999999998,0.09999999999999998,0.10000000000000009,0.09999999999999987,0.09999999999999987,0.10000000000000009,0.0,0.09999999999999987,,,,,-2.1,1.7999999999999998,2.3,-1.2999999999999998,-1.3999999999999995,-0.7000000000000002,0.7000000000000002,0.8999999999999999,0.5999999999999996,0.19999999999999973,,,
2013-06-12,1.3,3.1,0.4,2.2,1.8,2.5,3.3,3.2,3.3,3.5,3.6,,,,1.6,2.7,1.0,1.2,0.2,1.3,1.5,1.6,1.6,1.5,1.5,,,,8.2,8.0,7.8,7.7,7.5,7.4,7.3,7.1,7.0,6.8,6.6,,,,1.0,2.1,2.2,1.4,-0.2,1.4,1.4,1.6,1.5,1.5,1.5,,,,2.4,1.6,1.7,2.1,1.3,1.7,1.7,1.9,1.8,1.8,1.8,,,,0.7,1.6,1.6,1.0,-0.1,1.2,1.3,1.5,1.4,1.4,1.4,,,,1.7,1.1,1.0,1.3,0.8,1.3,1.5,1.7,1.6,1.6,1.6,,,,1.5,1.6,1.8,3.1,2.1,3.1,3.6,3.6,3.7,3.8,3.9,,,,3.6,-1.8,13.2,0.9,2.4,5.7,6.0,4.0,5.1,6.3,6.5,,,,8.5,13.5,17.6,13.3,18.6,13.9,15.3,17.8,17.8,18.3,17.1,,,,-0.2,9.5,-14.8,-8.7,-7.9,-9.0,-4.8,-4.3,-6.6,-6.0,-5.1,,,,-1.0,0.3,-1.5,-2.1,-0.5,-0.4,-0.2,0.0,0.0,0.0,0.1,,,,2.8,5.9,1.3,3.4,2.1,3.9,4.8,4.8,4.9,5.0,5.2,,,,0.7,0.8,0.9,1.0,1.0,1.1,1.1,1.2,1.3,1.3,1.4,,,,2.9,0.3,2.6,4.4,0.7,4.3,4.7,5.4,4.7,4.5,4.2,,,,0.0,0.0,0.0,-0.8999999999999999,0.30000000000000004,0.10000000000000009,0.09999999999999964,0.30000000000000027,0.19999999999999973,0.10000000000000009,0.10000000000000009,,,,0.0,0.0,0.0,-0.10000000000000009,-0.49999999999999994,-0.3999999999999999,-0.19999999999999996,-0.19999999999999996,-0.09999999999999987,-0.10000000000000009,0.0,,,,0.0,0.0,0.0,0.0,-0.09999999999999964,-0.09999999999999964,-0.10000000000000053,-0.20000000000000018,-0.20000000000000018,-0.2999999999999998,-0.3000000000000007,,,,0.0,0.0,0.0,0.0,0.39999999999999997,-0.20000000000000018,-0.30000000000000004,-0.09999999999999987,-0.10000000000000009,-0.10000000000000009,-0.10000000000000009,,,,0.0,0.0,0.0,0.0,-0.5999999999999999,0.0,0.0,0.0,-0.09999999999999987,-0.09999999999999987,0.0,,,,0.0,0.0,0.0,0.09999999999999998,0.1,-0.40000000000000013,-0.30000000000000004,-0.10000000000000009,-0.10000000000000009,-0.10000000000000009,-0.10000000000000009,,,,0.0,0.0,0.0,0.10000000000000009,-0.5999999999999999,-0.3999999999999999,-0.10000000000000009,-0.10000000000000009,-0.09999999999999987,-0.09999999999999987,0.0,,,,0.0,0.0,0.0,0.30000000000000027,-0.19999999999999973,0.5,0.30000000000000027,0.6000000000000001,0.30000000000000027,0.09999999999999964,0.10000000000000009,,,,0.0,0.0,0.0,1.2,-1.6999999999999997,-2.499999999999999,-1.0,-0.20000000000000018,0.5,0.20000000000000018,0.20000000000000018,,,,0.0,0.0,0.0,-3.099999999999998,-3.3999999999999986,-1.9000000000000004,1.3000000000000007,1.5,0.8000000000000007,1.0,1.8000000000000007,,,,0.0,0.0,0.0,-3.799999999999999,2.9000000000000004,2.9000000000000004,-3.4,1.2000000000000002,0.0,-0.09999999999999964,-0.2999999999999998,,,,0.0,0.0,0.0,-1.5,-0.3,-0.10000000000000003,0.09999999999999998,0.0,0.0,0.0,0.0,,,,0.0,0.0,0.0,-1.0000000000000004,-0.10000000000000009,-0.30000000000000027,-0.10000000000000053,0.09999999999999964,0.10000000000000053,0.0,0.10000000000000053,,,,0.0,0.0,0.0,0.0,0.0,0.0,-0.09999999999999987,0.0,0.0,0.0,0.0,,,,0.0,0.0,0.30000000000000027,-0.5999999999999996,-3.5,-0.40000000000000036,0.7000000000000002,0.9000000000000004,0.20000000000000018,0.20000000000000018,0.10000000000000053,,,
2013-07-24,3.1,0.4,1.8,1.1,2.3,3.3,3.2,3.3,3.3,3.4,,,,,2.7,1.0,1.2,0.0,2.0,1.1,1.6,1.6,1.5,1.5,,,,,8.0,7.8,7.7,7.5,7.5,7.4,7.2,7.1,6.9,6.8,,,,,2.1,2.2,1.4,0.0,2.2,1.1,1.3,1.3,1.4,1.4,,,,,1.6,1.7,2.1,1.4,1.8,1.7,1.8,1.8,1.8,1.8,,,,,1.6,1.6,1.0,-0.1,1.8,1.0,1.3,1.3,1.3,1.3,,,,,1.1,1.0,1.3,0.8,1.5,1.4,1.6,1.6,1.6,1.6,,,,,1.6,1.8,2.6,1.5,2.6,3.5,3.7,3.7,3.7,3.7,,,,,-1.8,13.2,0.4,7.2,3.7,4.0,3.1,4.7,5.7,5.6,,,,,13.5,17.6,14.0,9.8,4.2,17.3,19.2,19.3,19.6,17.4,,,,,9.5,-14.8,-8.7,-9.1,-7.6,-5.0,-3.8,-7.0,-6.0,-5.2,,,,,0.3,-1.5,-2.1,-0.1,-0.4,-0.2,0.0,0.0,0.0,0.1,,,,,5.9,1.3,3.1,1.1,4.3,4.4,4.9,5.0,4.9,5.0,,,,,0.8,0.9,1.0,0.9,1.0,1.1,1.2,1.3,1.3,1.4,,,,,0.3,2.5,4.2,0.6,4.4,4.4,5.3,5.1,4.4,3.4,,,,,1.8,-2.7,1.4,-1.1,0.4999999999999998,0.7999999999999998,-0.09999999999999964,0.09999999999999964,0.0,-0.10000000000000009,,,,,1.1,-1.7000000000000002,0.19999999999999996,-1.2,1.8,-0.19999999999999996,0.10000000000000009,0.0,-0.10000000000000009,0.0,,,,,-0.1999999999999993,-0.20000000000000018,-0.09999999999999964,-0.20000000000000018,0.0,0.0,-0.09999999999999964,0.0,-0.09999999999999964,0.0,,,,,1.1,0.10000000000000009,-0.8000000000000003,-1.4,2.4000000000000004,-0.2999999999999998,-0.09999999999999987,-0.30000000000000004,-0.10000000000000009,-0.10000000000000009,,,,,-0.7999999999999998,0.09999999999999987,0.40000000000000013,-0.7000000000000002,0.5,0.0,0.10000000000000009,-0.09999999999999987,0.0,0.0,,,,,0.9000000000000001,0.0,-0.6000000000000001,-1.1,1.9000000000000001,-0.19999999999999996,0.0,-0.19999999999999996,-0.09999999999999987,-0.09999999999999987,,,,,-0.5999999999999999,-0.10000000000000009,0.30000000000000004,-0.5,0.7,0.09999999999999987,0.10000000000000009,-0.09999999999999987,0.0,0.0,,,,,0.10000000000000009,0.19999999999999996,0.8,-1.6,0.5,0.3999999999999999,0.10000000000000009,0.10000000000000009,0.0,-0.09999999999999964,,,,,-5.4,15.0,-12.799999999999999,6.3,1.3000000000000003,-1.7000000000000002,-2.9,0.7000000000000002,0.6000000000000005,-0.7000000000000002,,,,,5.0,4.100000000000001,-3.6000000000000014,-3.5,-14.400000000000002,3.4000000000000004,3.8999999999999986,1.5,1.8000000000000007,-0.9000000000000021,,,,,9.7,-24.3,6.100000000000001,-0.40000000000000036,0.3000000000000007,4.0,1.0,-2.7,0.5999999999999996,0.7999999999999998,,,,,1.3,-1.8,-0.6000000000000001,2.0,0.09999999999999998,0.2,0.2,0.0,0.0,0.1,,,,,3.1000000000000005,-4.6000000000000005,1.8,-2.3,2.1999999999999997,0.5000000000000004,0.10000000000000053,0.20000000000000018,0.0,0.0,,,,,0.10000000000000009,0.09999999999999998,0.09999999999999998,-0.09999999999999998,0.0,0.0,0.09999999999999987,0.10000000000000009,0.0,0.09999999999999987,,,,,-2.6,2.2,1.6,-3.8000000000000003,3.7,0.10000000000000053,0.5999999999999996,-0.3000000000000007,-0.2999999999999998,-1.1,,,,
2013-09-11,,,1.1,2.9,2.2,2.7,2.7,3.0,3.4,3.3,3.4,3.5,3.5,3.4,,,,0.8,1.9,1.3,1.4,1.5,1.4,1.4,1.6,1.6,1.6,1.6,,,7.7,7.5,7.3,7.2,7.0,6.9,6.7,6.6,6.4,6.2,6.0,5.8,,,,0.0,2.5,1.5,1.0,1.3,1.4,1.4,1.6,1.6,1.6,1.5,,,,1.4,1.8,1.6,1.8,1.8,1.8,1.9,2.0,1.9,1.9,1.8,,,1.1,0.0,1.9,1.3,1.0,1.2,1.3,1.3,1.4,1.4,1.4,1.5,,,1.4,0.8,1.5,1.3,1.5,1.5,1.5,1.5,1.6,1.6,1.6,1.6,,,,2.1,2.0,3.1,3.3,3.5,3.8,3.8,3.8,3.8,3.8,3.7,,,,4.4,3.7,5.1,3.2,4.9,5.6,5.3,5.1,5.2,5.2,5.3,,,,14.1,2.6,12.0,14.7,16.3,16.3,15.9,15.9,15.3,14.6,13.4,,,,-1.6,-6.0,-7.0,-6.2,-5.7,-5.1,-4.6,-4.1,-3.9,-3.8,-3.3,,,,0.4,0.0,0.1,0.3,0.3,0.3,0.4,1.0,1.1,1.1,1.1,,,2.8,3.7,4.2,4.1,4.2,4.5,4.8,4.8,5.0,5.1,5.2,5.0,,,,0.9,0.9,1.1,1.1,1.2,1.3,1.3,1.4,1.5,1.5,1.6,,,,0.4,2.5,5.6,5.9,5.0,4.0,3.4,4.3,4.1,3.7,3.8,,,-0.7,1.7999999999999998,-0.09999999999999964,-0.5999999999999996,-0.5,-0.2999999999999998,0.10000000000000009,-0.10000000000000009,,,,,,,,0.8,-0.10000000000000009,0.19999999999999996,-0.20000000000000018,-0.10000000000000009,-0.10000000000000009,-0.10000000000000009,,,,,,,0.0,0.0,-0.20000000000000018,-0.20000000000000018,-0.20000000000000018,-0.1999999999999993,-0.20000000000000018,-0.20000000000000018,,,,,,,,0.0,0.2999999999999998,0.3999999999999999,-0.30000000000000004,0.0,0.0,0.0,,,,,,,,0.0,0.0,-0.09999999999999987,0.0,0.0,0.0,0.09999999999999987,,,,,,,0.10000000000000009,0.1,0.09999999999999987,0.30000000000000004,-0.30000000000000004,-0.10000000000000009,0.0,0.0,,,,,,,0.09999999999999987,0.0,0.0,-0.09999999999999987,-0.10000000000000009,-0.10000000000000009,-0.10000000000000009,-0.10000000000000009,,,,,,,,0.6000000000000001,-0.6000000000000001,-0.3999999999999999,-0.40000000000000036,-0.20000000000000018,0.09999999999999964,0.09999999999999964,,,,,,,,-2.8,0.0,1.0999999999999996,0.10000000000000009,0.20000000000000018,-0.10000000000000053,-0.2999999999999998,,,,,,,,4.299999999999999,-1.6,-5.300000000000001,-4.5,-3.0,-3.3000000000000007,-1.4999999999999982,,,,,,,,7.5,1.5999999999999996,-2.0,-2.4000000000000004,1.2999999999999998,0.9000000000000004,0.6000000000000005,,,,,,,,0.5,0.4,0.30000000000000004,0.3,0.3,0.3,0.30000000000000004,,,,,,,-0.30000000000000027,2.6,-0.09999999999999964,-0.3000000000000007,-0.7000000000000002,-0.5,-0.10000000000000053,-0.20000000000000018,,,,,,,,0.0,-0.09999999999999998,0.0,-0.09999999999999987,-0.10000000000000009,0.0,-0.09999999999999987,,,,,,,,-0.19999999999999996,-1.9000000000000004,1.1999999999999993,0.6000000000000005,-0.09999999999999964,-0.40000000000000036,0.0,,,,
2013-10-23,,1.1,2.5,2.2,2.1,3.2,3.0,3.4,3.5,3.6,3.6,3.6,3.4,,,,0.6,2.0,1.2,1.2,1.5,1.4,1.5,1.7,1.6,1.6,1.6,,,7.7,7.5,7.3,7.3,7.1,7.0,6.8,6.6,6.4,6.2,6.1,5.9,,,,0.0,2.6,1.0,1.7,1.4,1.5,1.5,1.6,1.6,1.6,1.6,,,,1.4,1.8,1.7,1.8,1.8,1.8,1.9,2.0,1.9,1.9,1.8,,,1.1,-0.1,2.0,1.1,1.5,1.3,1.3,1.3,1.4,1.4,1.5,1.5,,,1.4,0.6,1.5,1.4,1.6,1.6,1.5,1.5,1.6,1.6,1.6,1.6,,,,1.8,1.5,2.6,2.9,3.2,3.6,3.8,3.8,3.8,3.8,3.6,,,,4.7,4.0,3.6,3.8,5.0,5.4,5.4,5.3,5.6,5.4,5.2,,,,14.2,7.8,11.0,15.9,17.7,18.3,18.3,16.8,14.9,13.5,11.2,,,,-1.6,-6.2,-10.9,-1.9,-5.7,-5.1,-4.6,-4.2,-3.9,-3.9,-3.1,,,,0.4,1.4,0.4,0.3,0.3,0.3,0.4,1.0,1.1,1.1,1.1,,,2.8,3.1,4.2,3.3,4.4,4.5,4.9,5.0,5.4,5.2,5.3,5.1,,,,0.9,0.9,1.0,1.1,1.2,1.3,1.3,1.4,1.5,1.5,1.6,,,,0.7,2.2,4.5,4.9,4.7,3.4,3.7,4.4,4.0,3.0,3.5,,,,1.4,-0.6999999999999997,-0.10000000000000009,0.5,0.2999999999999998,0.3999999999999999,0.10000000000000009,0.30000000000000027,0.20000000000000018,0.10000000000000009,-0.10000000000000009,,,,,1.2,-0.7,-0.10000000000000009,0.10000000000000009,-0.10000000000000009,0.10000000000000009,0.30000000000000004,0.0,0.0,0.0,,,,-0.20000000000000018,-0.20000000000000018,0.0,-0.10000000000000053,0.0,-0.10000000000000053,-0.10000000000000053,-0.1999999999999993,-0.20000000000000018,-0.10000000000000053,-0.09999999999999964,,,,,2.6,-1.5,0.19999999999999996,0.3999999999999999,0.19999999999999996,0.10000000000000009,0.20000000000000018,0.0,0.0,0.0,,,,,0.40000000000000013,-0.10000000000000009,0.19999999999999996,0.0,0.0,0.09999999999999987,0.10000000000000009,-0.10000000000000009,0.0,-0.09999999999999987,,,,-1.2000000000000002,2.0,-0.7999999999999998,0.19999999999999996,0.30000000000000004,0.10000000000000009,0.0,0.09999999999999987,0.0,0.10000000000000009,0.10000000000000009,,,,-0.7999999999999999,0.7,-0.10000000000000009,0.30000000000000004,0.10000000000000009,0.0,0.0,0.10000000000000009,0.0,0.0,0.0,,,,,-0.6000000000000001,0.6000000000000001,-0.20000000000000018,-0.09999999999999964,0.10000000000000009,0.0,0.0,0.0,0.0,-0.19999999999999973,,,,,-0.40000000000000036,-0.10000000000000009,-1.2999999999999998,1.7999999999999998,0.5,-0.1999999999999993,0.0,0.5,0.20000000000000018,0.0,,,,,-6.3,8.4,3.9000000000000004,3.0,2.0,2.0,0.9000000000000004,-1.0,-1.8000000000000007,-3.4000000000000004,,,,,-4.6,-4.9,5.1,0.5,0.6000000000000005,0.5,0.39999999999999947,0.19999999999999973,0.0,0.6999999999999997,,,,,0.9999999999999999,0.4,0.19999999999999998,0.0,0.0,0.10000000000000003,0.6,0.10000000000000009,0.0,0.0,,,,0.30000000000000027,0.5,-0.9000000000000004,0.3000000000000007,0.2999999999999998,0.40000000000000036,0.20000000000000018,0.6000000000000005,0.20000000000000018,0.20000000000000018,-0.10000000000000053,,,,,0.0,0.09999999999999998,0.0,0.09999999999999987,0.10000000000000009,0.0,0.09999999999999987,0.10000000000000009,0.0,0.10000000000000009,,,,,1.8000000000000003,2.0,-0.6999999999999993,-1.2000000000000002,-1.6,-0.2999999999999998,1.0000000000000004,-0.2999999999999998,-1.0999999999999996,-0.20000000000000018,
2013-12-12,,1.1,2.5,3.5,1.7,2.8,2.9,3.2,3.5,3.7,3.6,3.3,3.5,,,,0.6,2.0,1.1,1.4,1.5,1.5,1.4,1.8,1.6,1.6,1.5,,,7.7,7.5,7.3,7.1,6.9,6.8,6.7,6.5,6.3,6.2,6.1,5.9,,,,0.0,2.6,0.9,2.0,1.6,1.6,1.4,1.6,1.6,1.6,1.6,,,,1.4,1.8,1.6,1.9,1.9,1.9,1.7,1.9,1.9,1.9,1.8,,,1.1,-0.1,2.0,0.7,1.5,1.3,1.4,1.2,1.5,1.5,1.5,1.3,,,1.4,0.6,1.5,1.1,1.4,1.5,1.5,1.4,1.6,1.6,1.6,1.5,,,,1.8,1.4,3.2,2.8,3.2,3.4,3.9,3.9,4.0,3.8,3.9,,,,4.7,3.5,5.0,3.0,5.2,5.0,5.1,5.3,5.5,5.5,5.5,,,,14.2,13.0,-1.7,10.8,14.8,18.2,18.4,17.4,15.1,13.4,12.9,,,,-1.6,-1.4,-13.4,1.6,-3.6,-3.3,-2.8,-4.1,-3.9,-4.4,-2.5,,,,0.4,1.7,0.5,0.5,0.4,0.4,0.5,1.0,1.1,1.1,1.1,,,2.8,3.1,5.5,2.8,4.2,4.4,4.7,4.9,5.5,5.3,5.0,5.1,,,,0.9,0.9,1.0,1.0,1.1,1.2,1.3,1.3,1.4,1.4,1.5,,,,1.1,2.3,5.7,4.7,4.1,3.1,3.7,4.2,3.9,2.7,3.6,,,0.0,0.0,1.2999999999999998,-0.40000000000000013,-0.40000000000000036,-0.10000000000000009,-0.19999999999999973,0.0,0.10000000000000009,0.0,-0.30000000000000027,0.10000000000000009,,,,0.0,0.0,-0.09999999999999987,0.19999999999999996,0.0,0.10000000000000009,-0.10000000000000009,0.10000000000000009,0.0,0.0,-0.10000000000000009,,,0.0,0.0,0.0,-0.20000000000000018,-0.1999999999999993,-0.20000000000000018,-0.09999999999999964,-0.09999999999999964,-0.10000000000000053,0.0,0.0,0.0,,,,0.0,0.0,-0.09999999999999998,0.30000000000000004,0.20000000000000018,0.10000000000000009,-0.10000000000000009,0.0,0.0,0.0,0.0,,,,0.0,0.0,-0.09999999999999987,0.09999999999999987,0.09999999999999987,0.09999999999999987,-0.19999999999999996,-0.10000000000000009,0.0,0.0,0.0,,,0.0,0.0,0.0,-0.40000000000000013,0.0,0.0,0.09999999999999987,-0.10000000000000009,0.10000000000000009,0.10000000000000009,0.0,-0.19999999999999996,,,0.0,0.0,0.0,-0.2999999999999998,-0.20000000000000018,-0.10000000000000009,0.0,-0.10000000000000009,0.0,0.0,0.0,-0.10000000000000009,,,,0.0,-0.10000000000000009,0.6000000000000001,-0.10000000000000009,0.0,-0.20000000000000018,0.10000000000000009,0.10000000000000009,0.20000000000000018,0.0,0.2999999999999998,,,,0.0,-0.5,1.4,-0.7999999999999998,0.20000000000000018,-0.40000000000000036,-0.3000000000000007,0.0,-0.09999999999999964,0.09999999999999964,0.2999999999999998,,,,0.0,5.2,-12.7,-5.1,-2.8999999999999986,-0.10000000000000142,0.09999999999999787,0.5999999999999979,0.1999999999999993,-0.09999999999999964,1.700000000000001,,,,0.0,4.800000000000001,-2.5,3.5,2.1,1.7999999999999998,1.7999999999999998,0.10000000000000053,0.0,-0.5000000000000004,0.6000000000000001,,,,0.0,0.30000000000000004,0.09999999999999998,0.2,0.10000000000000003,0.10000000000000003,0.09999999999999998,0.0,0.0,0.0,0.0,,,0.0,0.0,1.2999999999999998,-0.5,-0.20000000000000018,-0.09999999999999964,-0.20000000000000018,-0.09999999999999964,0.09999999999999964,0.09999999999999964,-0.2999999999999998,0.0,,,,0.0,0.0,0.0,-0.10000000000000009,-0.09999999999999987,-0.10000000000000009,0.0,-0.09999999999999987,-0.10000000000000009,-0.10000000000000009,-0.10000000000000009,,,,0.40000000000000013,0.09999999999999964,1.2000000000000002,-0.20000000000000018,-0.6000000000000005,-0.2999999999999998,0.0,-0.20000000000000018,-0.10000000000000009,-0.2999999999999998,0.10000000000000009,
2014-01-23,1.1,2.5,4.1,3.5,2.4,3.1,3.3,3.7,3.5,3.5,3.4,3.2,,,,0.6,2.0,1.5,1.2,1.8,1.7,1.6,1.9,1.8,1.7,1.7,,,7.7,7.5,7.3,7.0,6.7,6.6,6.4,6.2,6.0,5.8,5.7,5.5,,,,0.0,2.6,0.9,1.4,1.8,1.7,1.6,1.7,1.8,1.8,1.7,,,,1.4,1.8,1.6,1.8,2.0,2.0,1.8,2.0,2.1,2.1,2.0,,,1.1,-0.1,1.9,0.7,1.1,1.5,1.5,1.4,1.6,1.6,1.6,1.5,,,1.4,0.6,1.4,1.1,1.3,1.6,1.6,1.5,1.7,1.8,1.8,1.7,,,,1.8,2.0,4.0,3.1,3.4,3.6,3.9,4.1,4.0,3.8,3.7,,,,4.7,4.8,7.4,3.0,6.3,5.5,5.4,5.6,5.1,5.3,5.4,,,,14.2,10.3,-5.3,8.8,8.4,16.1,16.9,18.7,16.5,14.0,13.1,,,,-1.6,-1.5,-14.9,1.5,-3.6,-3.3,-2.8,-4.2,-3.9,-4.4,-2.5,,,,0.4,1.7,0.4,0.4,0.4,0.4,0.5,1.0,1.1,1.1,1.1,,,2.8,3.1,6.2,5.0,3.6,5.0,5.1,5.4,5.5,5.3,5.2,4.9,,,,0.9,0.9,1.0,1.0,1.1,1.2,1.2,1.3,1.4,1.4,1.5,,,,1.2,2.4,6.8,4.3,4.4,3.3,3.8,4.9,4.6,3.2,2.8,,,,1.4,1.5999999999999996,0.0,0.7,0.30000000000000027,0.3999999999999999,0.5,0.0,-0.20000000000000018,-0.20000000000000018,-0.09999999999999964,,,,,1.4,-0.5,0.09999999999999987,0.40000000000000013,0.19999999999999996,0.10000000000000009,0.5,0.0,0.09999999999999987,0.09999999999999987,,,,-0.20000000000000018,-0.20000000000000018,-0.2999999999999998,-0.39999999999999947,-0.3000000000000007,-0.39999999999999947,-0.5,-0.5,-0.5,-0.5,-0.5999999999999996,,,,,2.6,-1.7000000000000002,0.4999999999999999,-0.19999999999999996,0.09999999999999987,0.0,0.30000000000000004,0.19999999999999996,0.19999999999999996,0.09999999999999987,,,,,0.40000000000000013,-0.19999999999999996,0.19999999999999996,0.10000000000000009,0.10000000000000009,-0.09999999999999987,0.30000000000000004,0.20000000000000018,0.20000000000000018,0.10000000000000009,,,,-1.2000000000000002,2.0,-1.3,0.40000000000000013,0.0,0.19999999999999996,0.0,0.40000000000000013,0.10000000000000009,0.10000000000000009,0.0,,,,-0.7999999999999999,0.7999999999999999,-0.3999999999999999,0.19999999999999996,0.20000000000000018,0.10000000000000009,0.0,0.30000000000000004,0.19999999999999996,0.19999999999999996,0.09999999999999987,,,,,0.19999999999999996,2.6,-0.10000000000000009,0.6000000000000001,0.3999999999999999,0.5,0.19999999999999973,0.10000000000000009,-0.20000000000000018,-0.09999999999999964,,,,,0.09999999999999964,3.9000000000000004,-2.0,3.3,0.2999999999999998,0.40000000000000036,0.5,-0.20000000000000018,-0.20000000000000018,-0.09999999999999964,,,,,-3.8999999999999986,-18.3,10.5,-2.4000000000000004,1.3000000000000007,-1.3000000000000007,0.3000000000000007,-0.8999999999999986,-1.0999999999999996,-0.3000000000000007,,,,,0.10000000000000009,-13.5,14.9,-5.2,0.30000000000000027,0.5,-1.4000000000000004,0.19999999999999973,-0.5000000000000004,1.9000000000000004,,,,,1.2999999999999998,-1.2999999999999998,-0.09999999999999998,-0.09999999999999998,0.0,0.09999999999999998,0.5,0.10000000000000009,0.0,0.0,,,,0.30000000000000027,3.1,-0.5,0.8000000000000003,0.7999999999999998,0.6999999999999993,0.7000000000000002,0.5999999999999996,-0.20000000000000018,-0.09999999999999964,-0.09999999999999964,,,,,0.0,0.09999999999999998,0.0,0.10000000000000009,0.09999999999999987,0.0,0.0,0.09999999999999987,0.0,0.10000000000000009,,,,,1.2999999999999998,4.5,-1.4000000000000004,-0.2999999999999998,-0.7999999999999998,0.6999999999999997,1.2000000000000002,0.39999999999999947,-0.6999999999999997,0.09999999999999964,,
2014-03-12,1.1,2.5,4.1,2.2,1.5,3.5,3.2,3.5,3.2,3.2,3.2,3.3,,,,0.6,2.0,1.7,1.5,1.5,1.8,1.7,1.9,1.8,1.8,1.7,,,7.7,7.5,7.3,7.0,6.6,6.5,6.4,6.2,6.0,5.9,5.7,5.6,,,,0.4,2.2,1.1,1.9,1.7,2.0,1.8,1.7,1.7,1.7,1.7,,,,1.4,1.8,1.6,1.7,2.0,2.0,2.0,2.1,2.1,2.0,1.9,,,1.1,-0.1,1.9,1.0,1.4,1.3,1.6,1.5,1.6,1.6,1.6,1.5,,,1.4,0.6,1.4,1.3,1.2,1.5,1.6,1.6,1.7,1.8,1.7,1.6,,,,1.8,2.0,2.6,2.6,3.7,3.8,3.9,3.9,3.8,3.6,3.5,,,,4.7,4.8,5.5,1.6,5.7,4.6,5.2,5.0,5.0,5.0,5.1,,,,14.2,10.3,-8.6,2.9,10.4,11.7,14.6,16.6,16.3,14.8,12.9,,,,-1.6,-1.5,-12.8,1.6,-3.1,-3.1,-2.2,-4.4,-3.8,-3.9,-2.5,,,,0.4,1.7,0.2,-0.6,1.2,0.4,0.5,1.0,1.1,1.1,1.1,,,2.8,3.1,6.2,3.9,3.0,5.0,5.0,5.3,5.2,5.1,5.0,5.0,,,,0.9,0.9,1.0,1.0,1.0,1.1,1.2,1.3,1.3,1.4,1.4,,,,1.2,2.5,5.4,2.3,4.7,4.3,3.5,4.4,4.5,3.9,3.2,,,0.0,0.0,0.0,-1.2999999999999998,-0.8999999999999999,0.3999999999999999,-0.09999999999999964,-0.20000000000000018,-0.2999999999999998,-0.2999999999999998,-0.19999999999999973,0.09999999999999964,,,,0.0,0.0,0.19999999999999996,0.30000000000000004,-0.30000000000000004,0.10000000000000009,0.09999999999999987,0.0,0.0,0.10000000000000009,0.0,,,0.0,0.0,0.0,0.0,-0.10000000000000053,-0.09999999999999964,0.0,0.0,0.0,0.10000000000000053,0.0,0.09999999999999964,,,,0.4,-0.3999999999999999,0.20000000000000007,0.5,-0.10000000000000009,0.30000000000000004,0.19999999999999996,0.0,-0.10000000000000009,-0.10000000000000009,0.0,,,,0.0,0.0,0.0,-0.10000000000000009,0.0,0.0,0.19999999999999996,0.10000000000000009,0.0,-0.10000000000000009,-0.10000000000000009,,,0.0,0.0,0.0,0.30000000000000004,0.2999999999999998,-0.19999999999999996,0.10000000000000009,0.10000000000000009,0.0,0.0,0.0,0.0,,,0.0,0.0,0.0,0.19999999999999996,-0.10000000000000009,-0.10000000000000009,0.0,0.10000000000000009,0.0,0.0,-0.10000000000000009,-0.09999999999999987,,,,0.0,0.0,-1.4,-0.5,0.30000000000000027,0.19999999999999973,0.0,-0.19999999999999973,-0.20000000000000018,-0.19999999999999973,-0.20000000000000018,,,,0.0,0.0,-1.9000000000000004,-1.4,-0.5999999999999996,-0.9000000000000004,-0.20000000000000018,-0.5999999999999996,-0.09999999999999964,-0.2999999999999998,-0.3000000000000007,,,,0.0,0.0,-3.3,-5.9,2.0,-4.400000000000002,-2.299999999999999,-2.099999999999998,-0.1999999999999993,0.8000000000000007,-0.1999999999999993,,,,0.0,0.0,2.0999999999999996,0.10000000000000009,0.5,0.19999999999999973,0.5999999999999996,-0.20000000000000018,0.10000000000000009,0.5000000000000004,0.0,,,,0.0,0.0,-0.2,-1.0,0.7999999999999999,0.0,0.0,0.0,0.0,0.0,0.0,,,0.0,0.0,0.0,-1.1,-0.6000000000000001,0.0,-0.09999999999999964,-0.10000000000000053,-0.2999999999999998,-0.20000000000000018,-0.20000000000000018,0.09999999999999964,,,,0.0,0.0,0.0,0.0,-0.10000000000000009,-0.09999999999999987,0.0,0.0,-0.09999999999999987,0.0,-0.10000000000000009,,,,0.0,0.10000000000000009,-1.3999999999999995,-2.0,0.2999999999999998,1.0,-0.2999999999999998,-0.5,-0.09999999999999964,0.6999999999999997,0.40000000000000036,,
2014-04-23,2.5,4.1,2.6,0.7,3.5,3.4,3.6,3.4,3.2,3.2,3.2,,,,0.6,2.0,1.6,1.7,1.6,1.8,1.8,2.0,1.8,1.8,1.7,,,,7.5,7.3,7.0,6.7,6.6,6.4,6.2,6.0,5.9,5.7,5.6,,,,0.4,2.2,1.1,1.9,2.1,2.0,1.8,1.7,1.7,1.7,1.6,,,,1.4,1.8,1.6,1.6,2.0,2.0,2.0,2.1,2.1,2.0,1.9,,,,-0.1,1.9,1.1,1.5,1.6,1.7,1.5,1.5,1.5,1.5,1.5,,,,0.6,1.4,1.3,1.3,1.5,1.6,1.6,1.7,1.7,1.7,1.6,,,,1.8,2.0,3.3,2.5,3.8,4.0,4.1,4.2,3.8,3.6,3.4,,,,4.7,4.8,5.7,2.2,4.7,5.2,5.3,5.0,5.0,5.0,4.9,,,,14.2,10.3,-7.9,-2.1,6.3,16.9,14.7,16.5,15.6,14.1,12.0,,,,-1.6,-1.5,-12.8,3.3,-2.5,-3.1,-2.6,-3.9,-3.8,-3.9,-2.5,,,,0.4,1.7,0.0,-1.7,1.2,0.8,0.9,1.0,1.1,1.1,1.1,,,,3.1,6.2,4.2,2.3,5.1,5.2,5.5,5.4,5.1,5.0,4.9,,,,0.9,0.9,1.0,0.9,1.0,1.1,1.2,1.2,1.3,1.3,1.4,,,,1.9,2.5,4.8,4.4,4.4,4.4,3.5,4.9,4.4,3.5,2.6,,,,1.4,1.5999999999999996,-1.4999999999999996,-1.5000000000000002,2.0,-0.10000000000000009,0.3999999999999999,-0.10000000000000009,0.0,0.0,0.0,,,,,1.4,-0.3999999999999999,0.0,0.10000000000000009,0.30000000000000004,0.0,0.30000000000000004,-0.09999999999999987,0.0,-0.10000000000000009,,,,-0.20000000000000018,-0.20000000000000018,-0.2999999999999998,-0.2999999999999998,0.0,-0.09999999999999964,-0.20000000000000018,-0.20000000000000018,-0.09999999999999964,-0.20000000000000018,-0.10000000000000053,,,,,1.8000000000000003,-1.1,0.7999999999999998,0.20000000000000018,0.30000000000000004,-0.19999999999999996,-0.10000000000000009,0.0,0.0,-0.09999999999999987,,,,,0.40000000000000013,-0.19999999999999996,0.0,0.30000000000000004,0.0,0.0,0.10000000000000009,0.0,-0.10000000000000009,-0.10000000000000009,,,,-1.2000000000000002,2.0,-0.7999999999999998,0.5,0.20000000000000018,0.3999999999999999,-0.10000000000000009,0.0,-0.10000000000000009,-0.10000000000000009,-0.10000000000000009,,,,-0.7999999999999999,0.7999999999999999,-0.09999999999999987,0.0,0.30000000000000004,0.10000000000000009,0.0,0.09999999999999987,0.0,-0.10000000000000009,-0.09999999999999987,,,,,0.19999999999999996,1.2999999999999998,-0.10000000000000009,1.1999999999999997,0.2999999999999998,0.2999999999999998,0.30000000000000027,-0.10000000000000009,-0.19999999999999973,-0.20000000000000018,,,,,0.09999999999999964,0.9000000000000004,-3.3,3.1,-0.5,0.7000000000000002,-0.20000000000000018,0.0,0.0,-0.09999999999999964,,,,,-3.8999999999999986,-18.200000000000003,6.5,3.4,6.499999999999998,3.0,1.9000000000000004,-1.0000000000000018,-2.200000000000001,-2.8000000000000007,,,,,0.10000000000000009,-11.3,16.1,-4.1,0.0,0.5,-1.6999999999999997,0.6000000000000005,-0.10000000000000009,1.4,,,,,1.2999999999999998,-1.7,-1.9,1.7999999999999998,-0.3999999999999999,0.5,0.5,0.10000000000000009,0.0,0.0,,,,0.30000000000000027,3.1,-2.0,-1.6,2.0999999999999996,0.20000000000000018,0.5,0.10000000000000053,-0.10000000000000053,-0.09999999999999964,-0.09999999999999964,,,,,0.0,0.09999999999999998,-0.09999999999999998,0.0,0.10000000000000009,0.09999999999999987,0.0,0.0,0.0,0.0,,,,,1.3,2.3,-1.0,2.1000000000000005,-0.2999999999999998,-0.7999999999999998,1.4000000000000004,0.0,-1.0,-1.2999999999999998,,,
2014-06-11,2.5,4.1,2.6,-1.5,4.2,3.5,3.5,3.3,2.9,3.0,2.9,,,,0.6,2.0,1.6,1.3,1.7,1.6,1.5,1.8,1.7,1.6,1.5,,,,7.5,7.3,7.0,6.7,6.3,6.2,6.0,5.8,5.7,5.5,5.4,,,,0.4,2.2,1.1,1.9,2.5,2.0,1.5,1.5,1.5,1.6,1.5,,,,1.4,1.8,1.6,1.6,2.4,2.0,1.9,1.9,2.0,2.0,1.9,,,,-0.1,1.9,1.1,1.4,2.0,1.5,1.2,1.4,1.5,1.4,1.3,,,,0.6,1.4,1.3,1.2,1.8,1.5,1.4,1.6,1.7,1.5,1.5,,,,1.8,2.0,3.3,3.1,3.0,3.7,4.1,3.8,3.5,3.3,3.2,,,,4.7,4.8,5.7,-0.8,8.8,4.6,3.9,4.8,4.7,4.7,4.5,,,,14.2,10.3,-7.9,-4.8,4.3,8.3,9.3,12.7,14.7,15.2,15.7,,,,-1.6,-1.5,-12.8,0.7,-3.0,-2.7,-3.2,-3.4,-4.0,-4.0,-2.8,,,,0.4,1.7,0.0,-1.7,1.4,1.1,1.2,1.3,1.3,1.3,1.4,,,,3.1,6.2,4.2,-0.2,6.0,5.2,5.1,5.2,4.7,4.6,4.5,,,,0.9,0.9,1.0,0.9,1.0,1.1,1.1,1.2,1.2,1.3,1.4,,,,1.9,2.5,4.9,4.5,3.6,4.8,3.6,5.0,4.3,3.4,2.5,,,,0.0,0.0,0.0,-2.2,0.7000000000000002,0.10000000000000009,-0.10000000000000009,-0.10000000000000009,-0.30000000000000027,-0.20000000000000018,-0.30000000000000027,,,,0.0,0.0,0.0,-0.3999999999999999,0.09999999999999987,-0.19999999999999996,-0.30000000000000004,-0.19999999999999996,-0.10000000000000009,-0.19999999999999996,-0.19999999999999996,,,,0.0,0.0,0.0,0.0,-0.2999999999999998,-0.20000000000000018,-0.20000000000000018,-0.20000000000000018,-0.20000000000000018,-0.20000000000000018,-0.1999999999999993,,,,0.0,0.0,0.0,0.0,0.3999999999999999,0.0,-0.30000000000000004,-0.19999999999999996,-0.19999999999999996,-0.09999999999999987,-0.10000000000000009,,,,0.0,0.0,0.0,0.0,0.3999999999999999,0.0,-0.10000000000000009,-0.20000000000000018,-0.10000000000000009,0.0,0.0,,,,0.0,0.0,0.0,-0.10000000000000009,0.3999999999999999,-0.19999999999999996,-0.30000000000000004,-0.10000000000000009,0.0,-0.10000000000000009,-0.19999999999999996,,,,0.0,0.0,0.0,-0.10000000000000009,0.30000000000000004,-0.10000000000000009,-0.20000000000000018,-0.09999999999999987,0.0,-0.19999999999999996,-0.10000000000000009,,,,0.0,0.0,0.0,0.6000000000000001,-0.7999999999999998,-0.2999999999999998,0.0,-0.40000000000000036,-0.2999999999999998,-0.30000000000000027,-0.19999999999999973,,,,0.0,0.0,0.0,-3.0,4.1000000000000005,-0.6000000000000005,-1.4,-0.20000000000000018,-0.2999999999999998,-0.2999999999999998,-0.40000000000000036,,,,0.0,0.0,0.0,-2.6999999999999997,-2.0,-8.599999999999998,-5.399999999999999,-3.8000000000000007,-0.9000000000000004,1.0999999999999996,3.6999999999999993,,,,0.0,0.0,0.0,-2.5999999999999996,-0.5,0.3999999999999999,-0.6000000000000001,0.5,-0.20000000000000018,-0.10000000000000009,-0.2999999999999998,,,,0.0,0.0,0.0,0.0,0.19999999999999996,0.30000000000000004,0.29999999999999993,0.30000000000000004,0.19999999999999996,0.19999999999999996,0.2999999999999998,,,,0.0,0.0,0.0,-2.5,0.9000000000000004,0.0,-0.40000000000000036,-0.20000000000000018,-0.39999999999999947,-0.40000000000000036,-0.40000000000000036,,,,0.0,0.0,0.0,0.0,0.0,0.0,-0.09999999999999987,0.0,-0.10000000000000009,0.0,0.0,,,,0.0,0.0,0.10000000000000053,0.09999999999999964,-0.8000000000000003,0.39999999999999947,0.10000000000000009,0.09999999999999964,-0.10000000000000053,-0.10000000000000009,-0.10000000000000009,,,
2014-07-23,4.1,2.6,-2.9,3.5,3.6,3.3,3.3,3.0,3.1,2.8,,,,,2.0,1.6,1.3,1.8,1.8,1.7,1.9,1.7,1.6,1.5,,,,,7.3,7.0,6.7,6.2,6.0,5.8,5.6,5.4,5.2,5.1,,,,,2.2,1.1,1.9,3.0,2.0,1.7,1.8,1.8,1.8,1.8,,,,,1.8,1.6,1.6,2.5,2.1,2.1,2.2,2.2,2.1,2.1,,,,,1.9,1.1,1.4,2.3,1.7,1.3,1.5,1.5,1.4,1.4,,,,,1.4,1.3,1.2,1.9,1.8,1.5,1.7,1.8,1.6,1.5,,,,,2.0,3.3,1.0,2.1,3.4,3.7,3.7,3.5,3.3,3.2,,,,,4.8,5.7,-1.2,11.3,4.2,3.0,4.4,4.1,4.4,4.0,,,,,10.3,-7.9,-4.2,4.4,4.9,11.2,10.2,14.4,15.4,15.0,,,,,-1.5,-12.8,0.6,-1.5,-2.0,-3.4,-3.1,-3.9,-3.5,-2.4,,,,,1.7,0.0,-1.7,3.0,1.3,1.3,1.3,1.4,1.4,1.4,,,,,6.2,4.2,-1.7,5.4,5.4,5.0,5.2,4.8,4.8,4.4,,,,,0.9,1.0,0.9,1.0,1.0,1.1,1.2,1.2,1.3,1.4,,,,,2.5,4.9,3.9,5.5,3.7,4.1,4.4,3.6,3.0,2.7,,,,,1.5999999999999996,-1.4999999999999996,-5.5,5.0,-0.6000000000000001,-0.20000000000000018,-0.20000000000000018,-0.2999999999999998,0.20000000000000018,-0.20000000000000018,,,,,1.4,-0.3999999999999999,-0.30000000000000004,0.5,0.10000000000000009,0.09999999999999987,0.3999999999999999,-0.10000000000000009,-0.09999999999999987,-0.10000000000000009,,,,,-0.20000000000000018,-0.2999999999999998,-0.2999999999999998,-0.5,-0.2999999999999998,-0.40000000000000036,-0.40000000000000036,-0.39999999999999947,-0.5,-0.40000000000000036,,,,,1.8000000000000003,-1.1,0.7999999999999998,1.1,-0.5,-0.30000000000000004,0.30000000000000004,0.30000000000000004,0.30000000000000004,0.19999999999999996,,,,,0.40000000000000013,-0.19999999999999996,0.0,0.8999999999999999,-0.2999999999999998,0.10000000000000009,0.30000000000000027,0.30000000000000027,0.10000000000000009,0.10000000000000009,,,,,2.0,-0.7999999999999998,0.2999999999999998,0.8999999999999999,-0.30000000000000004,-0.19999999999999996,0.30000000000000004,0.10000000000000009,-0.10000000000000009,0.0,,,,,0.7999999999999999,-0.09999999999999987,-0.10000000000000009,0.7,0.0,0.0,0.30000000000000004,0.19999999999999996,-0.09999999999999987,0.0,,,,,0.19999999999999996,1.2999999999999998,-2.3,-1.0,0.3999999999999999,0.0,-0.39999999999999947,-0.2999999999999998,-0.20000000000000018,-0.09999999999999964,,,,,0.09999999999999964,0.9000000000000004,-6.9,12.100000000000001,-4.6000000000000005,-1.5999999999999996,0.5000000000000004,-0.7000000000000002,-0.2999999999999998,-0.7000000000000002,,,,,-3.8999999999999986,-18.200000000000003,3.7,9.2,0.6000000000000005,2.8999999999999986,0.8999999999999986,1.700000000000001,0.7000000000000011,-0.1999999999999993,,,,,0.10000000000000009,-11.3,13.4,-2.2,1.0,-0.6999999999999997,0.10000000000000009,-0.5,0.5,1.6,,,,,1.2999999999999998,-1.7,-1.7,4.7,-0.09999999999999987,0.19999999999999996,0.10000000000000009,0.09999999999999987,0.09999999999999987,0.09999999999999987,,,,,3.1,-2.0,-5.9,5.6000000000000005,-0.5999999999999996,-0.20000000000000018,0.10000000000000053,-0.40000000000000036,0.09999999999999964,-0.1999999999999993,,,,,0.0,0.09999999999999998,-0.09999999999999998,0.09999999999999998,0.0,0.0,0.09999999999999987,0.0,0.10000000000000009,0.09999999999999987,,,,,0.6000000000000001,2.4000000000000004,-1.0000000000000004,1.0,0.10000000000000009,-0.7000000000000002,0.8000000000000003,-1.4,-1.2999999999999998,-0.6999999999999997,,,,
2014-09-10,,,-2.1,4.4,2.8,3.0,2.5,2.6,2.7,2.8,2.8,2.9,3.0,2.9,,,,2.1,1.6,1.6,1.9,1.7,1.6,1.6,1.9,1.8,1.7,1.6,,,6.7,6.2,6.1,5.9,5.7,5.6,5.5,5.4,5.3,5.3,5.2,5.1,,,,3.0,1.4,1.0,1.9,1.9,1.8,1.8,1.9,1.9,1.9,1.9,,,,2.5,1.7,1.9,2.1,2.2,2.1,2.1,2.2,2.2,2.1,2.1,,,1.4,2.3,1.3,0.9,1.6,1.6,1.5,1.4,1.7,1.7,1.6,1.5,,,1.2,2.0,1.5,1.4,1.7,1.7,1.6,1.5,1.9,1.8,1.6,1.6,,,,2.5,2.0,3.4,3.3,3.0,2.9,3.0,2.9,2.9,2.8,2.7,,,,9.5,6.1,4.1,1.0,2.1,2.7,3.2,3.8,3.6,3.3,3.2,,,,8.6,9.9,11.8,9.7,11.9,12.1,10.4,10.7,11.1,11.4,9.6,,,,-0.9,-4.3,-2.5,-3.1,-4.0,-3.7,-2.5,-1.0,-2.0,-0.6,-0.9,,,,3.4,1.2,1.3,1.4,1.5,1.5,1.5,1.6,1.7,1.9,2.0,,,-0.8,6.6,4.5,4.6,4.4,4.3,4.4,4.5,4.7,4.7,4.7,4.6,,,,1.0,1.1,1.1,1.2,1.2,1.3,1.3,1.3,1.4,1.4,1.5,,,,5.5,3.0,3.2,3.5,3.6,2.5,2.2,3.4,3.2,3.0,2.9,,,0.7999999999999998,0.9000000000000004,-0.8000000000000003,-0.2999999999999998,-0.7999999999999998,-0.3999999999999999,-0.3999999999999999,0.0,,,,,,,,0.30000000000000004,-0.19999999999999996,-0.09999999999999987,0.0,0.0,0.0,0.10000000000000009,,,,,,,0.0,0.0,0.09999999999999964,0.10000000000000053,0.10000000000000053,0.1999999999999993,0.2999999999999998,0.3000000000000007,,,,,,,,0.0,-0.6000000000000001,-0.7,0.09999999999999987,0.09999999999999987,0.0,0.0,,,,,,,,0.0,-0.40000000000000013,-0.20000000000000018,-0.10000000000000009,0.0,0.0,0.0,,,,,,,0.0,0.0,-0.3999999999999999,-0.4,0.10000000000000009,0.10000000000000009,0.10000000000000009,0.0,,,,,,,0.0,0.10000000000000009,-0.30000000000000004,-0.10000000000000009,0.0,-0.10000000000000009,0.0,0.0,,,,,,,,0.3999999999999999,-1.4,-0.30000000000000027,-0.40000000000000036,-0.5,-0.3999999999999999,-0.20000000000000018,,,,,,,,-1.8000000000000007,1.8999999999999995,1.0999999999999996,-3.4000000000000004,-1.9999999999999996,-1.7000000000000002,-0.7999999999999998,,,,,,,,4.199999999999999,5.0,0.6000000000000014,-0.5,-2.5,-3.3000000000000007,-4.6,,,,,,,,0.6,-2.3,0.8999999999999999,0.0,-0.10000000000000009,-0.20000000000000018,-0.10000000000000009,,,,,,,,0.3999999999999999,-0.10000000000000009,0.0,0.09999999999999987,0.10000000000000009,0.10000000000000009,0.10000000000000009,,,,,,,0.8999999999999999,1.1999999999999993,-0.9000000000000004,-0.40000000000000036,-0.7999999999999998,-0.5,-0.39999999999999947,0.09999999999999964,,,,,,,,0.0,0.10000000000000009,0.0,0.0,0.0,0.0,-0.09999999999999987,,,,,,,,0.0,-0.7000000000000002,-0.8999999999999995,-0.9000000000000004,0.0,-0.5,-0.5,,,,
2014-10-22,,-2.1,4.6,2.7,3.0,2.3,2.3,2.4,2.4,2.5,2.6,2.7,2.7,,,,2.1,1.4,1.2,1.6,1.7,1.7,1.6,1.9,1.8,1.7,1.6,,,6.7,6.2,6.1,5.8,5.7,5.6,5.5,5.5,5.4,5.4,5.4,5.3,,,,3.0,1.1,-0.6,0.9,1.9,1.9,1.9,1.9,2.0,1.9,1.9,,,,2.5,1.3,1.6,2.0,2.0,2.0,2.0,2.1,2.1,2.0,2.0,,,1.4,2.3,1.2,-0.2,0.9,1.5,1.5,1.5,1.7,1.7,1.6,1.5,,,1.2,2.0,1.4,1.2,1.5,1.5,1.6,1.5,1.7,1.7,1.6,1.6,,,,2.5,1.9,3.4,3.0,3.0,3.0,2.9,2.8,2.8,2.7,2.6,,,,9.7,6.7,3.7,0.1,0.9,2.2,2.9,2.9,3.1,2.9,2.6,,,,8.8,8.0,5.5,6.1,12.4,10.5,9.3,10.4,9.8,9.6,9.1,,,,-0.9,2.1,-6.2,-2.9,-4.0,-3.8,-3.8,-1.2,-1.9,-0.6,-1.8,,,,3.4,1.2,1.4,1.4,1.5,1.5,1.5,1.6,1.7,1.9,2.0,,,-0.8,6.8,4.1,4.2,3.9,4.1,4.2,4.1,4.5,4.4,4.4,4.4,,,,1.0,1.0,1.0,1.1,1.1,1.2,1.2,1.3,1.3,1.4,1.4,,,,5.5,3.2,4.0,2.1,3.0,2.1,1.7,3.0,2.8,2.7,2.6,,,,6.699999999999999,-1.7000000000000002,0.20000000000000018,-0.7000000000000002,-0.20000000000000018,-0.20000000000000018,-0.30000000000000027,-0.2999999999999998,-0.19999999999999973,-0.19999999999999973,-0.2999999999999998,,,,,-0.7000000000000002,-0.40000000000000013,0.0,-0.19999999999999996,0.0,0.0,0.2999999999999998,-0.09999999999999987,-0.10000000000000009,-0.09999999999999987,,,,-0.5,-0.10000000000000053,-0.2999999999999998,-0.20000000000000018,-0.10000000000000053,-0.09999999999999964,0.0,0.0,0.10000000000000053,0.10000000000000053,0.09999999999999964,,,,,-1.9,-2.0,-0.09999999999999998,0.0,0.0,0.09999999999999987,0.09999999999999987,0.10000000000000009,0.0,0.0,,,,,-1.2,-0.09999999999999987,0.10000000000000009,-0.10000000000000009,-0.20000000000000018,-0.10000000000000009,0.0,-0.10000000000000009,-0.20000000000000018,-0.10000000000000009,,,,0.8999999999999999,-1.0999999999999999,-1.5,0.0,-0.10000000000000009,-0.10000000000000009,0.0,0.30000000000000004,0.0,-0.09999999999999987,-0.10000000000000009,,,,0.8,-0.6000000000000001,-0.30000000000000004,0.10000000000000009,-0.19999999999999996,-0.09999999999999987,-0.10000000000000009,0.19999999999999996,-0.19999999999999996,-0.19999999999999996,0.0,,,,,-0.6000000000000001,1.4,-0.3999999999999999,-0.2999999999999998,0.0,0.0,-0.20000000000000018,-0.10000000000000009,-0.19999999999999973,-0.19999999999999973,,,,,-2.8,-2.3999999999999995,-3.9999999999999996,-0.09999999999999998,0.10000000000000009,0.19999999999999973,-0.30000000000000027,-0.6999999999999997,-0.7000000000000002,-0.6999999999999997,,,,,-0.5999999999999996,-4.4,-5.700000000000001,2.700000000000001,-1.4000000000000004,-2.799999999999999,0.0,-0.8999999999999986,-1.5,-2.3000000000000007,,,,,3.0,-1.9000000000000004,-0.3999999999999999,-0.8999999999999999,0.20000000000000018,-0.09999999999999964,1.3,-0.8999999999999999,1.4,-1.2000000000000002,,,,,-2.2,0.19999999999999996,0.09999999999999987,0.10000000000000009,0.0,0.0,0.10000000000000009,0.09999999999999987,0.19999999999999996,0.10000000000000009,,,,7.6,-2.5,-0.2999999999999998,-0.6999999999999997,-0.3000000000000007,-0.09999999999999964,-0.3000000000000007,0.0,-0.2999999999999998,-0.2999999999999998,-0.2999999999999998,,,,,0.0,-0.10000000000000009,0.0,-0.09999999999999987,0.0,-0.10000000000000009,0.0,0.0,0.0,0.0,,,,,-2.3,1.0,-1.1,-0.5,-1.5,-0.8,0.7999999999999998,-0.6000000000000001,-0.5,-0.3999999999999999,
2014-12-10,,-2.1,4.6,4.1,2.2,2.4,2.4,2.6,2.8,2.8,2.8,2.7,2.7,,,,2.1,1.4,1.3,1.2,1.6,1.7,1.7,1.8,1.8,1.7,1.7,,,6.7,6.2,6.1,5.7,5.5,5.4,5.3,5.2,5.2,5.1,5.1,5.0,,,,3.0,1.1,-0.8,-1.3,1.8,2.1,2.1,2.1,2.1,2.1,2.1,,,,2.5,1.3,1.9,2.0,1.9,2.0,2.0,2.0,2.0,2.1,2.1,,,1.4,2.3,1.3,-0.1,-0.6,1.4,1.7,1.6,1.6,1.7,1.6,1.7,,,1.2,2.0,1.4,1.6,1.5,1.4,1.5,1.5,1.5,1.6,1.6,1.7,,,,2.5,2.2,3.4,3.5,3.6,3.7,3.7,3.6,3.4,3.3,3.0,,,,9.7,8.0,3.0,0.9,-0.3,1.8,3.6,3.8,3.9,3.7,3.1,,,,8.8,3.0,6.2,3.6,11.4,11.4,11.5,11.2,10.4,9.6,8.4,,,,-0.9,9.9,-7.4,-2.6,-3.2,-3.0,-2.5,-1.9,-1.0,-0.7,-1.4,,,,3.4,1.1,1.4,1.4,1.5,1.5,1.5,1.6,1.7,1.8,2.0,,,-0.8,6.8,5.6,3.6,3.6,4.0,4.4,4.5,4.6,4.6,4.5,4.5,,,,1.0,1.0,1.0,1.1,1.1,1.2,1.2,1.3,1.3,1.4,1.4,,,,5.7,3.3,5.1,4.0,2.0,1.5,1.4,2.8,2.9,2.7,2.5,,,0.0,0.0,1.3999999999999995,-0.7999999999999998,0.10000000000000009,0.10000000000000009,0.20000000000000018,0.3999999999999999,0.2999999999999998,0.19999999999999973,0.0,0.0,,,,0.0,0.0,0.10000000000000009,-0.40000000000000013,-0.09999999999999987,0.0,0.09999999999999987,-0.09999999999999987,0.0,0.0,0.09999999999999987,,,0.0,0.0,0.0,-0.09999999999999964,-0.20000000000000018,-0.1999999999999993,-0.20000000000000018,-0.2999999999999998,-0.20000000000000018,-0.3000000000000007,-0.3000000000000007,-0.2999999999999998,,,,0.0,0.0,-0.20000000000000007,-2.2,-0.09999999999999987,0.20000000000000018,0.20000000000000018,0.20000000000000018,0.10000000000000009,0.20000000000000018,0.20000000000000018,,,,0.0,0.0,0.2999999999999998,0.0,-0.10000000000000009,0.0,0.0,-0.10000000000000009,-0.10000000000000009,0.10000000000000009,0.10000000000000009,,,0.0,0.0,0.10000000000000009,0.1,-1.5,-0.10000000000000009,0.19999999999999996,0.10000000000000009,-0.09999999999999987,0.0,0.0,0.19999999999999996,,,0.0,0.0,0.0,0.40000000000000013,0.0,-0.10000000000000009,-0.10000000000000009,0.0,-0.19999999999999996,-0.09999999999999987,0.0,0.09999999999999987,,,,0.0,0.30000000000000027,0.0,0.5,0.6000000000000001,0.7000000000000002,0.8000000000000003,0.8000000000000003,0.6000000000000001,0.5999999999999996,0.3999999999999999,,,,0.0,1.2999999999999998,-0.7000000000000002,0.8,-1.2,-0.40000000000000013,0.7000000000000002,0.8999999999999999,0.7999999999999998,0.8000000000000003,0.5,,,,0.0,-5.0,0.7000000000000002,-2.4999999999999996,-1.0,0.9000000000000004,2.1999999999999993,0.7999999999999989,0.5999999999999996,0.0,-0.6999999999999993,,,,0.0,7.800000000000001,-1.2000000000000002,0.2999999999999998,0.7999999999999998,0.7999999999999998,1.2999999999999998,-0.7,0.8999999999999999,-0.09999999999999998,0.40000000000000013,,,,0.0,-0.09999999999999987,0.0,0.0,0.0,0.0,0.0,0.0,0.0,-0.09999999999999987,0.0,,,0.0,0.0,1.5,-0.6000000000000001,-0.2999999999999998,-0.09999999999999964,0.20000000000000018,0.40000000000000036,0.09999999999999964,0.1999999999999993,0.09999999999999964,0.09999999999999964,,,,0.0,0.0,0.0,0.0,0.0,0.0,0.0,0.0,0.0,0.0,0.0,,,,0.20000000000000018,0.09999999999999964,1.0999999999999996,1.9,-1.0,-0.6000000000000001,-0.30000000000000004,-0.20000000000000018,0.10000000000000009,0.0,-0.10000000000000009,
2015-01-21,-2.1,4.6,5.0,2.6,2.8,2.7,2.8,2.9,2.8,2.7,2.7,2.7,,,,2.1,1.4,0.6,0.6,1.4,1.8,1.7,1.9,1.8,1.7,1.8,,,6.6,6.2,6.1,5.7,5.4,5.3,5.2,5.1,5.0,5.0,4.9,4.9,,,,3.0,1.1,-1.2,-4.2,1.6,2.4,2.2,2.2,2.2,2.2,2.2,,,,2.5,1.3,1.4,1.4,2.0,2.0,2.0,2.0,2.0,2.1,2.1,,,1.4,2.3,1.2,-0.5,-2.5,1.1,1.9,1.7,1.8,1.7,1.7,1.7,,,1.2,2.0,1.4,1.1,1.1,1.3,1.5,1.5,1.6,1.6,1.6,1.6,,,,2.5,3.2,3.8,4.1,4.4,4.0,3.9,3.8,3.5,3.4,2.8,,,,9.7,8.9,3.5,1.9,0.8,2.0,5.1,4.0,4.2,3.9,3.2,,,,8.8,3.2,3.7,7.2,11.1,12.7,13.3,12.4,10.2,8.2,6.1,,,,-0.9,9.9,-11.1,-1.1,-1.9,-1.7,-2.5,-2.0,-0.9,-0.7,-1.4,,,,3.4,1.1,0.8,1.4,1.4,1.7,1.7,1.8,1.9,2.1,2.2,,,-0.8,6.8,6.4,3.2,3.4,4.2,4.6,4.7,4.7,4.5,4.5,4.5,,,,1.0,1.0,1.1,1.1,1.1,1.2,1.3,1.3,1.3,1.4,1.4,,,,5.7,4.1,5.6,4.5,0.9,1.1,1.1,3.0,3.2,2.5,1.4,,,,6.699999999999999,0.40000000000000036,-1.4999999999999996,0.5999999999999996,0.30000000000000027,0.3999999999999999,0.2999999999999998,0.0,-0.09999999999999964,-0.09999999999999964,0.0,,,,,-0.7000000000000002,-0.7999999999999999,-0.7000000000000001,0.19999999999999996,0.19999999999999996,0.0,0.19999999999999996,0.0,-0.10000000000000009,0.10000000000000009,,,,-0.5,-0.10000000000000053,-0.39999999999999947,-0.2999999999999998,-0.20000000000000018,-0.20000000000000018,-0.20000000000000018,-0.20000000000000018,-0.20000000000000018,-0.1999999999999993,-0.1999999999999993,,,,,-1.9,-2.3,-3.4000000000000004,2.9000000000000004,0.5999999999999999,0.10000000000000009,0.10000000000000009,0.10000000000000009,0.10000000000000009,0.10000000000000009,,,,,-1.2,0.09999999999999987,-0.5,0.0,0.10000000000000009,0.0,0.0,0.0,0.10000000000000009,0.0,,,,0.8999999999999999,-1.0999999999999999,-1.8,-2.4,1.7000000000000002,0.5,0.0,0.19999999999999996,0.09999999999999987,0.0,0.09999999999999987,,,,0.8,-0.6000000000000001,-0.2999999999999998,-0.5,-0.19999999999999996,0.10000000000000009,0.0,0.10000000000000009,0.10000000000000009,0.0,0.0,,,,,0.7000000000000002,1.5999999999999996,0.6999999999999997,0.9000000000000004,0.3999999999999999,0.19999999999999973,0.09999999999999964,-0.10000000000000009,0.0,-0.5,,,,,-0.7999999999999989,-4.5,-1.1,-0.09999999999999998,2.3,3.3,0.3999999999999999,0.40000000000000036,0.0,-0.5,,,,,-5.6000000000000005,0.7000000000000002,1.0,7.5,1.299999999999999,1.9000000000000004,0.9000000000000004,-1.0,-2.200000000000001,-3.5,,,,,10.8,-21.0,6.300000000000001,0.7000000000000002,1.5000000000000002,0.5,0.5,0.9999999999999999,0.30000000000000004,-0.7,,,,,-2.3,-0.30000000000000004,0.0,0.0,0.19999999999999996,0.19999999999999996,0.30000000000000004,0.2999999999999998,0.40000000000000013,0.40000000000000013,,,,7.6,-0.39999999999999947,-2.3999999999999995,-0.20000000000000018,0.6000000000000001,0.5999999999999996,0.2999999999999998,0.20000000000000018,-0.09999999999999964,-0.09999999999999964,0.0,,,,,0.0,0.10000000000000009,0.10000000000000009,0.0,0.09999999999999987,0.10000000000000009,0.10000000000000009,0.0,0.09999999999999987,0.0,,,,,-1.6000000000000005,2.3,-0.5999999999999996,-3.1,-0.8999999999999999,-0.3999999999999999,1.6,0.40000000000000036,-0.3999999999999999,-1.3000000000000003,,
2015-03-11,-2.1,4.6,5.0,2.1,1.7,2.6,2.3,2.4,2.3,2.2,2.3,2.3,,,,2.1,1.4,0.1,-0.1,2.2,1.6,1.7,1.9,1.7,1.7,1.7,,,6.6,6.2,6.1,5.7,5.5,5.3,5.2,5.2,5.1,5.1,5.1,5.1,,,,2.4,1.2,-0.9,-3.1,1.7,2.0,2.1,2.1,2.1,2.1,2.1,,,,2.2,1.4,1.5,1.5,1.8,1.9,2.0,2.0,2.0,2.0,2.1,,,1.4,2.3,1.2,-0.4,-2.0,1.3,1.5,1.6,1.6,1.7,1.7,1.7,,,1.2,2.0,1.4,1.1,0.8,1.4,1.4,1.5,1.5,1.6,1.6,1.6,,,,2.5,3.2,4.2,3.5,4.4,3.9,3.8,3.6,3.6,3.1,2.7,,,,9.7,8.9,4.4,0.7,1.5,1.1,3.8,3.7,3.5,3.7,3.0,,,,8.8,3.2,4.5,1.4,8.5,12.2,15.2,12.6,10.6,8.8,6.9,,,,-0.9,9.9,-7.5,-3.6,-2.0,-1.9,-1.6,-2.1,-1.8,0.8,-1.9,,,,3.4,1.1,1.6,1.0,1.4,1.7,1.7,1.8,2.0,2.1,2.2,,,-0.8,6.8,6.4,2.1,1.7,4.8,3.9,4.1,4.2,4.0,4.0,4.0,,,,1.0,1.0,1.1,1.1,1.1,1.2,1.2,1.3,1.3,1.4,1.4,,,,5.7,4.1,4.3,1.8,1.7,0.4,0.6,2.4,2.8,1.8,1.1,,,0.0,0.0,0.0,-0.5,-1.0999999999999999,-0.10000000000000009,-0.5,-0.5,-0.5,-0.5,-0.40000000000000036,-0.40000000000000036,,,,0.0,0.0,-0.5,-0.7,0.8000000000000003,-0.19999999999999996,0.0,0.0,-0.10000000000000009,0.0,-0.10000000000000009,,,0.0,0.0,0.0,0.0,0.09999999999999964,0.0,0.0,0.10000000000000053,0.09999999999999964,0.09999999999999964,0.1999999999999993,0.1999999999999993,,,,-0.6000000000000001,0.09999999999999987,0.29999999999999993,1.1,0.09999999999999987,-0.3999999999999999,-0.10000000000000009,-0.10000000000000009,-0.10000000000000009,-0.10000000000000009,-0.10000000000000009,,,,-0.2999999999999998,0.09999999999999987,0.10000000000000009,0.10000000000000009,-0.19999999999999996,-0.10000000000000009,0.0,0.0,0.0,-0.10000000000000009,0.0,,,0.0,0.0,0.0,0.09999999999999998,0.5,0.19999999999999996,-0.3999999999999999,-0.09999999999999987,-0.19999999999999996,0.0,0.0,0.0,,,0.0,0.0,0.0,0.0,-0.30000000000000004,0.09999999999999987,-0.10000000000000009,0.0,-0.10000000000000009,0.0,0.0,0.0,,,,0.0,0.0,0.40000000000000036,-0.5999999999999996,0.0,-0.10000000000000009,-0.10000000000000009,-0.19999999999999973,0.10000000000000009,-0.2999999999999998,-0.09999999999999964,,,,0.0,0.0,0.9000000000000004,-1.2,0.7,-0.8999999999999999,-1.2999999999999998,-0.2999999999999998,-0.7000000000000002,-0.19999999999999973,-0.20000000000000018,,,,0.0,0.0,0.7999999999999998,-5.800000000000001,-2.5999999999999996,-0.5,1.8999999999999986,0.1999999999999993,0.40000000000000036,0.6000000000000014,0.8000000000000007,,,,0.0,0.0,3.5999999999999996,-2.5,-0.10000000000000009,-0.19999999999999996,0.8999999999999999,-0.10000000000000009,-0.9,1.5,-0.5,,,,0.0,0.0,0.8,-0.3999999999999999,0.0,0.0,0.0,0.0,0.10000000000000009,0.0,0.0,,,0.0,0.0,0.0,-1.1,-1.7,0.5999999999999996,-0.6999999999999997,-0.6000000000000005,-0.5,-0.5,-0.5,-0.5,,,,0.0,0.0,0.0,0.0,0.0,0.0,-0.10000000000000009,0.0,0.0,0.0,0.0,,,,0.0,0.0,-1.2999999999999998,-2.7,0.7999999999999999,-0.7000000000000001,-0.5000000000000001,-0.6000000000000001,-0.40000000000000036,-0.7,-0.2999999999999998,,
2015-04-22,4.6,5.0,2.2,0.1,2.4,2.4,2.4,2.4,2.3,2.4,2.5,,,,2.1,1.4,0.1,0.3,2.2,1.3,1.7,1.9,1.7,1.7,1.7,,,,6.2,6.1,5.7,5.6,5.4,5.3,5.3,5.3,5.2,5.2,5.2,,,,2.4,1.2,-0.9,-3.1,2.0,1.9,2.0,2.1,2.0,2.0,2.0,,,,2.2,1.4,1.5,1.7,2.2,1.8,1.9,2.0,2.0,2.0,2.0,,,,2.3,1.2,-0.4,-2.0,1.5,1.5,1.6,1.6,1.6,1.6,1.6,,,,2.0,1.4,1.1,0.8,1.6,1.4,1.4,1.6,1.6,1.6,1.5,,,,2.5,3.2,4.4,1.9,4.2,4.2,4.0,3.7,3.6,3.1,2.7,,,,9.7,8.9,4.7,-4.3,-1.9,1.0,3.6,3.3,3.2,3.4,3.2,,,,8.8,3.2,3.8,1.8,1.1,9.6,12.9,12.6,12.7,11.4,9.3,,,,-0.9,9.9,-7.3,-3.8,-2.1,-1.8,-1.6,-2.1,-1.8,0.8,-1.9,,,,3.4,1.1,1.6,-1.4,3.5,1.4,1.6,1.8,1.9,2.0,2.2,,,,6.8,6.4,2.4,0.3,4.6,3.7,4.2,4.3,4.1,4.2,4.2,,,,1.0,1.0,1.1,1.0,1.0,1.1,1.2,1.2,1.3,1.4,1.4,,,,5.7,4.1,4.6,-1.0,-0.8,0.7,0.6,2.4,2.9,2.0,1.5,,,,6.699999999999999,0.40000000000000036,-2.8,-2.0,0.7,-0.20000000000000018,0.10000000000000009,0.0,0.0,0.19999999999999973,0.20000000000000018,,,,,-0.7000000000000002,-1.2999999999999998,0.19999999999999998,2.3000000000000003,-0.9000000000000001,0.09999999999999987,0.19999999999999996,-0.19999999999999996,0.0,0.0,,,,-0.39999999999999947,-0.10000000000000053,-0.39999999999999947,-0.10000000000000053,-0.09999999999999964,0.0,0.09999999999999964,0.09999999999999964,0.10000000000000053,0.10000000000000053,0.10000000000000053,,,,,-1.2,-2.1,-2.2,5.1,0.19999999999999996,0.0,0.0,-0.10000000000000009,-0.10000000000000009,-0.10000000000000009,,,,,-0.8000000000000003,0.10000000000000009,0.19999999999999996,0.7000000000000002,0.0,0.0,0.0,0.0,0.0,0.0,,,,0.8999999999999999,-1.0999999999999999,-1.6,-1.6,3.5,0.19999999999999996,0.10000000000000009,0.0,0.0,-0.09999999999999987,-0.09999999999999987,,,,0.8,-0.6000000000000001,-0.2999999999999998,-0.30000000000000004,0.8,0.0,0.0,0.10000000000000009,0.10000000000000009,0.0,-0.10000000000000009,,,,,0.7000000000000002,1.2000000000000002,-2.3000000000000003,0.7000000000000002,-0.20000000000000018,0.10000000000000009,-0.09999999999999964,0.0,-0.5,-0.3999999999999999,,,,,-0.7999999999999989,-4.2,-8.7,-2.5999999999999996,-0.5,2.5,-0.5,-0.5,-0.10000000000000009,-0.5,,,,,-5.6000000000000005,0.5999999999999996,-2.7,-0.2999999999999998,1.0999999999999996,0.7000000000000011,-2.5999999999999996,0.09999999999999964,0.8000000000000007,0.5,,,,,10.8,-17.2,3.7,1.5,0.19999999999999996,0.2999999999999998,-0.5,0.30000000000000004,2.6,-2.7,,,,,-2.3,0.5,-3.0,2.5,0.0,-0.09999999999999987,0.10000000000000009,0.09999999999999987,0.0,0.10000000000000009,,,,7.6,-0.39999999999999947,-4.0,-1.8,2.8999999999999995,-1.0999999999999996,0.30000000000000027,0.20000000000000018,-0.10000000000000053,0.20000000000000018,0.20000000000000018,,,,,0.0,0.10000000000000009,-0.10000000000000009,-0.10000000000000009,0.0,0.0,0.0,0.0,0.09999999999999987,0.0,,,,,-1.6000000000000005,0.5,-5.3,-2.6,-1.0,0.19999999999999996,1.7999999999999998,0.5,-0.7999999999999998,-0.30000000000000004,,,
2015-06-10,4.6,5.0,2.2,-0.5,2.5,1.9,2.3,2.3,2.5,2.5,2.4,,,,2.1,1.4,0.1,-0.1,2.5,1.1,1.2,1.9,1.7,1.7,1.6,,,,6.2,6.1,5.7,5.6,5.5,5.4,5.3,5.3,5.3,5.3,5.2,,,,2.4,1.2,-0.9,-3.1,3.0,1.7,1.4,2.0,2.0,2.0,2.0,,,,2.2,1.4,1.5,1.7,2.6,1.9,1.7,2.0,2.0,2.0,2.0,,,,2.3,1.2,-0.4,-2.0,1.9,1.4,1.2,1.6,1.6,1.6,1.6,,,,2.0,1.4,1.1,0.8,1.6,1.5,1.3,1.6,1.6,1.6,1.5,,,,2.5,3.2,4.4,1.8,2.8,3.4,3.5,3.6,3.5,3.3,2.8,,,,9.7,8.9,4.7,-2.8,1.0,2.0,3.6,3.3,3.9,3.8,3.6,,,,8.8,3.2,3.8,6.3,11.3,6.8,6.2,11.6,13.1,12.4,10.8,,,,-0.9,9.9,-7.3,0.1,-1.6,-1.5,-1.2,-1.2,-2.4,0.8,-2.0,,,,3.4,1.1,1.6,-1.1,3.2,1.5,1.6,1.8,1.9,2.0,2.1,,,,6.8,6.4,2.4,-0.6,5.0,3.0,3.6,4.2,4.1,4.2,4.0,,,,1.0,1.0,1.1,1.0,1.1,1.1,1.2,1.2,1.3,1.3,1.4,,,,5.7,4.1,4.6,-0.7,-1.8,1.3,-0.5,1.2,2.6,1.8,1.7,,,,0.0,0.0,0.0,-0.6,0.10000000000000009,-0.5,-0.10000000000000009,-0.10000000000000009,0.20000000000000018,0.10000000000000009,-0.10000000000000009,,,,0.0,0.0,0.0,-0.4,0.2999999999999998,-0.19999999999999996,-0.5,0.0,0.0,0.0,-0.09999999999999987,,,,0.0,0.0,0.0,0.0,0.09999999999999964,0.10000000000000053,0.0,0.0,0.09999999999999964,0.09999999999999964,0.0,,,,0.0,0.0,0.0,0.0,1.0,-0.19999999999999996,-0.6000000000000001,-0.10000000000000009,0.0,0.0,0.0,,,,0.0,0.0,0.0,0.0,0.3999999999999999,0.09999999999999987,-0.19999999999999996,0.0,0.0,0.0,0.0,,,,0.0,0.0,0.0,0.0,0.3999999999999999,-0.10000000000000009,-0.40000000000000013,0.0,0.0,0.0,0.0,,,,0.0,0.0,0.0,0.0,0.0,0.10000000000000009,-0.09999999999999987,0.0,0.0,0.0,0.0,,,,0.0,0.0,0.0,-0.09999999999999987,-1.4000000000000004,-0.8000000000000003,-0.5,-0.10000000000000009,-0.10000000000000009,0.19999999999999973,0.09999999999999964,,,,0.0,0.0,0.0,1.5,2.9,1.0,0.0,0.0,0.6999999999999997,0.3999999999999999,0.3999999999999999,,,,0.0,0.0,0.0,4.5,10.200000000000001,-2.8,-6.7,-1.0,0.40000000000000036,1.0,1.5,,,,0.0,0.0,0.0,3.9,0.5,0.30000000000000004,0.40000000000000013,0.9000000000000001,-0.5999999999999999,0.0,-0.10000000000000009,,,,0.0,0.0,0.0,0.2999999999999998,-0.2999999999999998,0.10000000000000009,0.0,0.0,0.0,0.0,-0.10000000000000009,,,,0.0,0.0,0.0,-0.8999999999999999,0.40000000000000036,-0.7000000000000002,-0.6000000000000001,-0.09999999999999964,0.0,0.0,-0.20000000000000018,,,,0.0,0.0,0.0,0.0,0.10000000000000009,0.0,0.0,0.0,0.0,-0.09999999999999987,0.0,,,,0.0,0.0,0.0,0.30000000000000004,-1.0,0.6000000000000001,-1.1,-1.2,-0.2999999999999998,-0.19999999999999996,0.19999999999999996,,,
2015-07-22,5.0,2.2,-0.2,2.4,1.7,2.3,2.3,2.3,2.3,2.3,,,,,1.4,0.1,0.0,2.3,1.7,0.4,1.8,1.7,1.6,1.6,,,,,6.1,5.7,5.6,5.4,5.3,5.2,5.2,5.2,5.2,5.2,,,,,1.2,-0.9,-3.1,3.0,1.6,0.1,2.1,2.0,2.1,2.1,,,,,1.4,1.5,1.7,2.5,1.9,1.7,2.0,2.0,2.0,2.0,,,,,1.2,-0.4,-2.0,2.0,1.2,0.2,1.7,1.6,1.6,1.6,,,,,1.4,1.1,0.8,1.7,1.4,1.3,1.6,1.6,1.5,1.5,,,,,3.2,4.4,2.1,2.8,2.9,3.3,3.4,3.3,3.2,3.1,,,,,8.9,4.7,-2.0,2.5,2.6,3.1,2.6,4.0,3.8,3.6,,,,,3.2,3.8,6.5,8.4,5.8,5.0,11.7,12.9,11.4,10.4,,,,,9.9,-7.3,0.0,-1.1,-1.4,-0.7,-1.6,-1.1,-0.6,-1.4,,,,,1.1,1.6,-1.0,2.4,1.2,1.4,1.5,1.6,1.7,1.7,,,,,6.4,2.4,-0.2,4.7,3.4,2.7,4.2,4.0,4.0,4.0,,,,,1.0,1.1,1.0,1.1,1.1,1.1,1.2,1.3,1.4,1.4,,,,,3.9,4.7,-0.2,-1.7,1.2,0.0,1.2,2.7,2.1,1.9,,,,,0.40000000000000036,-2.8,-2.4000000000000004,2.9,-0.8,0.3999999999999999,0.0,0.0,-0.20000000000000018,-0.20000000000000018,,,,,-0.7000000000000002,-1.2999999999999998,-0.1,2.4,-0.8,-0.7000000000000001,0.6000000000000001,-0.19999999999999996,-0.09999999999999987,-0.09999999999999987,,,,,-0.10000000000000053,-0.39999999999999947,-0.10000000000000053,-0.1999999999999993,-0.20000000000000018,-0.20000000000000018,-0.09999999999999964,-0.09999999999999964,-0.09999999999999964,-0.09999999999999964,,,,,-1.2,-2.1,-2.2,6.1,-1.4,-1.5999999999999999,0.7000000000000002,0.0,0.10000000000000009,0.10000000000000009,,,,,-0.8000000000000003,0.10000000000000009,0.19999999999999996,0.8,-0.7000000000000002,-0.19999999999999996,0.30000000000000004,0.0,0.0,0.0,,,,,-1.0999999999999999,-1.6,-1.6,4.0,-0.7,-1.2,0.5,0.0,0.0,0.0,,,,,-0.6000000000000001,-0.2999999999999998,-0.30000000000000004,0.8999999999999999,-0.20000000000000018,-0.19999999999999996,0.30000000000000004,0.0,-0.10000000000000009,-0.10000000000000009,,,,,0.7000000000000002,1.2000000000000002,-2.3000000000000003,0.9999999999999998,0.10000000000000009,-0.10000000000000009,-0.10000000000000009,-0.30000000000000027,-0.2999999999999998,-0.19999999999999973,,,,,-0.7999999999999989,-4.2,-6.7,5.3,1.6,1.1,-1.0,0.7000000000000002,-0.10000000000000009,-0.19999999999999973,,,,,-5.6000000000000005,0.5999999999999996,2.7,2.1000000000000005,-5.500000000000001,-1.7999999999999998,5.499999999999999,1.3000000000000007,-1.6999999999999993,-2.0,,,,,10.8,-17.2,7.3,-1.2000000000000002,0.20000000000000018,0.8,-0.40000000000000013,0.09999999999999987,1.7999999999999998,-2.2,,,,,-2.3,0.5,-2.6,3.5,-2.0,-0.10000000000000009,-0.10000000000000009,-0.19999999999999996,-0.19999999999999996,-0.30000000000000004,,,,,-0.39999999999999947,-4.0,-2.6,5.3,-1.6,-0.2999999999999998,0.6000000000000001,-0.20000000000000018,-0.09999999999999964,-0.20000000000000018,,,,,0.0,0.10000000000000009,-0.10000000000000009,0.10000000000000009,0.0,0.0,0.0,0.10000000000000009,0.09999999999999987,0.09999999999999987,,,,,-1.8000000000000003,0.6000000000000005,-4.8,-1.0,3.0,-1.3,1.7,1.5000000000000002,-0.5,0.09999999999999987,,,,
2015-09-09,,,0.6,3.7,1.9,1.9,2.1,1.9,1.9,2.4,1.8,1.9,1.9,2.3,,,,2.1,1.9,0.0,1.7,1.7,1.6,1.6,2.0,1.8,1.7,1.7,,,5.6,5.4,5.2,5.0,5.0,5.0,4.9,4.9,4.9,4.8,4.8,4.8,,,,3.0,1.7,-0.7,1.9,2.0,2.1,2.1,2.1,2.1,2.1,2.1,,,,2.5,1.8,1.6,2.0,2.0,2.0,2.0,2.1,2.1,2.1,2.0,,,-1.9,2.2,1.2,-0.4,1.5,1.6,1.5,1.5,1.8,1.8,1.7,1.7,,,1.0,1.8,1.2,1.2,1.5,1.5,1.4,1.4,1.7,1.7,1.6,1.6,,,,3.1,2.8,2.9,3.1,3.3,3.2,3.1,3.0,2.6,2.5,2.4,,,,3.6,5.0,4.5,3.8,4.7,3.8,3.8,3.2,2.6,3.0,3.6,,,,9.2,7.4,2.0,7.9,11.4,11.1,10.1,11.1,8.0,5.7,4.5,,,,0.0,-1.7,-1.6,-1.1,-1.0,-1.2,-0.9,-1.0,-0.8,-0.9,-0.6,,,,4.4,1.1,1.0,0.7,2.7,1.4,1.3,1.1,3.0,1.7,1.4,,,0.8,5.9,3.8,1.9,3.9,3.6,3.5,4.0,3.9,3.7,3.7,4.0,,,,1.2,1.2,1.1,1.2,1.3,1.3,1.4,1.4,1.5,1.5,1.5,,,,-2.4,2.7,-1.3,1.2,2.2,2.2,3.0,3.0,2.3,2.1,2.0,,,0.8,1.3000000000000003,0.19999999999999996,-0.3999999999999999,-0.19999999999999973,-0.3999999999999999,-0.3999999999999999,0.10000000000000009,,,,,,,,-0.19999999999999973,0.19999999999999996,-0.4,-0.10000000000000009,0.0,0.0,0.0,,,,,,,0.0,0.0,-0.09999999999999964,-0.20000000000000018,-0.20000000000000018,-0.20000000000000018,-0.2999999999999998,-0.2999999999999998,,,,,,,,0.0,0.09999999999999987,-0.7999999999999999,-0.20000000000000018,0.0,0.0,0.0,,,,,,,,0.0,-0.09999999999999987,-0.09999999999999987,0.0,0.0,0.0,0.0,,,,,,,0.10000000000000009,0.20000000000000018,0.0,-0.6000000000000001,-0.19999999999999996,0.0,-0.10000000000000009,-0.10000000000000009,,,,,,,0.19999999999999996,0.10000000000000009,-0.19999999999999996,-0.10000000000000009,-0.10000000000000009,-0.10000000000000009,-0.10000000000000009,-0.10000000000000009,,,,,,,,0.30000000000000027,-0.10000000000000009,-0.3999999999999999,-0.2999999999999998,0.0,0.0,0.0,,,,,,,,1.1,2.4,1.4,1.1999999999999997,0.7000000000000002,0.0,0.19999999999999973,,,,,,,,0.7999999999999989,1.6000000000000005,-3.0,-3.799999999999999,-1.5,-0.3000000000000007,-0.3000000000000007,,,,,,,,1.1,-0.30000000000000004,-0.9000000000000001,0.5,0.10000000000000009,-0.6,0.4999999999999999,,,,,,,,2.0000000000000004,-0.09999999999999987,-0.3999999999999999,-0.8,1.1,-0.30000000000000004,-0.3999999999999999,,,,,,,1.0,1.2000000000000002,0.3999999999999999,-0.8000000000000003,-0.30000000000000027,-0.3999999999999999,-0.5,0.0,,,,,,,,0.09999999999999987,0.09999999999999987,0.0,0.0,0.0,-0.09999999999999987,0.0,,,,,,,,-0.7,1.5000000000000002,-1.3,0.0,-0.5,0.10000000000000009,1.1,,,,
2015-10-21,,0.6,3.9,1.4,2.1,2.0,2.5,2.2,2.2,1.8,2.2,1.9,2.1,,,,2.1,1.6,0.9,0.8,1.7,1.7,1.6,2.0,1.8,1.8,1.8,,,5.6,5.4,5.1,5.0,5.0,4.9,4.9,4.9,4.8,4.8,4.8,4.7,,,,3.0,1.6,0.2,0.9,2.1,2.1,2.1,2.2,2.2,2.1,2.1,,,,2.5,1.7,1.7,2.0,2.0,2.0,2.0,2.1,2.1,2.1,2.1,,,-1.9,2.2,1.3,0.4,0.8,1.6,1.6,1.5,1.8,1.8,1.7,1.7,,,1.0,1.9,1.4,1.4,1.5,1.5,1.4,1.4,1.7,1.7,1.6,1.6,,,,3.6,3.2,2.8,3.2,3.2,3.2,3.2,2.8,2.6,2.4,2.6,,,,4.1,6.4,4.0,3.6,4.7,4.9,3.7,2.4,2.8,2.6,2.7,,,,9.3,7.4,0.9,11.5,14.5,10.2,8.5,8.5,6.0,5.0,2.1,,,,0.0,-1.8,-1.5,-1.0,-1.0,-1.7,-0.4,-1.0,-0.8,-0.9,-0.6,,,,4.3,2.2,1.2,0.7,2.8,1.4,1.3,1.1,3.0,1.7,1.4,,,0.8,6.1,2.9,3.0,2.8,4.3,3.8,3.9,3.9,4.1,3.7,3.9,,,,1.2,1.2,1.2,1.3,1.3,1.4,1.4,1.4,1.5,1.5,1.5,,,,-2.4,1.8,-2.2,1.6,2.4,2.3,2.6,2.8,2.5,2.1,1.9,,,,3.3,-2.3000000000000003,0.20000000000000018,0.10000000000000009,0.3999999999999999,0.30000000000000027,0.30000000000000027,-0.5999999999999999,0.40000000000000013,0.0,0.20000000000000018,,,,,-0.5,-0.9999999999999999,0.8,0.0,0.0,0.0,0.3999999999999999,-0.19999999999999996,0.0,0.10000000000000009,,,,-0.1999999999999993,-0.3000000000000007,-0.20000000000000018,0.0,-0.09999999999999964,-0.09999999999999964,0.0,-0.10000000000000053,-0.10000000000000053,0.0,-0.09999999999999964,,,,,-1.4,-1.5,1.6,0.20000000000000018,0.10000000000000009,0.0,0.10000000000000009,0.10000000000000009,0.0,0.0,,,,,-0.8,-0.10000000000000009,0.3999999999999999,0.0,0.0,0.0,0.10000000000000009,0.0,0.0,0.0,,,,4.1,-0.9000000000000001,-0.7999999999999999,1.2000000000000002,0.10000000000000009,0.0,0.0,0.30000000000000004,0.0,-0.10000000000000009,0.0,,,,0.8999999999999999,-0.40000000000000013,0.19999999999999996,0.30000000000000004,0.0,-0.10000000000000009,0.0,0.30000000000000004,0.0,-0.09999999999999987,0.0,,,,,0.10000000000000009,0.0,0.30000000000000027,0.10000000000000009,-0.09999999999999964,0.0,-0.30000000000000027,-0.3999999999999999,-0.20000000000000018,0.10000000000000009,,,,,2.8000000000000003,-1.0,-0.8999999999999999,0.9000000000000004,0.20000000000000018,-0.09999999999999964,-1.4,-0.40000000000000036,0.0,-0.2999999999999998,,,,,-1.799999999999999,-6.5,9.5,6.6,-1.200000000000001,-2.5999999999999996,-1.5999999999999996,-5.1,-3.0,-3.6,,,,,-1.8,0.19999999999999996,0.6000000000000001,0.10000000000000009,-0.7,0.7999999999999999,-0.09999999999999998,0.19999999999999996,-0.09999999999999998,0.30000000000000004,,,,,-2.2,0.09999999999999987,-0.30000000000000004,2.0999999999999996,-1.3000000000000003,-0.09999999999999987,-0.19999999999999996,1.9,-1.3,-0.30000000000000004,,,,5.3,-3.0000000000000004,-0.7999999999999998,0.8999999999999999,0.3999999999999999,0.19999999999999973,0.3999999999999999,-0.10000000000000009,0.19999999999999973,0.0,0.19999999999999973,,,,,0.0,0.0,0.19999999999999996,0.10000000000000009,0.09999999999999987,0.09999999999999987,0.0,0.10000000000000009,0.0,0.0,,,,,4.2,-4.9,2.9000000000000004,1.2,0.09999999999999964,0.3999999999999999,-0.20000000000000018,-0.5,-0.19999999999999973,-0.20000000000000018,
2015-12-09,,0.6,3.9,2.1,1.7,2.1,2.6,2.7,2.7,1.7,2.1,2.2,2.1,,,,2.1,1.3,0.8,0.4,1.5,1.7,1.7,2.0,1.9,1.8,1.8,,,5.6,5.4,5.1,5.0,4.9,4.8,4.8,4.7,4.7,4.6,4.6,4.6,,,,3.0,1.6,0.2,-0.1,2.1,2.3,2.3,2.4,2.3,2.3,2.3,,,,2.5,1.7,2.1,2.0,2.0,2.1,2.1,2.2,2.2,2.2,2.2,,,-1.9,2.2,1.3,0.0,0.0,1.5,1.6,1.6,1.8,1.8,1.8,1.8,,,1.0,1.9,1.3,1.2,1.4,1.4,1.4,1.4,1.7,1.7,1.7,1.7,,,,3.6,3.0,2.4,3.4,3.6,3.6,3.5,3.2,2.9,2.7,2.6,,,,4.1,3.3,4.6,1.6,4.2,5.0,4.4,3.0,2.9,2.6,2.5,,,,9.3,8.5,5.0,5.7,8.4,5.8,6.8,8.3,8.1,7.8,7.0,,,,0.0,0.1,0.4,6.9,1.8,0.6,0.4,0.4,-0.2,-0.3,-1.8,,,,4.3,2.9,0.5,0.7,2.8,1.4,1.3,1.1,3.0,1.7,1.4,,,0.8,6.1,3.4,2.5,2.5,4.2,4.4,4.4,3.8,4.0,4.1,4.0,,,,1.2,1.2,1.1,1.2,1.2,1.3,1.3,1.4,1.4,1.4,1.5,,,,-2.3,2.7,-2.0,1.8,2.1,1.8,2.4,2.5,2.2,1.9,2.2,,,0.0,0.0,0.7000000000000002,-0.40000000000000013,0.10000000000000009,0.10000000000000009,0.5,0.5,-0.10000000000000009,-0.10000000000000009,0.30000000000000027,0.0,,,,0.0,-0.30000000000000004,-0.09999999999999998,-0.4,-0.19999999999999996,0.0,0.09999999999999987,0.0,0.09999999999999987,0.0,0.0,,,0.0,0.0,0.0,0.0,-0.09999999999999964,-0.10000000000000053,-0.10000000000000053,-0.20000000000000018,-0.09999999999999964,-0.20000000000000018,-0.20000000000000018,-0.10000000000000053,,,,0.0,0.0,0.0,-1.0,0.0,0.19999999999999973,0.19999999999999973,0.19999999999999973,0.09999999999999964,0.19999999999999973,0.19999999999999973,,,,0.0,0.0,0.40000000000000013,0.0,0.0,0.10000000000000009,0.10000000000000009,0.10000000000000009,0.10000000000000009,0.10000000000000009,0.10000000000000009,,,0.0,0.0,0.0,-0.4,-0.8,-0.10000000000000009,0.0,0.10000000000000009,0.0,0.0,0.10000000000000009,0.10000000000000009,,,0.0,0.0,-0.09999999999999987,-0.19999999999999996,-0.10000000000000009,-0.10000000000000009,0.0,0.0,0.0,0.0,0.09999999999999987,0.09999999999999987,,,,0.0,-0.20000000000000018,-0.3999999999999999,0.19999999999999973,0.3999999999999999,0.3999999999999999,0.2999999999999998,0.40000000000000036,0.2999999999999998,0.30000000000000027,0.0,,,,0.0,-3.1000000000000005,0.5999999999999996,-2.0,-0.5,0.09999999999999964,0.7000000000000002,0.6000000000000001,0.10000000000000009,0.0,-0.20000000000000018,,,,0.0,1.0999999999999996,4.1,-5.8,-6.1,-4.3999999999999995,-1.7000000000000002,-0.1999999999999993,2.0999999999999996,2.8,4.9,,,,0.0,1.9000000000000001,1.9,7.9,2.8,2.3,0.8,1.4,0.6000000000000001,0.6000000000000001,-1.2000000000000002,,,,0.0,0.6999999999999997,-0.7,0.0,0.0,0.0,0.0,0.0,0.0,0.0,0.0,,,0.0,0.0,0.5,-0.5,-0.2999999999999998,-0.09999999999999964,0.6000000000000005,0.5000000000000004,-0.10000000000000009,-0.09999999999999964,0.39999999999999947,0.10000000000000009,,,,0.0,0.0,-0.09999999999999987,-0.10000000000000009,-0.10000000000000009,-0.09999999999999987,-0.09999999999999987,0.0,-0.10000000000000009,-0.10000000000000009,0.0,,,,0.10000000000000009,0.9000000000000001,0.20000000000000018,0.19999999999999996,-0.2999999999999998,-0.4999999999999998,-0.20000000000000018,-0.2999999999999998,-0.2999999999999998,-0.20000000000000018,0.30000000000000027,
2016-01-20,0.6,3.9,2.0,0.4,2.1,2.4,2.7,2.6,1.8,2.0,2.2,2.1,,,,2.1,1.3,0.8,-0.1,0.6,1.6,1.6,2.0,1.8,1.8,1.7,,,5.5,5.4,5.1,5.0,4.9,4.8,4.8,4.7,4.7,4.7,4.6,4.6,,,,3.0,1.6,0.2,-1.3,1.0,2.2,2.3,2.3,2.3,2.3,2.3,,,,2.5,1.7,2.1,1.9,2.0,2.0,2.0,2.1,2.2,2.2,2.2,,,-1.9,2.2,1.3,0.1,-0.9,0.7,1.5,1.5,1.8,1.8,1.7,1.7,,,1.0,1.9,1.4,1.2,1.2,1.4,1.3,1.3,1.6,1.6,1.5,1.5,,,,3.6,3.0,1.7,3.1,3.3,3.4,3.3,3.1,3.1,2.8,2.7,,,,4.1,2.6,3.0,-0.3,4.2,4.5,4.2,3.2,3.1,2.6,2.3,,,,9.3,8.2,6.1,8.8,7.0,11.1,6.1,6.4,7.7,8.0,6.7,,,,0.0,0.2,0.4,7.3,2.0,0.6,0.0,0.6,0.1,-0.1,-2.7,,,,4.3,2.8,-0.8,0.7,2.8,1.4,1.3,1.1,3.0,1.7,1.4,,,0.8,6.1,3.3,1.1,2.0,3.1,4.3,4.2,3.8,3.9,3.9,3.9,,,,1.2,1.2,1.1,1.2,1.2,1.3,1.4,1.4,1.5,1.5,1.5,,,,-2.3,2.8,-3.4,0.6,2.3,1.1,1.6,2.4,1.6,1.3,1.6,,,,3.3,-1.9,-1.7000000000000002,0.40000000000000013,0.2999999999999998,0.10000000000000009,-0.10000000000000009,-0.9000000000000001,0.30000000000000004,0.10000000000000009,-0.10000000000000009,,,,,-0.8,-0.5,-0.9,0.19999999999999996,0.10000000000000009,-0.09999999999999987,0.30000000000000004,-0.19999999999999996,-0.09999999999999987,-0.10000000000000009,,,,-0.1999999999999993,-0.3000000000000007,-0.09999999999999964,-0.09999999999999964,-0.10000000000000053,0.0,-0.09999999999999964,0.0,0.0,0.0,0.0,,,,,-1.4,-1.4000000000000001,-1.5,1.1,0.10000000000000009,0.0,0.0,-0.10000000000000009,0.0,0.0,,,,,-0.8,0.40000000000000013,-0.20000000000000018,0.0,0.0,-0.10000000000000009,0.0,0.0,0.0,0.0,,,,4.1,-0.9000000000000001,-1.2,-0.9,0.7,0.0,-0.10000000000000009,0.19999999999999996,0.0,-0.10000000000000009,-0.10000000000000009,,,,0.8999999999999999,-0.5,-0.10000000000000009,0.0,0.0,-0.09999999999999987,-0.09999999999999987,0.20000000000000018,-0.09999999999999987,-0.19999999999999996,-0.19999999999999996,,,,,-0.6000000000000001,-1.3,0.7000000000000002,-0.10000000000000009,-0.20000000000000018,-0.30000000000000027,-0.3999999999999999,-0.10000000000000009,-0.10000000000000009,0.0,,,,,-1.4999999999999996,-0.2999999999999998,-4.8999999999999995,2.6,0.2999999999999998,-0.7999999999999998,-1.2000000000000002,0.10000000000000009,-0.2999999999999998,-0.30000000000000027,,,,,-1.1000000000000014,-2.4000000000000004,3.8000000000000007,1.2999999999999998,2.6999999999999993,0.2999999999999998,-0.39999999999999947,-0.6000000000000005,-0.09999999999999964,-1.0999999999999996,,,,,0.2,0.30000000000000004,6.8999999999999995,-4.9,-1.2000000000000002,-0.6,0.19999999999999996,-0.30000000000000004,0.1,-2.4000000000000004,,,,,-1.5,-3.7,0.19999999999999996,2.0999999999999996,-1.4,-0.09999999999999987,-0.19999999999999996,1.9,-1.3,-0.30000000000000004,,,,5.3,-2.8,-2.3,-0.5,0.6000000000000001,0.09999999999999964,-0.20000000000000018,-0.6000000000000005,0.10000000000000009,-0.10000000000000009,-0.19999999999999973,,,,,0.0,-0.09999999999999987,0.09999999999999987,0.0,0.10000000000000009,0.09999999999999987,0.09999999999999987,0.10000000000000009,0.10000000000000009,0.10000000000000009,,,,,5.1,-6.1,2.6,0.4999999999999998,-1.0,-0.19999999999999996,0.0,-0.8999999999999999,-0.9000000000000001,-0.2999999999999998,,
2016-03-09,0.6,3.9,2.0,1.2,1.9,2.0,2.4,2.4,1.8,2.3,2.3,2.3,,,,2.1,1.3,0.9,0.5,0.8,1.4,1.4,1.9,1.7,1.7,1.7,,,5.5,5.4,5.1,5.0,4.9,4.9,4.8,4.8,4.7,4.6,4.6,4.5,,,,2.4,1.4,0.8,-0.4,1.8,2.2,2.1,2.2,2.1,2.1,2.1,,,,2.3,1.8,2.2,2.5,2.1,1.9,1.9,2.0,2.1,2.1,2.1,,,-1.9,2.2,1.3,0.4,0.1,1.3,1.4,1.3,1.7,1.7,1.6,1.6,,,1.0,1.9,1.4,1.3,1.9,1.5,1.2,1.2,1.6,1.6,1.5,1.5,,,,3.6,3.0,2.0,3.1,3.1,2.8,2.6,2.9,2.9,2.9,2.8,,,,4.1,2.6,-1.9,-1.1,3.1,3.4,3.4,3.1,3.4,3.5,3.3,,,,9.3,8.2,10.2,11.0,5.5,10.0,11.7,8.0,6.7,4.1,3.2,,,,0.0,0.2,2.2,5.4,3.1,3.2,-0.7,-0.5,-0.6,0.5,-0.8,,,,4.3,2.8,-1.2,2.0,1.1,1.3,1.2,0.9,2.9,1.6,1.2,,,0.8,6.1,3.3,2.1,2.4,2.8,3.8,3.8,3.7,4.1,4.0,4.0,,,,1.2,1.2,1.1,1.1,1.2,1.3,1.3,1.4,1.4,1.5,1.5,,,,-2.3,2.7,-3.3,-0.2,1.4,1.0,2.0,2.8,2.0,1.3,1.6,,,0.0,0.0,0.0,0.7999999999999999,-0.20000000000000018,-0.3999999999999999,-0.30000000000000027,-0.20000000000000018,0.0,0.2999999999999998,0.09999999999999964,0.19999999999999973,,,,0.0,0.0,0.09999999999999998,0.6,0.20000000000000007,-0.20000000000000018,-0.20000000000000018,-0.10000000000000009,-0.10000000000000009,-0.10000000000000009,0.0,,,0.0,0.0,0.0,0.0,0.0,0.10000000000000053,0.0,0.09999999999999964,0.0,-0.10000000000000053,0.0,-0.09999999999999964,,,,-0.6000000000000001,-0.20000000000000018,0.6000000000000001,0.9,0.8,0.0,-0.19999999999999973,-0.09999999999999964,-0.19999999999999973,-0.19999999999999973,-0.19999999999999973,,,,-0.20000000000000018,0.10000000000000009,0.10000000000000009,0.6000000000000001,0.10000000000000009,-0.10000000000000009,-0.10000000000000009,-0.10000000000000009,-0.10000000000000009,-0.10000000000000009,-0.10000000000000009,,,0.0,0.0,0.0,0.30000000000000004,1.0,0.6000000000000001,-0.10000000000000009,-0.19999999999999996,-0.10000000000000009,-0.10000000000000009,-0.09999999999999987,-0.09999999999999987,,,0.0,0.0,0.0,0.10000000000000009,0.7,0.10000000000000009,-0.10000000000000009,-0.10000000000000009,0.0,0.0,0.0,0.0,,,,0.0,0.0,0.30000000000000004,0.0,-0.19999999999999973,-0.6000000000000001,-0.6999999999999997,-0.20000000000000018,-0.20000000000000018,0.10000000000000009,0.09999999999999964,,,,0.0,0.0,-4.9,-0.8,-1.1,-1.1,-0.8000000000000003,-0.10000000000000009,0.2999999999999998,0.8999999999999999,1.0,,,,0.0,0.0,4.1,2.1999999999999993,-1.5,-1.0999999999999996,5.6,1.5999999999999996,-1.0,-3.9000000000000004,-3.5,,,,0.0,0.0,1.8000000000000003,-1.8999999999999995,1.1,2.6,-0.7,-1.1,-0.7,0.6,1.9000000000000001,,,,0.0,0.0,-0.3999999999999999,1.3,-1.6999999999999997,-0.09999999999999987,-0.10000000000000009,-0.20000000000000007,-0.10000000000000009,-0.09999999999999987,-0.19999999999999996,,,0.0,0.0,0.0,1.0,0.3999999999999999,-0.30000000000000027,-0.5,-0.40000000000000036,-0.09999999999999964,0.19999999999999973,0.10000000000000009,0.10000000000000009,,,,0.0,0.0,0.0,-0.09999999999999987,0.0,0.0,-0.09999999999999987,0.0,-0.10000000000000009,0.0,0.0,,,,0.0,-0.09999999999999964,0.10000000000000009,-0.8,-0.8999999999999999,-0.10000000000000009,0.3999999999999999,0.3999999999999999,0.3999999999999999,0.0,0.0,,
2016-04-20,3.9,2.0,1.4,0.4,2.2,2.5,2.8,2.0,2.6,2.4,2.6,,,,2.1,1.3,0.9,0.5,0.7,0.8,1.4,1.9,1.7,1.7,1.7,,,,5.4,5.1,5.0,4.9,4.9,4.8,4.8,4.7,4.6,4.5,4.4,,,,2.4,1.4,0.8,-0.3,1.7,1.7,2.2,2.3,2.2,2.2,2.1,,,,2.3,1.8,2.2,2.7,2.0,2.0,1.9,2.1,2.2,2.1,2.0,,,,2.2,1.3,0.3,0.2,1.3,1.3,1.5,1.8,1.7,1.6,1.6,,,,1.9,1.4,1.3,1.9,1.5,1.4,1.3,1.7,1.6,1.6,1.5,,,,3.6,3.0,2.4,1.8,3.0,2.9,2.9,3.0,3.0,2.9,2.9,,,,4.1,2.6,-2.1,-3.7,1.4,3.6,3.7,3.3,3.3,3.8,3.9,,,,9.3,8.2,10.1,12.8,2.5,12.5,11.5,8.7,6.3,5.6,4.2,,,,0.0,0.2,2.3,-0.4,4.0,3.9,2.6,0.6,0.6,0.3,-1.1,,,,4.3,2.8,-1.2,3.0,1.2,1.0,1.0,0.9,2.8,1.6,1.2,,,,6.1,3.3,2.3,0.9,2.9,3.3,4.3,3.9,4.4,4.1,4.4,,,,1.2,1.2,1.1,1.1,1.2,1.3,1.4,1.4,1.4,1.5,1.5,,,,-2.7,1.5,-3.3,-2.2,0.3,0.6,2.1,2.2,1.9,1.5,2.0,,,,3.3,-1.9,-0.6000000000000001,-0.7999999999999999,0.30000000000000027,0.5,0.3999999999999999,-0.3999999999999999,0.8,0.10000000000000009,0.30000000000000027,,,,,-0.8,-0.4,-0.4,0.19999999999999996,0.0,0.0,0.5,-0.19999999999999996,0.0,0.0,,,,-0.09999999999999964,-0.3000000000000007,-0.09999999999999964,-0.09999999999999964,0.0,-0.10000000000000053,0.0,-0.09999999999999964,-0.10000000000000053,-0.09999999999999964,-0.1999999999999993,,,,,-1.0,-0.5999999999999999,-1.1,2.1,-0.10000000000000009,0.0,0.19999999999999973,0.0,0.10000000000000009,0.0,,,,,-0.4999999999999998,0.40000000000000013,0.5,-0.5,-0.10000000000000009,0.0,0.20000000000000018,0.20000000000000018,0.0,-0.10000000000000009,,,,4.1,-0.9000000000000001,-1.0,-0.2,1.2,0.0,0.10000000000000009,0.5,0.0,-0.09999999999999987,0.0,,,,0.8999999999999999,-0.5,-0.09999999999999987,0.5999999999999999,-0.3999999999999999,-0.10000000000000009,0.10000000000000009,0.5,0.0,0.0,0.0,,,,,-0.6000000000000001,-0.6000000000000001,-0.19999999999999996,-0.10000000000000009,-0.20000000000000018,0.10000000000000009,0.3999999999999999,0.10000000000000009,0.0,0.0,,,,,-1.4999999999999996,-4.7,-1.8000000000000003,2.5,0.5,0.30000000000000027,-0.10000000000000009,0.19999999999999973,0.3999999999999999,0.3999999999999999,,,,,-1.1000000000000014,1.9000000000000004,2.6000000000000014,-8.5,7.0,1.5,-3.0,-1.7000000000000002,-1.1000000000000005,0.10000000000000053,,,,,0.2,2.0999999999999996,-2.6,-1.4000000000000004,0.7999999999999998,-0.6000000000000001,1.2999999999999998,1.1,0.8999999999999999,-1.6,,,,,-1.5,-4.0,4.2,-0.8,-0.10000000000000009,-0.30000000000000004,-0.29999999999999993,1.9,-1.2999999999999998,-0.40000000000000013,,,,5.3,-2.8,-1.0,-1.2000000000000002,0.5,0.5,0.5,0.10000000000000009,0.7000000000000002,0.0,0.40000000000000036,,,,,0.0,-0.09999999999999987,0.0,0.09999999999999987,0.10000000000000009,0.09999999999999987,0.09999999999999987,0.0,0.10000000000000009,0.0,,,,,3.8,-6.0,1.0999999999999996,0.5,-0.7999999999999999,1.1,0.20000000000000018,-0.8999999999999999,-0.5,0.7,,,
2016-06-08,3.9,2.0,1.4,1.2,1.9,2.1,2.4,1.9,2.6,2.4,2.8,,,,2.1,1.3,0.9,0.6,1.5,0.9,1.4,1.9,1.7,1.7,1.6,,,,5.4,5.1,5.0,4.9,4.8,4.8,4.8,4.8,4.7,4.6,4.5,,,,2.4,1.4,0.8,-0.3,2.7,2.1,1.9,2.3,2.2,2.2,2.2,,,,2.3,1.8,2.2,2.7,2.0,2.0,1.9,2.1,2.2,2.2,2.3,,,,2.2,1.3,0.3,0.3,2.0,1.4,1.3,1.8,1.7,1.6,1.6,,,,1.9,1.4,1.3,2.1,1.6,1.3,1.3,1.7,1.6,1.6,1.5,,,,3.6,3.0,2.4,1.9,3.4,2.7,2.5,2.7,2.7,2.7,2.7,,,,4.1,2.6,-2.1,-6.1,-0.6,2.8,3.8,3.1,3.0,3.9,3.9,,,,9.3,8.2,10.1,16.4,3.5,3.4,4.0,7.4,9.6,9.5,8.6,,,,0.0,0.2,2.3,-1.6,3.0,3.8,2.7,1.0,1.1,0.6,-0.5,,,,4.3,2.8,-1.2,3.2,-0.4,1.4,1.5,0.9,2.8,1.5,1.2,,,,6.1,3.3,2.3,1.9,3.4,3.1,3.9,3.8,4.4,4.1,4.4,,,,1.2,1.2,1.1,1.1,1.1,1.2,1.3,1.3,1.4,1.4,1.4,,,,-2.7,1.5,-3.3,-1.6,0.0,1.1,0.9,0.9,1.5,1.4,2.3,,,,0.0,0.0,0.0,0.7999999999999999,-0.30000000000000027,-0.3999999999999999,-0.3999999999999999,-0.10000000000000009,0.0,0.0,0.19999999999999973,,,,0.0,0.0,0.0,0.09999999999999998,0.8,0.09999999999999998,0.0,0.0,0.0,0.0,-0.09999999999999987,,,,0.0,0.0,0.0,0.0,-0.10000000000000053,0.0,0.0,0.09999999999999964,0.10000000000000053,0.09999999999999964,0.09999999999999964,,,,0.0,0.0,0.0,0.0,1.0000000000000002,0.40000000000000013,-0.30000000000000027,0.0,0.0,0.0,0.10000000000000009,,,,0.0,0.0,0.0,0.0,0.0,0.0,0.0,0.0,0.0,0.10000000000000009,0.2999999999999998,,,,0.0,0.0,0.0,0.09999999999999998,0.7,0.09999999999999987,-0.19999999999999996,0.0,0.0,0.0,0.0,,,,0.0,0.0,0.0,0.20000000000000018,0.10000000000000009,-0.09999999999999987,0.0,0.0,0.0,0.0,0.0,,,,0.0,0.0,0.0,0.09999999999999987,0.3999999999999999,-0.19999999999999973,-0.3999999999999999,-0.2999999999999998,-0.2999999999999998,-0.19999999999999973,-0.19999999999999973,,,,0.0,0.0,0.0,-2.3999999999999995,-2.0,-0.8000000000000003,0.09999999999999964,-0.19999999999999973,-0.2999999999999998,0.10000000000000009,0.0,,,,0.0,0.0,0.0,3.599999999999998,1.0,-9.1,-7.5,-1.299999999999999,3.3,3.9000000000000004,4.3999999999999995,,,,0.0,0.0,0.0,-1.2000000000000002,-1.0,-0.10000000000000009,0.10000000000000009,0.4,0.5000000000000001,0.3,0.6000000000000001,,,,0.0,0.0,0.0,0.20000000000000018,-1.6,0.3999999999999999,0.5,0.0,0.0,-0.10000000000000009,0.0,,,,0.0,0.0,0.0,0.9999999999999999,0.5,-0.19999999999999973,-0.3999999999999999,-0.10000000000000009,0.0,0.0,0.0,,,,0.0,0.0,0.0,0.0,-0.09999999999999987,-0.10000000000000009,-0.09999999999999987,-0.09999999999999987,0.0,-0.10000000000000009,-0.10000000000000009,,,,0.0,0.0,0.0,0.6000000000000001,-0.3,0.5000000000000001,-1.2000000000000002,-1.3000000000000003,-0.3999999999999999,-0.10000000000000009,0.2999999999999998,,,
2016-07-20,2.0,1.4,1.1,1.8,1.9,2.1,2.1,2.6,2.5,2.8,,,,,1.3,0.9,0.4,1.7,0.9,1.6,2.0,1.8,1.7,1.7,,,,,5.1,5.0,4.9,4.9,4.9,4.9,4.9,4.8,4.7,4.6,,,,,1.4,0.8,-0.3,2.5,1.7,2.0,2.3,2.2,2.2,2.3,,,,,1.8,2.2,2.7,2.1,2.1,1.9,2.1,2.2,2.2,2.3,,,,,1.3,0.3,0.2,1.9,1.1,1.4,1.8,1.7,1.6,1.6,,,,,1.4,1.3,2.0,1.7,1.4,1.3,1.7,1.6,1.6,1.5,,,,,3.0,2.4,1.5,4.2,2.8,2.4,2.8,2.8,2.8,2.8,,,,,2.6,-2.1,-4.5,-2.8,3.1,3.2,2.9,3.5,3.6,4.2,,,,,8.2,10.1,15.6,-3.5,-0.7,1.3,7.0,8.3,10.3,9.6,,,,,0.2,2.3,-1.6,-0.7,3.7,3.2,2.2,2.0,1.3,-0.1,,,,,2.8,-1.2,3.2,-1.4,1.5,1.4,0.7,2.6,1.3,1.0,,,,,3.3,2.3,1.4,3.5,2.9,3.7,4.1,4.5,4.3,4.6,,,,,1.2,1.1,1.2,1.2,1.2,1.2,1.2,1.3,1.3,1.4,,,,,1.5,-3.3,-1.8,-1.0,0.9,0.4,0.8,1.1,1.2,1.9,,,,,-1.9,-0.6000000000000001,-0.2999999999999998,0.6000000000000001,0.0,0.0,-0.2999999999999998,0.7000000000000002,-0.10000000000000009,0.3999999999999999,,,,,-0.8,-0.4,-0.5,1.1,-0.6,0.7000000000000001,0.6000000000000001,-0.09999999999999987,0.0,0.0,,,,,-0.3000000000000007,-0.09999999999999964,-0.09999999999999964,0.0,0.10000000000000053,0.10000000000000053,0.10000000000000053,0.0,0.0,0.0,,,,,-1.0,-0.5999999999999999,-1.1,2.8,-1.0000000000000002,-0.10000000000000009,0.3999999999999999,-0.09999999999999964,0.0,0.09999999999999964,,,,,-0.4999999999999998,0.40000000000000013,0.5,-0.6000000000000001,0.10000000000000009,-0.10000000000000009,0.20000000000000018,0.10000000000000009,0.0,0.09999999999999964,,,,,-0.9000000000000001,-1.0,-0.09999999999999998,1.5999999999999999,-0.8999999999999999,0.0,0.5,-0.10000000000000009,-0.09999999999999987,0.0,,,,,-0.5,-0.09999999999999987,0.7,-0.40000000000000013,-0.20000000000000018,0.0,0.3999999999999999,-0.09999999999999987,0.0,-0.10000000000000009,,,,,-0.6000000000000001,-0.6000000000000001,-0.8999999999999999,2.3000000000000003,-0.6000000000000001,-0.30000000000000027,0.2999999999999998,0.09999999999999964,0.09999999999999964,0.09999999999999964,,,,,-1.4999999999999996,-4.7,-2.4,3.3,3.7,0.40000000000000036,-0.8999999999999999,0.3999999999999999,0.6000000000000001,0.30000000000000027,,,,,-1.1000000000000014,1.9000000000000004,5.5,-19.9,-4.2,-2.0999999999999996,3.0,0.9000000000000004,0.7000000000000011,0.09999999999999964,,,,,0.2,2.0999999999999996,-3.9,0.9000000000000001,0.7000000000000002,-0.5999999999999996,-0.5,1.0,0.19999999999999996,-0.7,,,,,-1.5,-4.0,4.4,-4.6,1.9,0.0,-0.8,1.7000000000000002,-1.4999999999999998,-0.5,,,,,-2.8,-1.0,-0.8999999999999999,1.6,-0.5,0.6000000000000001,0.19999999999999973,0.7000000000000002,-0.10000000000000053,0.5,,,,,0.0,-0.09999999999999987,0.09999999999999987,0.09999999999999987,0.09999999999999987,0.0,-0.10000000000000009,0.0,-0.09999999999999987,0.0,,,,,4.2,-4.8,1.4999999999999998,0.6000000000000001,0.9,-0.7000000000000001,-0.09999999999999998,0.20000000000000007,-0.30000000000000004,0.5,,,,
2016-09-14,,,0.8,1.4,2.7,2.4,2.3,2.3,2.4,2.6,2.2,1.9,1.8,1.9,,,,2.3,1.2,1.4,1.9,1.8,1.7,1.7,2.1,2.0,1.9,1.9,,,4.9,4.9,4.9,4.9,4.8,4.7,4.6,4.5,4.4,4.3,4.3,4.3,,,,2.5,1.6,2.1,2.1,2.3,2.2,2.2,2.3,2.3,2.3,2.3,,,,2.1,1.9,2.2,2.2,2.2,2.2,2.2,2.3,2.3,2.3,2.3,,,0.3,2.0,1.1,1.4,1.6,1.7,1.6,1.5,1.9,1.9,1.8,1.8,,,2.1,1.8,1.3,1.4,1.7,1.6,1.5,1.5,1.9,1.9,1.8,1.8,,,,4.4,3.0,2.2,2.7,2.7,2.7,2.7,2.5,2.5,2.4,2.4,,,,-0.1,2.3,5.1,2.0,2.7,3.0,3.1,3.0,2.5,1.8,1.7,,,,-7.8,-5.0,-1.3,6.0,7.6,8.1,8.3,6.2,5.0,4.0,3.2,,,,-0.3,3.1,3.0,2.4,1.9,1.3,0.6,0.4,-0.4,-0.6,-1.3,,,,-2.2,0.8,2.7,1.5,1.4,1.4,1.4,1.2,1.2,1.2,1.2,,,1.3,3.8,3.9,3.8,4.2,4.2,4.1,4.3,4.3,4.0,3.8,3.8,,,,1.2,1.1,1.2,1.2,1.2,1.3,1.3,1.4,1.4,1.4,1.4,,,,-0.7,1.9,-0.9,0.7,0.9,0.8,1.5,1.5,1.1,1.1,1.0,,,-0.30000000000000004,-0.40000000000000013,0.8000000000000003,0.2999999999999998,0.19999999999999973,-0.30000000000000027,-0.10000000000000009,-0.19999999999999973,,,,,,,,0.5999999999999999,0.29999999999999993,-0.20000000000000018,-0.10000000000000009,0.0,0.0,0.0,,,,,,,0.0,0.0,0.0,0.0,-0.10000000000000053,-0.09999999999999964,-0.10000000000000053,-0.09999999999999964,,,,,,,,0.0,-0.09999999999999987,0.10000000000000009,-0.19999999999999973,0.09999999999999964,0.0,-0.09999999999999964,,,,,,,,0.0,-0.20000000000000018,0.30000000000000027,0.10000000000000009,0.0,0.0,-0.09999999999999964,,,,,,,0.09999999999999998,0.10000000000000009,0.0,0.0,-0.19999999999999996,0.0,0.0,-0.10000000000000009,,,,,,,0.10000000000000009,0.10000000000000009,-0.09999999999999987,0.09999999999999987,0.0,0.0,-0.10000000000000009,0.0,,,,,,,,0.20000000000000018,0.20000000000000018,-0.19999999999999973,-0.09999999999999964,-0.09999999999999964,-0.09999999999999964,-0.09999999999999964,,,,,,,,2.6999999999999997,-0.8000000000000003,1.8999999999999995,-0.8999999999999999,-0.7999999999999998,-0.6000000000000001,-1.1,,,,,,,,-4.3,-4.3,-2.6,-1.0,-0.7000000000000011,-2.200000000000001,-1.299999999999999,,,,,,,,0.39999999999999997,-0.6000000000000001,-0.20000000000000018,0.19999999999999973,-0.10000000000000009,0.0,0.7,,,,,,,,-0.8000000000000003,-0.7,1.3000000000000003,0.8,-1.2000000000000002,0.09999999999999987,0.3999999999999999,,,,,,,-0.09999999999999987,0.2999999999999998,1.0,0.09999999999999964,0.10000000000000053,-0.2999999999999998,-0.20000000000000018,-0.2999999999999998,,,,,,,,0.0,-0.09999999999999987,0.0,0.0,-0.10000000000000009,0.0,-0.09999999999999987,,,,,,,,0.30000000000000004,0.9999999999999999,-1.3,-0.10000000000000009,-0.20000000000000007,-0.3999999999999999,-0.3999999999999999,,,,
2016-10-26,,0.8,1.4,2.5,2.1,2.2,2.2,2.2,2.2,2.2,1.9,1.8,1.8,,,,2.3,1.3,2.2,1.8,1.8,1.8,1.7,2.0,2.0,1.9,1.9,,,4.9,4.9,4.9,4.9,4.8,4.8,4.7,4.6,4.6,4.5,4.5,4.4,,,,2.5,1.6,3.2,2.2,2.3,2.3,2.2,2.3,2.3,2.3,2.3,,,,2.1,1.9,2.1,2.4,2.3,2.3,2.2,2.3,2.3,2.3,2.3,,,0.3,2.0,1.4,2.2,1.7,1.8,1.7,1.6,1.9,1.9,1.8,1.8,,,2.1,1.8,1.6,1.5,1.8,1.8,1.6,1.6,1.9,1.9,1.8,1.8,,,,4.3,2.6,1.8,2.5,2.6,2.5,2.5,2.5,2.4,2.4,2.4,,,,1.0,3.0,4.3,1.7,2.2,3.3,3.4,2.7,2.7,1.8,1.5,,,,-7.7,-6.3,0.3,6.2,9.1,8.3,7.3,5.9,4.8,4.8,3.7,,,,-0.4,2.9,2.9,2.5,1.9,1.3,0.7,0.4,-0.3,-0.6,-1.3,,,,-2.5,-1.2,2.7,1.4,1.3,1.3,1.3,1.2,1.2,1.2,1.2,,,1.3,3.7,3.8,4.3,4.1,4.1,4.1,4.0,4.2,3.9,3.8,3.8,,,,1.2,1.1,1.2,1.2,1.2,1.3,1.3,1.4,1.4,1.4,1.4,,,,-0.8,1.8,-1.0,0.3,0.9,1.1,1.4,1.3,1.1,1.1,1.0,,,,0.5999999999999999,1.1,-0.6000000000000001,-0.19999999999999973,-0.09999999999999964,-0.09999999999999964,-0.19999999999999973,-0.3999999999999999,-0.30000000000000027,-0.09999999999999987,0.0,,,,,-0.9999999999999998,1.0000000000000002,0.40000000000000013,-0.09999999999999987,0.0,0.0,0.30000000000000004,-0.10000000000000009,-0.10000000000000009,0.0,,,,0.0,0.0,0.0,-0.10000000000000053,0.0,0.0,0.0,0.09999999999999964,0.09999999999999964,0.20000000000000018,0.10000000000000053,,,,,-0.8999999999999999,1.6,0.10000000000000009,0.19999999999999973,0.0,0.0,0.09999999999999964,0.0,0.0,0.0,,,,,-0.20000000000000018,0.20000000000000018,0.19999999999999973,0.09999999999999964,0.09999999999999964,0.0,0.09999999999999964,0.0,0.0,0.0,,,,1.7,-0.6000000000000001,1.1,0.30000000000000004,0.19999999999999996,0.0,0.0,0.3999999999999999,0.0,-0.09999999999999987,0.0,,,,-0.30000000000000004,-0.19999999999999996,0.19999999999999996,0.40000000000000013,0.10000000000000009,0.0,0.10000000000000009,0.3999999999999999,0.0,-0.09999999999999987,0.0,,,,,-1.8000000000000003,-1.2,0.2999999999999998,-0.10000000000000009,-0.20000000000000018,-0.20000000000000018,-0.20000000000000018,-0.10000000000000009,-0.10000000000000009,0.0,,,,,3.1,2.0,-3.3999999999999995,0.20000000000000018,0.5999999999999996,0.3999999999999999,-0.3999999999999999,-0.2999999999999998,-0.7,-0.30000000000000004,,,,,1.5,5.3,7.5,3.0999999999999996,0.7000000000000011,-0.7999999999999998,-2.4000000000000004,-1.4000000000000004,-0.20000000000000018,-0.2999999999999998,,,,,3.1999999999999997,-0.20000000000000018,-0.5,-0.5,-0.5999999999999999,-0.6000000000000001,-0.19999999999999996,-0.7,-0.19999999999999996,-0.7000000000000001,,,,,1.0000000000000002,1.9000000000000001,-1.3000000000000003,-0.19999999999999996,-0.09999999999999987,-0.09999999999999987,-0.19999999999999996,0.0,0.0,0.0,,,,2.4000000000000004,0.0,0.3999999999999999,0.2999999999999998,-0.10000000000000053,-0.10000000000000053,-0.09999999999999964,-0.09999999999999964,-0.3999999999999999,-0.20000000000000018,0.0,,,,,-0.09999999999999987,0.09999999999999987,0.0,0.0,0.10000000000000009,0.0,0.09999999999999987,0.0,0.0,0.0,,,,,2.5,-2.9,1.2,0.20000000000000007,0.20000000000000007,0.5999999999999999,-0.19999999999999996,-0.3999999999999999,0.0,-0.10000000000000009,
2016-12-07,,0.8,1.4,3.3,1.6,2.4,1.7,2.6,2.1,1.9,2.0,2.0,2.0,,,,2.3,1.4,2.6,2.0,2.0,1.8,1.8,2.0,2.0,1.9,1.9,,,4.9,4.9,4.9,4.8,4.7,4.7,4.6,4.5,4.5,4.4,4.4,4.3,,,,2.5,1.6,3.4,2.5,2.2,2.2,2.2,2.3,2.2,2.2,2.2,,,,2.1,1.9,1.9,2.3,2.3,2.3,2.3,2.3,2.3,2.3,2.3,,,0.3,2.0,1.4,2.3,1.8,1.7,1.6,1.6,1.9,1.8,1.7,1.8,,,2.1,1.8,1.7,1.4,1.7,1.7,1.6,1.6,1.9,1.9,1.8,1.8,,,,4.3,2.8,2.1,2.6,2.6,3.7,3.0,2.8,2.7,2.6,2.6,,,,1.0,0.3,1.9,4.1,2.4,3.4,3.1,2.8,2.6,2.1,1.5,,,,-7.7,-4.1,11.5,3.1,2.3,1.5,0.1,3.2,6.5,6.6,6.1,,,,-0.4,2.5,2.4,2.4,1.9,1.3,0.9,0.4,-0.4,-0.6,-1.3,,,,-2.5,-0.2,2.2,1.4,1.3,1.3,1.3,1.1,1.2,1.2,1.2,,,1.3,3.7,4.8,4.3,4.4,3.7,4.4,3.9,4.0,4.1,3.9,3.9,,,,1.2,1.1,1.2,1.2,1.2,1.2,1.3,1.3,1.3,1.3,1.4,,,,-0.8,2.0,-1.2,1.4,0.5,0.5,0.6,0.9,0.9,1.1,1.1,,,0.0,0.0,0.7999999999999998,-0.5,0.19999999999999973,-0.5000000000000002,0.3999999999999999,-0.10000000000000009,-0.30000000000000027,0.10000000000000009,0.19999999999999996,0.19999999999999996,,,,0.0,0.09999999999999987,0.3999999999999999,0.19999999999999996,0.19999999999999996,0.0,0.10000000000000009,0.0,0.0,0.0,0.0,,,0.0,0.0,0.0,-0.10000000000000053,-0.09999999999999964,-0.09999999999999964,-0.10000000000000053,-0.09999999999999964,-0.09999999999999964,-0.09999999999999964,-0.09999999999999964,-0.10000000000000053,,,,0.0,0.0,0.19999999999999973,0.2999999999999998,-0.09999999999999964,-0.09999999999999964,0.0,0.0,-0.09999999999999964,-0.09999999999999964,-0.09999999999999964,,,,0.0,0.0,-0.20000000000000018,-0.10000000000000009,0.0,0.0,0.09999999999999964,0.0,0.0,0.0,0.0,,,0.0,0.0,0.0,0.09999999999999964,0.10000000000000009,-0.10000000000000009,-0.09999999999999987,0.0,0.0,-0.09999999999999987,-0.10000000000000009,0.0,,,0.0,0.0,0.09999999999999987,-0.10000000000000009,-0.10000000000000009,-0.10000000000000009,0.0,0.0,0.0,0.0,0.0,0.0,,,,0.0,0.19999999999999973,0.30000000000000004,0.10000000000000009,0.0,1.2000000000000002,0.5,0.2999999999999998,0.30000000000000027,0.20000000000000018,0.20000000000000018,,,,0.0,-2.7,-2.4,2.3999999999999995,0.19999999999999973,0.10000000000000009,-0.2999999999999998,0.09999999999999964,-0.10000000000000009,0.30000000000000004,0.0,,,,0.0,2.2,11.2,-3.1,-6.8,-6.800000000000001,-7.2,-2.7,1.7000000000000002,1.7999999999999998,2.3999999999999995,,,,0.0,-0.3999999999999999,-0.5,-0.10000000000000009,0.0,0.0,0.20000000000000007,0.0,-0.10000000000000003,0.0,0.0,,,,0.0,1.0,-0.5,0.0,0.0,0.0,0.0,-0.09999999999999987,0.0,0.0,0.0,,,0.0,0.0,1.0,0.0,0.3000000000000007,-0.39999999999999947,0.3000000000000007,-0.10000000000000009,-0.20000000000000018,0.19999999999999973,0.10000000000000009,0.10000000000000009,,,,0.0,0.0,0.0,0.0,0.0,-0.10000000000000009,0.0,-0.09999999999999987,-0.09999999999999987,-0.09999999999999987,0.0,,,,0.0,0.19999999999999996,-0.19999999999999996,1.0999999999999999,-0.4,-0.6000000000000001,-0.7999999999999999,-0.4,-0.20000000000000007,0.0,0.10000000000000009,
2017-01-23,0.8,1.4,3.5,2.0,2.0,1.7,2.5,2.3,2.0,2.0,1.9,2.0,,,,2.3,1.4,2.5,2.4,1.7,1.7,1.7,2.0,2.0,1.9,1.9,,,5.0,4.9,4.9,4.7,4.7,4.7,4.6,4.5,4.4,4.4,4.3,4.2,,,,2.5,1.6,3.4,3.2,1.9,2.2,2.2,2.3,2.2,2.2,2.2,,,,2.1,1.9,2.0,2.6,2.4,2.3,2.3,2.4,2.4,2.4,2.4,,,0.3,2.0,1.5,2.1,2.2,1.4,1.6,1.6,1.8,1.8,1.7,1.8,,,2.1,1.8,1.7,1.2,1.7,1.7,1.6,1.6,1.9,1.9,1.8,1.8,,,,4.3,3.0,2.8,2.2,2.6,3.7,3.0,2.8,2.8,2.7,2.7,,,,1.0,1.4,1.4,4.5,4.1,3.6,3.7,2.9,2.8,2.4,1.7,,,,-7.7,-4.1,10.7,1.6,-2.4,-0.9,5.0,4.0,3.9,4.0,3.6,,,,-0.4,2.4,2.4,2.3,2.0,1.3,0.9,0.4,-0.4,-0.6,-1.3,,,,-2.5,-0.2,2.4,1.5,1.5,1.3,1.4,1.1,1.2,1.2,1.2,,,1.3,3.7,5.0,4.6,4.5,3.4,4.2,4.1,4.1,4.0,3.8,3.9,,,,1.2,1.1,1.2,1.2,1.2,1.2,1.3,1.3,1.3,1.3,1.3,,,,-0.8,1.8,-0.6,1.5,1.1,0.3,0.6,0.9,0.7,0.5,1.1,,,,0.5999999999999999,2.1,-1.2999999999999998,0.3999999999999999,-0.7,0.8,-0.30000000000000027,-0.10000000000000009,0.10000000000000009,-0.10000000000000009,0.0,,,,,-0.8999999999999999,1.1,-0.20000000000000018,-0.30000000000000004,-0.30000000000000004,-0.10000000000000009,0.19999999999999996,0.0,-0.10000000000000009,0.0,,,,0.0,0.0,-0.20000000000000018,-0.09999999999999964,0.0,-0.10000000000000053,-0.09999999999999964,-0.09999999999999964,-0.09999999999999964,-0.10000000000000053,-0.20000000000000018,,,,,-0.8999999999999999,1.7999999999999998,-0.19999999999999973,-0.6000000000000001,0.0,0.0,0.09999999999999964,-0.09999999999999964,0.0,0.0,,,,,-0.20000000000000018,0.10000000000000009,0.7000000000000002,0.10000000000000009,0.0,0.0,0.10000000000000009,0.10000000000000009,0.10000000000000009,0.10000000000000009,,,,1.7,-0.5,0.7000000000000002,-0.09999999999999964,-0.40000000000000013,-0.09999999999999987,0.0,0.19999999999999996,-0.09999999999999987,-0.10000000000000009,0.10000000000000009,,,,-0.30000000000000004,-0.10000000000000009,-0.5,0.30000000000000004,0.0,-0.09999999999999987,0.0,0.2999999999999998,0.0,-0.09999999999999987,0.0,,,,,-1.2999999999999998,0.0,0.10000000000000009,0.0,1.1,-0.7000000000000002,-0.20000000000000018,0.0,0.0,0.10000000000000009,,,,,0.3999999999999999,1.0999999999999999,2.6,0.0,1.2000000000000002,0.30000000000000027,-0.20000000000000018,0.0,-0.20000000000000018,-0.40000000000000013,,,,,3.6000000000000005,14.799999999999999,-9.9,-5.5,-3.1999999999999997,3.5,3.9,0.6999999999999997,-2.5,-2.9999999999999996,,,,,2.8,-0.10000000000000009,-0.10000000000000009,-0.3999999999999999,-0.5999999999999999,-0.4,-0.5,-0.8,-0.19999999999999996,-0.7000000000000001,,,,,2.3,2.6,-0.7000000000000002,0.10000000000000009,0.0,0.09999999999999987,-0.19999999999999996,0.09999999999999987,0.0,0.0,,,,2.4000000000000004,1.2999999999999998,-0.20000000000000018,0.20000000000000018,-1.0000000000000004,0.5,-0.3000000000000007,0.19999999999999973,0.0,-0.2999999999999998,0.0,,,,,-0.09999999999999987,0.09999999999999987,0.0,0.0,0.0,0.10000000000000009,0.0,0.0,0.0,0.0,,,,,2.6,-2.6,2.7,-0.2999999999999998,-0.2,0.09999999999999998,0.30000000000000004,-0.20000000000000007,-0.4,0.0,,
2017-03-03,0.8,1.4,3.5,1.9,1.4,2.1,2.1,2.3,2.4,2.1,2.1,2.1,,,,2.3,1.4,2.0,2.8,1.6,1.7,1.7,2.0,2.0,1.9,1.9,,,5.0,4.9,4.9,4.7,4.7,4.7,4.7,4.6,4.5,4.4,4.3,4.2,,,,2.3,1.8,3.0,3.6,1.7,2.1,2.0,2.2,2.3,2.2,2.3,,,,2.1,2.1,2.0,2.9,2.3,2.3,2.2,2.4,2.4,2.4,2.4,,,0.3,2.0,1.5,1.9,2.6,1.4,1.5,1.5,1.8,1.8,1.8,1.8,,,2.1,1.8,1.7,1.2,2.3,1.7,1.6,1.5,1.9,1.9,1.8,1.8,,,,4.3,3.0,3.0,1.5,3.0,2.9,2.7,3.4,3.0,2.7,2.7,,,,1.0,1.4,1.9,5.7,3.7,3.4,4.2,3.5,3.0,3.2,2.1,,,,-7.7,-4.1,9.4,8.0,-2.5,-1.6,3.9,3.8,4.5,5.2,4.9,,,,-0.4,2.4,-1.2,1.2,1.1,1.1,0.7,0.3,-0.1,-0.1,-0.2,,,,-2.5,-0.2,0.8,-1.3,2.3,1.8,1.9,1.1,1.1,1.1,1.1,,,1.3,3.7,5.0,4.0,4.3,3.7,3.8,4.0,4.5,4.1,4.1,4.1,,,,1.2,1.1,1.2,1.2,1.2,1.2,1.3,1.3,1.3,1.3,1.3,,,,-0.8,1.7,0.4,1.4,2.6,0.4,1.0,1.5,1.1,0.7,1.3,,,0.0,0.0,0.0,-0.10000000000000009,-0.6000000000000001,0.40000000000000013,-0.3999999999999999,0.0,0.3999999999999999,0.10000000000000009,0.20000000000000018,0.10000000000000009,,,,0.0,0.0,-0.5,0.3999999999999999,-0.09999999999999987,0.0,0.0,0.0,0.0,0.0,0.0,,,0.0,0.0,0.0,0.0,0.0,0.0,0.10000000000000053,0.09999999999999964,0.09999999999999964,0.0,0.0,0.0,,,,-0.20000000000000018,0.19999999999999996,-0.3999999999999999,0.3999999999999999,-0.19999999999999996,-0.10000000000000009,-0.20000000000000018,-0.09999999999999964,0.09999999999999964,0.0,0.09999999999999964,,,,0.0,0.20000000000000018,0.0,0.2999999999999998,-0.10000000000000009,0.0,-0.09999999999999964,0.0,0.0,0.0,0.0,,,0.0,0.0,0.0,-0.20000000000000018,0.3999999999999999,0.0,-0.10000000000000009,-0.10000000000000009,0.0,0.0,0.10000000000000009,0.0,,,0.0,0.0,0.0,0.0,0.5999999999999999,0.0,0.0,-0.10000000000000009,0.0,0.0,0.0,0.0,,,,0.0,0.0,0.20000000000000018,-0.7000000000000002,0.3999999999999999,-0.8000000000000003,-0.2999999999999998,0.6000000000000001,0.20000000000000018,0.0,0.0,,,,0.0,0.0,0.5,1.2000000000000002,-0.39999999999999947,-0.20000000000000018,0.5,0.6000000000000001,0.20000000000000018,0.8000000000000003,0.40000000000000013,,,,0.0,0.0,-1.299999999999999,6.4,-0.10000000000000009,-0.7000000000000001,-1.1,-0.20000000000000018,0.6000000000000001,1.2000000000000002,1.3000000000000003,,,,0.0,0.0,-3.5999999999999996,-1.0999999999999999,-0.8999999999999999,-0.19999999999999996,-0.20000000000000007,-0.10000000000000003,0.30000000000000004,0.5,1.1,,,,0.0,0.0,-1.5999999999999999,-2.8,0.7999999999999998,0.5,0.5,0.0,-0.09999999999999987,-0.09999999999999987,-0.09999999999999987,,,0.0,0.0,0.0,-0.5999999999999996,-0.20000000000000018,0.30000000000000027,-0.40000000000000036,-0.09999999999999964,0.40000000000000036,0.09999999999999964,0.2999999999999998,0.19999999999999973,,,,0.0,0.0,0.0,0.0,0.0,0.0,0.0,0.0,0.0,0.0,0.0,,,,0.0,-0.10000000000000009,1.0,-0.10000000000000009,1.5,0.10000000000000003,0.4,0.6,0.40000000000000013,0.19999999999999996,0.19999999999999996,,
2017-04-21,1.4,3.5,2.1,0.9,2.6,2.2,2.6,2.6,2.0,2.0,2.1,,,,2.3,1.4,2.1,2.4,1.3,1.8,1.8,2.1,2.0,2.0,2.0,,,,4.9,4.9,4.7,4.7,4.5,4.5,4.4,4.3,4.2,4.2,4.1,,,,2.3,1.8,3.0,3.1,1.3,2.1,2.2,2.3,2.3,2.2,2.3,,,,2.1,2.1,2.0,2.5,1.9,2.3,2.2,2.4,2.4,2.4,2.5,,,,2.0,1.5,2.0,2.4,1.2,1.6,1.6,1.9,1.8,1.8,1.8,,,,1.8,1.7,1.3,2.0,1.6,1.7,1.6,1.9,1.9,1.9,1.9,,,,4.3,3.0,3.5,0.6,3.1,3.0,2.8,3.4,3.0,2.8,2.7,,,,1.0,1.4,0.9,5.4,4.4,3.0,4.1,4.6,2.6,2.5,2.5,,,,-7.7,-4.1,9.6,11.4,-1.3,-1.5,8.3,5.2,2.6,2.1,0.9,,,,-0.4,2.4,-1.2,-2.7,3.1,3.2,0.8,0.4,-0.1,-0.1,-0.3,,,,-2.5,-0.2,1.0,-1.3,2.0,1.6,1.6,0.8,0.8,0.8,0.8,,,,3.7,5.0,4.2,3.3,3.9,4.1,4.4,4.8,4.1,4.0,4.1,,,,1.2,1.1,1.2,1.3,1.2,1.2,1.3,1.3,1.3,1.3,1.3,,,,-0.7,0.8,0.7,1.5,4.6,2.7,1.7,1.7,1.2,0.6,1.3,,,,0.5999999999999999,2.1,-1.4,-0.9999999999999999,1.2000000000000002,0.10000000000000009,0.5,0.30000000000000027,-0.3999999999999999,-0.10000000000000009,0.0,,,,,-0.8999999999999999,0.7000000000000002,0.3999999999999999,-1.4999999999999998,0.19999999999999996,0.10000000000000009,0.40000000000000013,0.0,0.0,0.10000000000000009,,,,-0.09999999999999964,0.0,-0.20000000000000018,0.0,-0.20000000000000018,-0.20000000000000018,-0.2999999999999998,-0.2999999999999998,-0.2999999999999998,-0.20000000000000018,-0.20000000000000018,,,,,-0.4999999999999998,1.2,0.10000000000000009,-2.3,0.40000000000000013,0.10000000000000009,0.2999999999999998,0.09999999999999964,-0.09999999999999964,0.09999999999999964,,,,,0.0,-0.10000000000000009,0.5,-1.0,0.0,-0.09999999999999964,0.19999999999999973,0.0,0.0,0.10000000000000009,,,,1.7,-0.5,0.5,0.5,-1.4000000000000001,0.20000000000000018,0.10000000000000009,0.3999999999999999,0.0,0.0,0.0,,,,-0.30000000000000004,-0.10000000000000009,-0.3999999999999999,0.8,-0.6999999999999997,0.0,0.0,0.3999999999999999,0.0,0.0,0.09999999999999987,,,,,-1.2999999999999998,0.5,-2.4,1.6,0.0,-0.10000000000000009,0.6999999999999997,-0.3999999999999999,-0.20000000000000018,0.0,,,,,0.3999999999999999,-0.4999999999999999,3.5000000000000004,-1.2999999999999998,-0.7000000000000002,0.6999999999999997,0.39999999999999947,-0.8999999999999999,-0.5,-0.7000000000000002,,,,,3.6000000000000005,13.7,2.0,-9.3,1.0,9.9,1.3000000000000003,-1.1999999999999997,-2.4,-4.3,,,,,2.8,-3.5999999999999996,-1.5000000000000002,1.9000000000000001,2.1,-0.30000000000000004,-0.29999999999999993,-0.4,0.0,-0.19999999999999998,,,,,2.3,1.2,-2.1,3.3,-0.6999999999999997,-0.19999999999999996,-1.0999999999999999,-0.30000000000000004,-0.30000000000000004,-0.30000000000000004,,,,2.4000000000000004,1.2999999999999998,-0.7999999999999998,-0.7000000000000002,-0.3999999999999999,0.39999999999999947,0.6000000000000005,0.7999999999999998,-0.40000000000000036,-0.09999999999999964,0.0,,,,,-0.09999999999999987,0.09999999999999987,0.10000000000000009,0.0,0.0,0.10000000000000009,0.0,0.0,0.0,0.0,,,,,1.6,-1.0,1.1,3.1999999999999997,0.10000000000000009,1.2999999999999998,0.7,-0.30000000000000004,-0.5000000000000001,0.6000000000000001,,,
2017-06-05,1.4,3.5,2.1,1.2,2.6,2.7,3.1,2.6,2.1,2.1,2.1,,,,2.3,1.4,2.1,2.2,0.8,1.7,1.8,2.1,2.0,2.0,2.0,,,,4.9,4.9,4.7,4.7,4.3,4.3,4.2,4.2,4.1,4.0,3.9,,,,2.3,1.8,3.0,3.1,0.1,2.0,2.4,2.4,2.3,2.3,2.4,,,,2.1,2.1,2.0,2.5,1.0,2.3,2.3,2.4,2.4,2.5,2.5,,,,2.0,1.5,2.0,2.4,0.4,1.6,1.7,1.9,1.9,1.9,1.9,,,,1.8,1.7,1.3,2.1,1.1,1.8,1.6,1.9,1.9,1.9,1.9,,,,4.3,3.0,3.5,0.6,3.0,2.8,3.0,3.3,3.0,2.8,2.7,,,,1.0,1.4,0.9,10.2,3.3,5.9,5.0,4.9,2.6,2.1,2.2,,,,-7.7,-4.1,9.6,13.9,-1.1,-2.6,7.8,4.2,2.6,3.1,2.4,,,,-0.4,2.4,-1.2,-2.0,0.4,2.2,2.0,-0.2,-0.2,-0.2,-0.2,,,,-2.5,-0.2,1.0,-0.1,0.2,1.5,1.5,0.8,0.8,0.8,0.8,,,,3.7,5.0,4.2,3.5,3.4,4.4,5.0,4.7,4.2,4.1,4.1,,,,1.2,1.2,1.2,1.2,1.2,1.2,1.3,1.3,1.3,1.3,1.3,,,,-0.7,0.8,0.7,1.8,5.7,2.2,2.1,1.5,1.1,0.9,1.5,,,,0.0,0.0,0.0,0.29999999999999993,0.0,0.5,0.5,0.0,0.10000000000000009,0.10000000000000009,0.0,,,,0.0,0.0,0.0,-0.19999999999999973,-0.5,-0.10000000000000009,0.0,0.0,0.0,0.0,0.0,,,,0.0,0.0,0.0,0.0,-0.20000000000000018,-0.20000000000000018,-0.20000000000000018,-0.09999999999999964,-0.10000000000000053,-0.20000000000000018,-0.19999999999999973,,,,0.0,0.0,0.0,0.0,-1.2,-0.10000000000000009,0.19999999999999973,0.10000000000000009,0.0,0.09999999999999964,0.10000000000000009,,,,0.0,0.0,0.0,0.0,-0.8999999999999999,0.0,0.09999999999999964,0.0,0.0,0.10000000000000009,0.0,,,,0.0,0.0,0.0,0.0,-0.7999999999999999,0.0,0.09999999999999987,0.0,0.09999999999999987,0.09999999999999987,0.09999999999999987,,,,0.0,0.0,0.0,0.10000000000000009,-0.5,0.10000000000000009,0.0,0.0,0.0,0.0,0.0,,,,0.0,0.0,0.0,0.0,-0.10000000000000009,-0.20000000000000018,0.20000000000000018,-0.10000000000000009,0.0,0.0,0.0,,,,0.0,0.0,0.0,4.799999999999999,-1.1000000000000005,2.9000000000000004,0.9000000000000004,0.3000000000000007,0.0,-0.3999999999999999,-0.2999999999999998,,,,0.0,0.0,0.0,2.5,0.19999999999999996,-1.1,-0.5000000000000009,-1.0,0.0,1.0,1.5,,,,0.0,0.0,0.0,0.7000000000000002,-2.7,-1.0,1.2,-0.6000000000000001,-0.1,-0.1,0.09999999999999998,,,,0.0,0.0,0.0,1.2,-1.8,-0.10000000000000009,-0.10000000000000009,0.0,0.0,0.0,0.0,,,,0.0,0.0,0.0,0.20000000000000018,-0.5,0.3000000000000007,0.5999999999999996,-0.09999999999999964,0.10000000000000053,0.09999999999999964,0.0,,,,0.0,0.09999999999999987,0.0,-0.10000000000000009,0.0,0.0,0.0,0.0,0.0,0.0,0.0,,,,0.0,0.0,0.0,0.30000000000000004,1.1000000000000005,-0.5,0.40000000000000013,-0.19999999999999996,-0.09999999999999987,0.30000000000000004,0.19999999999999996,,,
2017-07-14,3.5,2.1,1.4,2.5,2.7,2.7,2.6,2.1,2.0,2.0,,,,,1.4,2.1,1.9,0.5,1.4,1.6,2.2,2.1,2.0,2.0,,,,,4.9,4.7,4.7,4.4,4.3,4.2,4.2,4.1,4.0,4.0,,,,,1.8,3.0,3.1,-0.2,1.4,2.3,2.5,2.5,2.4,2.4,,,,,2.1,2.0,2.5,0.6,1.9,2.3,2.5,2.5,2.4,2.5,,,,,1.5,2.0,2.4,0.2,1.2,1.7,2.0,2.0,1.9,1.9,,,,,1.7,1.3,2.0,0.8,1.5,1.6,2.0,2.0,1.8,1.8,,,,,3.0,3.5,1.1,3.1,2.7,2.9,2.9,2.7,2.5,2.4,,,,,1.4,0.9,10.4,4.1,5.2,4.5,3.7,3.0,2.3,2.0,,,,,-4.1,9.6,13.0,-6.4,-5.4,4.0,3.4,3.5,4.6,3.6,,,,,2.4,-1.2,-2.0,0.4,2.2,2.0,-0.2,-0.2,-0.2,-0.2,,,,,-0.2,1.0,-0.2,-0.4,1.7,1.5,0.8,0.8,0.8,0.8,,,,,5.0,4.2,3.4,3.0,4.2,4.4,4.9,4.2,4.1,4.0,,,,,1.2,1.2,1.2,1.1,1.2,1.3,1.3,1.3,1.3,1.3,,,,,0.8,0.7,1.5,5.5,2.8,1.9,1.5,0.9,0.6,1.4,,,,,2.1,-1.4,-0.7000000000000002,1.3,0.10000000000000009,0.0,-0.5,-0.5,-0.10000000000000009,-0.10000000000000009,,,,,-0.8999999999999999,0.7000000000000002,-0.20000000000000018,-1.7000000000000002,0.5999999999999999,-0.09999999999999987,0.40000000000000013,0.0,0.0,0.0,,,,,0.0,-0.20000000000000018,0.0,-0.2999999999999998,0.0,-0.09999999999999964,0.0,-0.10000000000000053,-0.09999999999999964,0.0,,,,,-0.4999999999999998,1.2,0.10000000000000009,-3.3000000000000003,1.2999999999999998,0.2999999999999998,0.10000000000000009,0.10000000000000009,0.10000000000000009,0.10000000000000009,,,,,0.0,-0.10000000000000009,0.5,-1.9,0.8999999999999999,0.0,0.20000000000000018,0.10000000000000009,0.0,0.0,,,,,-0.5,0.5,0.3999999999999999,-2.1999999999999997,0.7999999999999999,0.09999999999999987,0.30000000000000004,0.10000000000000009,0.0,0.0,,,,,-0.10000000000000009,-0.3999999999999999,0.7,-1.3,0.3999999999999999,-0.19999999999999996,0.3999999999999999,0.10000000000000009,-0.09999999999999987,-0.09999999999999987,,,,,-1.2999999999999998,0.5,-2.4,2.5,-0.2999999999999998,0.10000000000000009,-0.10000000000000009,-0.5999999999999996,-0.5,-0.3999999999999999,,,,,0.3999999999999999,-0.4999999999999999,9.5,-6.1,1.9000000000000004,-1.4000000000000004,-1.2999999999999998,-1.9000000000000004,-0.30000000000000027,-0.10000000000000009,,,,,3.6000000000000005,13.7,3.4000000000000004,-20.3,-4.300000000000001,6.6,-4.4,-0.7000000000000002,1.9999999999999996,0.5,,,,,2.8,-3.5999999999999996,-0.8,2.4,1.8000000000000003,-0.20000000000000018,-2.2,0.0,0.0,0.0,,,,,2.3,1.2,-1.2,-0.30000000000000004,1.5,0.0,-0.7,0.0,0.0,0.0,,,,,1.2999999999999998,-0.7999999999999998,-0.8000000000000003,-0.5,0.8000000000000003,0.0,-0.09999999999999964,-0.5,-0.10000000000000053,-0.09999999999999964,,,,,0.0,0.0,0.0,-0.09999999999999987,0.0,0.10000000000000009,0.0,0.0,0.0,0.0,,,,,1.5,-0.10000000000000009,0.8,3.7,-2.9000000000000004,-0.30000000000000027,-0.6000000000000001,-0.6,-0.5000000000000001,0.4999999999999999,,,,
2017-09-08,,,1.2,3.3,2.3,3.6,2.5,2.3,2.2,2.2,2.0,1.9,1.8,1.7,,,,1.0,1.7,1.5,1.9,2.2,2.0,2.0,2.2,2.1,2.1,2.1,,,4.7,4.4,4.4,4.2,4.1,3.9,3.8,3.8,3.7,3.7,3.7,3.7,,,,-0.3,2.1,2.4,1.8,2.4,2.3,2.3,2.4,2.4,2.4,2.4,,,,0.6,1.5,2.3,2.3,2.5,2.3,2.3,2.5,2.5,2.5,2.5,,,2.2,0.3,1.8,1.9,1.6,2.1,1.9,1.9,2.0,2.0,2.0,2.0,,,1.8,0.9,1.4,1.8,2.0,2.1,1.9,1.9,2.0,2.0,2.0,2.0,,,,3.4,2.0,3.3,2.7,2.6,2.5,2.5,2.3,2.3,2.3,2.2,,,,7.3,4.0,7.2,4.3,3.9,2.3,2.1,1.4,1.4,1.2,0.9,,,,-6.3,-4.2,1.8,2.0,3.2,4.4,3.9,2.2,2.6,2.8,2.6,,,,1.9,0.6,1.2,-1.2,-0.2,-0.1,-0.1,0.8,0.1,0.4,0.2,,,,-1.0,0.6,0.8,1.0,1.0,0.9,0.9,0.9,0.9,0.9,0.9,,,3.3,4.3,4.1,5.2,4.5,4.6,4.3,4.2,4.3,4.1,3.9,3.8,,,,1.2,1.2,1.3,1.3,1.3,1.3,1.3,1.3,1.3,1.3,1.3,,,,5.2,0.3,4.4,2.0,1.6,0.5,1.1,1.2,1.4,1.1,0.7,,,-0.19999999999999996,0.7999999999999998,-0.40000000000000036,0.8999999999999999,-0.10000000000000009,0.19999999999999973,0.20000000000000018,0.20000000000000018,,,,,,,,0.5,0.30000000000000004,-0.10000000000000009,-0.30000000000000027,0.10000000000000009,0.0,0.0,,,,,,,0.0,0.0,0.10000000000000053,0.0,-0.10000000000000053,-0.19999999999999973,-0.20000000000000018,-0.20000000000000018,,,,,,,,-0.09999999999999998,0.7000000000000002,0.10000000000000009,-0.7,-0.10000000000000009,-0.10000000000000009,-0.10000000000000009,,,,,,,,0.0,-0.3999999999999999,0.0,-0.20000000000000018,0.0,-0.10000000000000009,-0.20000000000000018,,,,,,,-0.19999999999999973,0.09999999999999998,0.6000000000000001,0.19999999999999996,-0.3999999999999999,0.10000000000000009,0.0,0.0,,,,,,,-0.19999999999999996,0.09999999999999998,-0.10000000000000009,0.19999999999999996,0.0,0.10000000000000009,0.09999999999999987,0.09999999999999987,,,,,,,,0.2999999999999998,-0.7000000000000002,0.3999999999999999,-0.19999999999999973,-0.10000000000000009,0.0,0.10000000000000009,,,,,,,,3.2,-1.2000000000000002,2.7,0.5999999999999996,0.8999999999999999,0.0,0.10000000000000009,,,,,,,,0.10000000000000053,1.2000000000000002,-2.2,-1.4,-0.2999999999999998,-0.1999999999999993,0.2999999999999998,,,,,,,,1.5,-1.6,-0.8,-1.0,0.0,0.1,0.1,,,,,,,,-0.6,-1.1,-0.7,0.19999999999999996,0.19999999999999996,0.09999999999999998,0.09999999999999998,,,,,,,-0.10000000000000009,1.2999999999999998,-0.10000000000000053,0.7999999999999998,-0.40000000000000036,0.39999999999999947,0.20000000000000018,0.20000000000000018,,,,,,,,0.09999999999999987,0.0,0.0,0.0,0.0,0.0,0.0,,,,,,,,-0.2999999999999998,-2.5,2.5000000000000004,0.5,0.7000000000000001,-0.09999999999999998,-0.2999999999999998,,,,
2017-10-20,,1.2,3.1,2.9,3.2,2.5,2.4,2.3,2.2,2.1,1.9,1.8,1.7,,,,1.0,1.8,1.9,1.9,2.0,1.9,1.8,2.2,2.1,2.1,2.0,,,4.7,4.4,4.3,4.2,4.1,3.9,3.8,3.7,3.7,3.6,3.6,3.6,,,,-0.3,2.0,2.8,1.8,2.1,2.1,2.1,2.3,2.3,2.3,2.3,,,,0.6,1.7,2.0,2.2,2.4,2.3,2.2,2.4,2.4,2.4,2.5,,,2.2,0.3,1.5,2.0,1.6,1.9,1.7,1.7,1.9,1.9,2.0,2.0,,,1.8,0.9,1.3,1.5,1.8,2.0,1.8,1.7,2.0,2.0,2.0,2.0,,,,3.3,2.3,3.3,2.8,2.6,2.6,2.5,2.4,2.4,2.3,2.3,,,,6.7,5.6,5.0,3.8,3.4,2.6,2.4,2.0,1.7,1.3,1.0,,,,-7.3,-6.2,-0.6,1.6,5.5,6.2,2.4,2.0,1.8,2.7,2.6,,,,1.9,0.9,-0.7,-1.4,-1.2,-1.3,1.3,1.0,0.6,0.4,0.7,,,,-1.5,-2.1,1.8,1.5,1.2,0.7,0.9,0.9,1.0,0.6,0.9,,,3.3,4.1,4.8,5.2,4.4,4.5,4.3,4.1,4.3,4.0,3.9,3.8,,,,1.2,1.2,1.2,1.3,1.3,1.3,1.3,1.3,1.3,1.3,1.3,,,,5.6,-1.5,4.3,3.1,2.4,1.0,1.1,1.1,0.9,0.7,0.6,,,,1.9000000000000001,-0.3999999999999999,0.9000000000000004,-1.1,-0.10000000000000009,0.0,0.0,-0.10000000000000009,-0.10000000000000009,-0.09999999999999987,-0.10000000000000009,,,,,0.8,0.19999999999999996,0.3999999999999999,0.10000000000000009,-0.30000000000000027,-0.19999999999999996,0.20000000000000018,-0.10000000000000009,0.0,-0.10000000000000009,,,,-0.2999999999999998,-0.10000000000000053,-0.20000000000000018,-0.10000000000000053,-0.19999999999999973,-0.10000000000000009,-0.09999999999999964,-0.09999999999999964,-0.10000000000000009,-0.10000000000000009,-0.10000000000000009,,,,,2.3,0.6999999999999997,-0.5999999999999999,0.30000000000000004,-0.2999999999999998,-0.19999999999999973,0.0,-0.10000000000000009,-0.10000000000000009,-0.10000000000000009,,,,,1.1,0.5,-0.09999999999999964,0.10000000000000009,-0.20000000000000018,-0.09999999999999964,0.10000000000000009,-0.10000000000000009,-0.10000000000000009,0.0,,,,-1.9000000000000001,1.2,0.19999999999999996,-0.2999999999999998,0.2999999999999998,-0.40000000000000013,-0.19999999999999996,0.0,-0.10000000000000009,0.0,0.0,,,,-0.9,0.4,0.10000000000000009,0.0,0.0,-0.30000000000000004,-0.19999999999999996,0.10000000000000009,0.0,0.0,0.0,,,,,-1.1,1.2999999999999998,-0.5,-0.10000000000000009,0.0,0.0,-0.10000000000000009,0.10000000000000009,0.0,0.0,,,,,-1.7000000000000002,1.0,-3.4000000000000004,-0.8999999999999999,-1.2999999999999998,0.10000000000000009,-0.10000000000000009,0.30000000000000004,-0.09999999999999987,-0.19999999999999996,,,,,0.09999999999999964,3.6,-0.19999999999999996,3.5,3.0,-2.0000000000000004,-1.9,-0.40000000000000013,0.10000000000000009,-0.19999999999999973,,,,,-0.9999999999999999,-1.2999999999999998,-2.5999999999999996,0.0,-1.1,1.4000000000000001,1.1,-0.20000000000000007,0.30000000000000004,0.29999999999999993,,,,,-1.1,1.2000000000000002,0.7,0.19999999999999996,-0.30000000000000004,0.0,0.0,0.09999999999999998,-0.30000000000000004,0.0,,,,0.7999999999999998,0.5,1.1000000000000005,-0.7999999999999998,0.0,-0.2999999999999998,-0.20000000000000018,0.09999999999999964,-0.2999999999999998,-0.19999999999999973,-0.10000000000000009,,,,,0.0,0.0,0.0,0.0,0.0,0.0,0.0,0.0,0.0,0.0,,,,,-6.7,4.0,-1.3000000000000003,0.3999999999999999,-0.6000000000000001,0.6000000000000001,0.0,-0.29999999999999993,-0.7,-0.5000000000000001,
2017-12-01,,1.2,3.1,3.3,2.2,2.7,2.4,2.3,2.2,2.2,2.2,1.8,1.6,,,,1.0,2.1,2.6,1.7,1.9,1.9,1.8,2.2,2.0,2.0,2.0,,,4.7,4.4,4.3,4.1,4.0,3.8,3.7,3.6,3.6,3.5,3.5,3.5,,,,-0.3,2.0,3.7,1.9,1.9,2.0,2.0,2.2,2.3,2.3,2.3,,,,0.6,1.7,2.2,2.2,2.3,2.3,2.2,2.4,2.4,2.4,2.5,,,2.2,0.3,1.5,2.8,1.7,1.7,1.7,1.6,1.9,1.9,1.9,1.9,,,1.8,0.9,1.4,1.9,1.9,2.0,1.8,1.7,2.0,2.0,2.0,2.0,,,,3.3,2.3,2.5,2.7,2.6,2.5,2.4,2.3,2.3,2.2,2.2,,,,6.7,5.1,5.2,4.0,4.3,3.5,2.9,2.7,2.5,1.8,1.4,,,,-7.3,-5.1,3.2,1.0,5.3,6.1,3.2,2.4,1.7,2.1,1.8,,,,1.9,1.3,0.0,-1.4,-1.1,-1.9,3.0,-0.7,1.6,0.0,1.3,,,,-1.5,-0.1,1.2,1.4,1.1,0.7,0.9,0.9,1.0,0.6,0.9,,,3.3,4.1,5.5,4.8,4.5,4.3,4.2,4.0,4.4,4.2,3.9,3.7,,,,1.2,1.2,1.3,1.3,1.3,1.3,1.3,1.3,1.3,1.3,1.3,,,,5.6,-0.3,5.5,3.5,2.4,1.1,1.1,1.2,0.9,0.6,0.4,,,0.0,0.0,0.3999999999999999,-1.0,0.20000000000000018,0.0,0.0,0.0,0.10000000000000009,0.30000000000000027,0.0,-0.09999999999999987,,,,0.0,0.30000000000000004,0.7000000000000002,-0.19999999999999996,-0.10000000000000009,0.0,0.0,0.0,-0.10000000000000009,-0.10000000000000009,0.0,,,0.0,0.0,0.0,-0.10000000000000053,-0.09999999999999964,-0.10000000000000009,-0.09999999999999964,-0.10000000000000009,-0.10000000000000009,-0.10000000000000009,-0.10000000000000009,-0.10000000000000009,,,,0.0,0.0,0.9000000000000004,0.09999999999999987,-0.20000000000000018,-0.10000000000000009,-0.10000000000000009,-0.09999999999999964,0.0,0.0,0.0,,,,0.0,0.0,0.20000000000000018,0.0,-0.10000000000000009,0.0,0.0,0.0,0.0,0.0,0.0,,,0.0,0.0,0.0,0.7999999999999998,0.09999999999999987,-0.19999999999999996,0.0,-0.09999999999999987,0.0,0.0,-0.10000000000000009,-0.10000000000000009,,,0.0,0.0,0.09999999999999987,0.3999999999999999,0.09999999999999987,0.0,0.0,0.0,0.0,0.0,0.0,0.0,,,,0.0,0.0,-0.7999999999999998,-0.09999999999999964,0.0,-0.10000000000000009,-0.10000000000000009,-0.10000000000000009,-0.10000000000000009,-0.09999999999999964,-0.09999999999999964,,,,0.0,-0.5,0.20000000000000018,0.20000000000000018,0.8999999999999999,0.8999999999999999,0.5,0.7000000000000002,0.8,0.5,0.3999999999999999,,,,0.0,1.1000000000000005,3.8000000000000003,-0.6000000000000001,-0.20000000000000018,-0.10000000000000053,0.8000000000000003,0.3999999999999999,-0.10000000000000009,-0.6000000000000001,-0.8,,,,0.0,0.4,0.7,0.0,0.09999999999999987,-0.5999999999999999,1.7,-1.7,1.0,-0.4,0.6000000000000001,,,,0.0,2.0,-0.6000000000000001,-0.10000000000000009,-0.09999999999999987,0.0,0.0,0.0,0.0,0.0,0.0,,,0.0,0.0,0.7000000000000002,-0.40000000000000036,0.09999999999999964,-0.20000000000000018,-0.09999999999999964,-0.09999999999999964,0.10000000000000053,0.20000000000000018,0.0,-0.09999999999999964,,,,0.0,0.0,0.10000000000000009,0.0,0.0,0.0,0.0,0.0,0.0,0.0,0.0,,,,0.0,1.2,1.2000000000000002,0.3999999999999999,0.0,0.10000000000000009,0.0,0.09999999999999987,0.0,-0.09999999999999998,-0.19999999999999996,
2018-01-19,1.2,3.1,3.2,3.5,2.7,3.2,3.0,2.8,2.7,2.6,2.3,2.2,,,,1.0,2.1,2.4,2.0,1.7,1.9,1.8,2.2,2.1,2.1,2.0,,,4.6,4.3,4.3,4.1,3.9,3.8,3.6,3.4,3.3,3.2,3.2,3.2,,,,-0.3,2.0,3.7,3.1,2.0,2.0,2.0,2.2,2.2,2.3,2.3,,,,0.6,1.7,2.3,2.6,2.5,2.3,2.2,2.4,2.5,2.5,2.5,,,2.2,0.3,1.5,2.7,2.4,1.8,1.7,1.6,1.9,1.9,2.0,2.0,,,1.8,0.9,1.3,1.8,2.1,2.0,1.8,1.7,2.0,2.1,2.1,2.1,,,,3.3,2.2,3.8,2.6,2.9,3.0,3.0,2.9,2.8,2.7,2.6,,,,6.7,4.7,8.9,4.6,6.3,5.4,4.7,3.9,3.6,3.1,2.6,,,,-7.3,-4.7,11.3,-1.0,5.2,7.9,4.9,2.2,0.1,-0.1,-0.7,,,,1.9,1.3,2.5,-2.2,-0.9,-1.2,1.2,-1.0,0.8,0.5,1.1,,,,-1.5,0.2,2.4,1.2,1.2,0.7,0.9,0.9,1.0,0.6,0.9,,,3.3,4.1,5.3,6.0,4.8,4.9,5.0,4.7,5.0,4.7,4.4,4.2,,,,1.2,1.2,1.3,1.3,1.3,1.3,1.3,1.3,1.3,1.3,1.3,,,,5.6,-1.3,8.2,5.0,3.4,2.6,0.9,1.8,1.6,1.1,1.1,,,,1.9000000000000001,0.10000000000000009,0.20000000000000018,0.5,0.5,0.6000000000000001,0.5,0.5,0.3999999999999999,0.09999999999999964,0.40000000000000013,,,,,1.1,0.2999999999999998,-0.6000000000000001,0.0,0.0,-0.09999999999999987,0.40000000000000013,-0.10000000000000009,0.10000000000000009,0.0,,,,-0.40000000000000036,-0.10000000000000053,-0.20000000000000018,-0.19999999999999973,-0.20000000000000018,-0.19999999999999973,-0.30000000000000027,-0.30000000000000027,-0.3999999999999999,-0.2999999999999998,-0.2999999999999998,,,,,2.3,1.7000000000000002,-0.6000000000000001,0.10000000000000009,0.10000000000000009,0.0,0.20000000000000018,0.0,0.0,0.0,,,,,1.1,0.5999999999999999,0.3999999999999999,0.2999999999999998,0.0,-0.09999999999999964,0.19999999999999973,0.10000000000000009,0.10000000000000009,0.10000000000000009,,,,-1.9000000000000001,1.2,1.2000000000000002,-0.3999999999999999,0.10000000000000009,0.0,-0.09999999999999987,0.2999999999999998,0.0,0.10000000000000009,0.10000000000000009,,,,-0.9,0.4,0.40000000000000013,0.20000000000000018,0.10000000000000009,-0.19999999999999996,-0.10000000000000009,0.30000000000000004,0.10000000000000009,0.10000000000000009,0.10000000000000009,,,,,-1.0999999999999996,1.5,0.10000000000000009,0.19999999999999973,0.3999999999999999,0.5,0.5,0.5,0.40000000000000036,0.3999999999999999,,,,,-2.0,3.8000000000000007,-0.6000000000000005,2.3,1.1000000000000005,1.2000000000000002,1.0,0.8999999999999999,0.6000000000000001,0.8,,,,,2.5999999999999996,16.4,-4.2,4.2,2.6000000000000005,-1.1999999999999993,-1.0,-2.3,-1.8,-2.8,,,,,-0.5999999999999999,1.2,-2.2,0.4999999999999999,-0.09999999999999987,3.0999999999999996,-4.0,1.5,-1.1,1.1,,,,,1.7,2.5,0.0,-0.19999999999999996,-0.40000000000000013,0.20000000000000007,0.0,0.09999999999999998,-0.4,0.30000000000000004,,,,0.7999999999999998,1.2000000000000002,0.5,0.0,0.40000000000000036,0.7000000000000002,0.5,1.0,0.2999999999999998,0.20000000000000018,0.30000000000000027,,,,,0.0,0.10000000000000009,0.0,0.0,0.0,0.0,0.0,0.0,0.0,0.0,,,,,-6.8999999999999995,8.5,-0.5,-0.10000000000000009,0.20000000000000018,-0.20000000000000007,0.7,0.40000000000000013,0.20000000000000007,0.5000000000000001,,
2018-03-09,1.2,3.1,3.2,2.9,2.1,3.1,3.3,3.2,2.9,2.7,2.5,2.3,,,,1.0,2.1,2.3,2.3,1.7,1.9,1.8,2.2,2.1,2.0,2.0,,,4.6,4.3,4.3,4.1,4.1,3.9,3.7,3.5,3.3,3.2,3.2,3.1,,,,0.1,2.1,3.3,3.6,1.6,1.9,1.9,2.1,2.2,2.2,2.3,,,,0.8,1.8,2.2,3.0,2.5,2.2,2.1,2.4,2.4,2.4,2.5,,,2.2,0.3,1.5,2.7,2.5,1.5,1.7,1.6,1.9,2.0,2.0,2.0,,,1.8,0.9,1.3,1.9,2.3,2.0,1.8,1.7,2.0,2.1,2.1,2.1,,,,3.3,2.2,4.2,1.5,2.6,2.9,2.9,2.8,2.8,2.7,2.6,,,,6.7,4.7,7.1,4.2,8.2,6.2,5.5,4.9,4.3,3.4,2.4,,,,-7.3,-4.7,12.4,-4.4,2.7,4.0,4.1,2.5,0.3,-0.1,-0.8,,,,1.9,1.3,3.3,-2.1,0.6,3.2,5.6,2.9,4.6,4.2,4.7,,,,-1.5,0.2,2.8,0.8,1.0,0.9,1.0,1.0,1.0,1.0,1.0,,,3.3,4.1,5.3,5.3,4.4,4.9,5.3,5.1,5.1,4.8,4.6,4.4,,,,1.2,1.2,1.3,1.3,1.3,1.3,1.3,1.3,1.3,1.3,1.3,,,,5.6,-1.2,8.3,5.0,4.4,3.4,2.5,2.1,1.6,0.9,1.3,,,0.0,0.0,0.0,-0.6000000000000001,-0.6000000000000001,-0.10000000000000009,0.2999999999999998,0.40000000000000036,0.19999999999999973,0.10000000000000009,0.20000000000000018,0.09999999999999964,,,,0.0,0.0,-0.10000000000000009,0.2999999999999998,0.0,0.0,0.0,0.0,0.0,-0.10000000000000009,0.0,,,0.0,0.0,0.0,0.0,0.19999999999999973,0.10000000000000009,0.10000000000000009,0.10000000000000009,0.0,0.0,0.0,-0.10000000000000009,,,,0.4,0.10000000000000009,-0.40000000000000036,0.5,-0.3999999999999999,-0.10000000000000009,-0.10000000000000009,-0.10000000000000009,0.0,-0.09999999999999964,0.0,,,,0.20000000000000007,0.10000000000000009,-0.09999999999999964,0.3999999999999999,0.0,-0.09999999999999964,-0.10000000000000009,0.0,-0.10000000000000009,-0.10000000000000009,0.0,,,0.0,0.0,0.0,0.0,0.10000000000000009,-0.30000000000000004,0.0,0.0,0.0,0.10000000000000009,0.0,0.0,,,0.0,0.0,0.0,0.09999999999999987,0.19999999999999973,0.0,0.0,0.0,0.0,0.0,0.0,0.0,,,,0.0,0.0,0.40000000000000036,-1.1,-0.2999999999999998,-0.10000000000000009,-0.10000000000000009,-0.10000000000000009,0.0,0.0,0.0,,,,0.0,0.0,-1.8000000000000007,-0.39999999999999947,1.8999999999999995,0.7999999999999998,0.7999999999999998,1.0000000000000004,0.6999999999999997,0.2999999999999998,-0.20000000000000018,,,,0.0,0.0,1.0999999999999996,-3.4000000000000004,-2.5,-3.9000000000000004,-0.8000000000000007,0.2999999999999998,0.19999999999999998,0.0,-0.10000000000000009,,,,0.0,0.0,0.7999999999999998,0.10000000000000009,1.5,4.4,4.3999999999999995,3.9,3.8,3.7,3.6,,,,0.0,0.0,0.3999999999999999,-0.3999999999999999,-0.19999999999999996,0.20000000000000007,0.09999999999999998,0.09999999999999998,0.0,0.4,0.09999999999999998,,,0.0,0.0,0.0,-0.7000000000000002,-0.39999999999999947,0.0,0.2999999999999998,0.39999999999999947,0.09999999999999964,0.09999999999999964,0.1999999999999993,0.20000000000000018,,,,0.0,0.0,0.0,0.0,0.0,0.0,0.0,0.0,0.0,0.0,0.0,,,,0.0,0.10000000000000009,0.10000000000000142,0.0,1.0000000000000004,0.7999999999999998,1.6,0.30000000000000004,0.0,-0.20000000000000007,0.19999999999999996,,
2018-04-20,3.1,3.2,2.9,1.7,2.9,3.0,2.9,2.9,2.7,2.6,2.3,,,,1.0,2.1,2.3,2.7,1.8,1.8,1.8,2.2,2.0,2.0,2.0,,,,4.3,4.3,4.1,4.1,4.0,3.8,3.6,3.4,3.3,3.3,3.3,,,,0.1,2.1,3.3,3.5,2.2,2.2,1.8,2.1,2.2,2.2,2.2,,,,0.8,1.8,2.2,3.0,2.3,2.3,2.1,2.4,2.5,2.5,2.5,,,,0.3,1.5,2.7,2.8,2.2,1.8,1.5,1.9,1.9,1.9,2.0,,,,0.9,1.3,1.9,2.5,2.2,1.8,1.7,2.0,2.1,2.1,2.1,,,,3.3,2.2,4.0,1.2,2.2,2.6,2.5,2.8,2.7,2.6,2.5,,,,6.7,4.7,6.8,5.7,8.0,6.2,5.0,4.7,4.3,3.5,2.3,,,,-7.3,-4.7,12.8,-4.1,-2.1,5.0,5.1,1.6,1.6,1.8,1.8,,,,1.9,1.3,3.2,-3.8,1.4,4.0,5.6,3.0,4.6,4.2,4.7,,,,-1.5,0.2,2.9,0.3,1.0,1.1,1.0,1.0,1.0,1.0,1.0,,,,4.1,5.3,5.3,4.4,4.7,4.8,4.7,5.1,4.8,4.7,4.3,,,,1.2,1.2,1.3,1.3,1.3,1.3,1.3,1.3,1.3,1.4,1.4,,,,5.0,-1.5,7.8,4.5,4.4,2.9,2.9,2.0,1.5,0.9,1.0,,,,1.9000000000000001,0.10000000000000009,-0.30000000000000027,-1.2,0.7999999999999998,-0.10000000000000009,-0.3999999999999999,-0.30000000000000027,-0.19999999999999973,-0.10000000000000009,-0.20000000000000018,,,,,1.1,0.19999999999999973,0.40000000000000036,-0.4999999999999998,0.10000000000000009,-0.09999999999999987,0.40000000000000013,-0.20000000000000018,-0.10000000000000009,0.0,,,,-0.2999999999999998,0.0,-0.20000000000000018,0.0,-0.09999999999999964,-0.10000000000000009,-0.10000000000000009,-0.10000000000000009,0.0,0.09999999999999964,0.09999999999999964,,,,,2.0,1.1999999999999997,0.20000000000000018,-1.4,0.6000000000000001,-0.09999999999999987,0.20000000000000018,0.10000000000000009,0.0,0.0,,,,,1.0,0.40000000000000013,0.7999999999999998,-0.7000000000000002,-0.20000000000000018,-0.10000000000000009,0.2999999999999998,0.10000000000000009,0.10000000000000009,0.10000000000000009,,,,-1.9000000000000001,1.2,1.2000000000000002,0.09999999999999964,-0.2999999999999998,0.30000000000000004,-0.19999999999999996,0.2999999999999998,0.0,-0.10000000000000009,0.0,,,,-0.9,0.4,0.5999999999999999,0.6000000000000001,-0.09999999999999964,-0.19999999999999996,-0.10000000000000009,0.30000000000000004,0.10000000000000009,0.0,0.0,,,,,-1.0999999999999996,1.7999999999999998,-3.0,0.7000000000000002,0.0,-0.3999999999999999,-0.10000000000000009,-0.09999999999999964,-0.19999999999999973,-0.20000000000000018,,,,,-2.0,2.0999999999999996,-1.3999999999999995,3.8,-1.9999999999999991,-1.2000000000000002,-0.7999999999999998,-0.6000000000000005,-0.7999999999999998,-1.1,,,,,2.5999999999999996,17.5,-16.5,2.3000000000000003,2.3,1.0999999999999996,-2.4999999999999996,-0.8999999999999999,1.5,1.9000000000000001,,,,,-0.5999999999999999,1.9000000000000001,-7.1,3.5,3.4,2.3999999999999995,-2.5999999999999996,1.6999999999999997,-0.39999999999999947,0.5,,,,,1.7,2.6999999999999997,-2.5,0.19999999999999996,0.10000000000000009,0.09999999999999998,0.0,0.0,0.0,0.0,,,,0.7999999999999998,1.2000000000000002,0.0,-0.8999999999999995,0.2999999999999998,-0.10000000000000053,-0.5999999999999996,0.0,-0.2999999999999998,-0.09999999999999964,-0.2999999999999998,,,,,0.0,0.10000000000000009,0.0,0.0,0.0,0.0,0.0,0.0,0.09999999999999987,0.09999999999999987,,,,,-7.1,9.0,-3.8000000000000007,-0.5999999999999996,-1.5000000000000004,-0.5,-0.5,-0.6000000000000001,-0.7000000000000001,0.09999999999999998,,,
2018-06-01,3.1,3.2,2.9,2.2,3.4,2.7,2.8,2.7,2.5,2.3,2.3,,,,1.0,2.1,2.3,1.9,2.3,2.1,1.8,1.9,2.4,2.0,1.8,,,,4.3,4.3,4.1,4.1,3.8,3.7,3.6,3.5,3.4,3.4,3.4,,,,0.1,2.1,3.3,3.5,2.0,2.7,2.1,2.3,2.2,2.1,2.1,,,,0.8,1.8,2.2,3.0,1.9,2.2,2.2,2.5,2.5,2.4,2.4,,,,0.3,1.5,2.7,2.6,2.0,2.0,1.7,2.0,1.9,1.8,1.8,,,,0.9,1.3,1.9,2.3,2.0,1.6,1.7,2.2,2.1,1.9,2.0,,,,3.3,2.2,4.0,1.0,2.9,2.4,2.3,2.6,2.6,2.5,2.5,,,,6.7,4.7,6.8,9.2,6.1,7.8,5.6,5.1,4.3,3.4,2.3,,,,-7.3,-4.7,12.8,-1.7,-0.9,-0.7,1.2,-0.8,1.4,0.9,0.8,,,,1.9,1.3,3.2,1.7,1.1,3.5,3.2,2.6,4.4,4.3,4.6,,,,-1.5,0.2,2.9,0.8,0.9,0.9,0.9,1.0,1.0,1.0,1.0,,,,4.1,5.3,5.3,4.2,5.8,4.8,4.7,4.7,4.9,4.3,4.1,,,,1.2,1.2,1.3,1.3,1.3,1.2,1.3,1.3,1.3,1.3,1.3,,,,5.0,-1.5,7.7,2.3,6.3,2.0,4.0,3.4,2.3,1.2,1.0,,,,0.0,0.0,0.0,0.5000000000000002,0.5,-0.2999999999999998,-0.10000000000000009,-0.19999999999999973,-0.20000000000000018,-0.30000000000000027,0.0,,,,0.0,0.0,0.0,-0.8000000000000003,0.4999999999999998,0.30000000000000004,0.0,-0.30000000000000027,0.3999999999999999,0.0,-0.19999999999999996,,,,0.0,0.0,0.0,0.0,-0.20000000000000018,-0.09999999999999964,0.0,0.10000000000000009,0.10000000000000009,0.10000000000000009,0.10000000000000009,,,,0.0,0.0,0.0,0.0,-0.20000000000000018,0.5,0.30000000000000004,0.19999999999999973,0.0,-0.10000000000000009,-0.10000000000000009,,,,0.0,0.0,0.0,0.0,-0.3999999999999999,-0.09999999999999964,0.10000000000000009,0.10000000000000009,0.0,-0.10000000000000009,-0.10000000000000009,,,,0.0,0.0,0.0,-0.19999999999999973,-0.20000000000000018,0.19999999999999996,0.19999999999999996,0.10000000000000009,0.0,-0.09999999999999987,-0.19999999999999996,,,,0.0,0.0,0.0,-0.20000000000000018,-0.20000000000000018,-0.19999999999999996,0.0,0.20000000000000018,0.0,-0.20000000000000018,-0.10000000000000009,,,,0.0,0.0,0.0,-0.19999999999999996,0.6999999999999997,-0.20000000000000018,-0.20000000000000018,-0.19999999999999973,-0.10000000000000009,-0.10000000000000009,0.0,,,,0.0,0.0,0.0,3.499999999999999,-1.9000000000000004,1.5999999999999996,0.5999999999999996,0.39999999999999947,0.0,-0.10000000000000009,0.0,,,,0.0,0.0,0.0,2.3999999999999995,1.2000000000000002,-5.7,-3.8999999999999995,-2.4000000000000004,-0.20000000000000018,-0.9,-1.0,,,,0.0,0.0,0.0,5.5,-0.2999999999999998,-0.5,-2.3999999999999995,-0.3999999999999999,-0.1999999999999993,0.09999999999999964,-0.10000000000000053,,,,0.0,0.0,0.0,0.5,-0.09999999999999998,-0.20000000000000007,-0.09999999999999998,0.0,0.0,0.0,0.0,,,,0.0,0.0,0.0,-0.20000000000000018,1.0999999999999996,0.0,0.0,-0.39999999999999947,0.10000000000000053,-0.40000000000000036,-0.20000000000000018,,,,0.0,0.0,0.0,0.0,0.0,-0.10000000000000009,0.0,0.0,0.0,-0.09999999999999987,-0.09999999999999987,,,,0.0,0.0,-0.09999999999999964,-2.2,1.8999999999999995,-0.8999999999999999,1.1,1.4,0.7999999999999998,0.29999999999999993,0.0,,,
2018-07-20,3.2,2.9,2.0,4.8,2.5,2.5,2.6,2.5,2.4,2.3,,,,,2.1,2.3,2.2,2.5,1.7,1.9,2.0,2.3,2.1,1.9,,,,,4.3,4.1,4.1,3.9,3.8,3.7,3.6,3.5,3.4,3.4,,,,,2.1,3.3,3.5,1.7,1.9,2.2,2.3,2.2,2.2,2.2,,,,,1.8,2.2,3.0,1.8,2.1,2.2,2.5,2.5,2.4,2.4,,,,,1.5,2.7,2.5,1.9,1.4,1.7,2.0,2.0,1.9,1.9,,,,,1.3,1.9,2.3,2.0,1.5,1.7,2.1,2.0,1.9,1.9,,,,,2.2,4.0,0.9,3.4,2.7,2.6,2.7,2.7,2.7,2.6,,,,,4.7,6.8,10.4,6.0,7.3,5.4,4.9,4.2,3.4,2.5,,,,,-4.7,12.8,-1.1,-1.4,-2.1,-0.4,3.9,3.7,0.8,0.8,,,,,1.3,3.2,1.7,5.6,-1.0,3.3,2.6,4.4,4.3,4.6,,,,,0.2,2.9,1.0,1.8,0.8,0.8,1.0,1.0,1.0,1.0,,,,,5.3,5.3,4.2,7.4,4.2,4.5,4.7,4.9,4.5,4.3,,,,,1.2,1.3,1.3,1.3,1.3,1.3,1.3,1.3,1.3,1.3,,,,,-1.5,7.7,2.4,6.0,2.8,2.0,2.3,2.4,2.0,1.9,,,,,0.10000000000000009,-0.30000000000000027,-0.8999999999999999,2.5999999999999996,-0.8999999999999999,-0.20000000000000018,-0.19999999999999973,-0.20000000000000018,-0.10000000000000009,0.0,,,,,1.1,0.19999999999999973,-0.09999999999999964,0.6000000000000001,-0.5999999999999999,-0.20000000000000018,0.19999999999999996,0.3999999999999999,-0.2999999999999998,-0.10000000000000009,,,,,0.0,-0.20000000000000018,0.0,-0.19999999999999973,0.0,0.0,0.0,0.0,0.0,0.0,,,,,2.0,1.1999999999999997,0.20000000000000018,-1.8,-0.10000000000000009,-0.5,0.19999999999999973,-0.09999999999999964,0.0,0.10000000000000009,,,,,1.0,0.40000000000000013,0.7999999999999998,-1.2,0.20000000000000018,0.0,0.2999999999999998,0.0,-0.10000000000000009,0.0,,,,,1.2,1.2000000000000002,-0.20000000000000018,-0.7000000000000002,-0.6000000000000001,-0.30000000000000004,0.30000000000000004,0.0,0.0,0.09999999999999987,,,,,0.4,0.5999999999999999,0.3999999999999999,-0.2999999999999998,-0.5,0.09999999999999987,0.40000000000000013,-0.20000000000000018,-0.20000000000000018,0.0,,,,,-1.0999999999999996,1.7999999999999998,-3.1,2.4,-0.19999999999999973,0.20000000000000018,0.40000000000000036,0.10000000000000009,0.10000000000000009,0.10000000000000009,,,,,-2.0,2.0999999999999996,3.6000000000000005,-3.1999999999999993,1.2000000000000002,-2.3999999999999995,-0.6999999999999993,-0.8999999999999995,-0.8999999999999999,-0.8999999999999999,,,,,2.5999999999999996,17.5,-13.9,0.30000000000000004,-1.2000000000000002,0.29999999999999993,2.7,4.5,-0.5999999999999999,-0.09999999999999998,,,,,-0.5999999999999999,1.9000000000000001,-1.5000000000000002,3.8999999999999995,-2.1,-0.20000000000000018,-0.6000000000000001,1.8000000000000003,-0.10000000000000053,0.2999999999999998,,,,,1.7,2.6999999999999997,-1.9,1.0,-0.09999999999999998,-0.09999999999999998,0.09999999999999998,0.0,0.0,0.0,,,,,1.2000000000000002,0.0,-1.0999999999999996,3.2,-1.5999999999999996,-0.2999999999999998,0.0,0.20000000000000018,-0.40000000000000036,0.0,,,,,0.0,0.10000000000000009,0.0,0.0,0.0,0.10000000000000009,0.0,0.0,0.0,0.0,,,,,-6.5,9.2,-5.300000000000001,3.7,-3.5,0.0,-1.7000000000000002,-1.0,-0.2999999999999998,0.7,,,,
2018-09-14,,,2.2,4.7,3.0,2.5,2.7,2.6,2.4,2.3,2.1,2.0,1.8,1.7,,,,3.0,1.6,1.8,2.0,2.4,2.1,2.0,2.1,2.4,2.1,2.0,,,4.1,3.9,3.8,3.7,3.6,3.4,3.3,3.3,3.2,3.2,3.2,3.2,,,,1.7,2.2,2.6,2.1,2.2,2.2,2.2,2.3,2.3,2.3,2.3,,,,1.8,2.1,2.1,2.2,2.4,2.4,2.4,2.6,2.6,2.5,2.5,,,2.5,1.9,1.5,2.1,2.0,1.9,1.9,1.9,2.0,2.0,2.0,2.0,,,2.2,2.1,1.5,1.8,2.1,2.0,2.0,2.0,2.1,2.1,2.1,2.1,,,,4.2,2.9,2.7,2.8,2.8,2.8,2.8,2.7,2.5,2.4,2.3,,,,8.9,3.7,7.9,5.2,4.4,3.4,2.3,1.9,1.7,1.7,1.6,,,,-1.8,-2.1,-0.2,5.1,5.8,2.2,0.4,0.7,0.4,0.2,0.3,,,,3.7,1.9,3.0,2.5,2.7,3.3,3.8,2.5,4.5,3.1,1.2,,,,1.7,0.7,0.8,1.0,1.0,1.0,1.0,1.0,1.0,1.0,1.0,,,4.3,8.1,4.7,4.4,4.8,5.1,4.6,4.3,4.2,4.4,4.0,3.8,,,,1.3,1.2,1.3,1.3,1.3,1.3,1.3,1.3,1.3,1.3,1.3,,,,5.1,3.0,1.9,2.4,2.7,2.5,2.3,2.0,1.4,1.3,1.0,,,0.20000000000000018,-0.09999999999999964,0.5,0.0,0.10000000000000009,0.10000000000000009,0.0,0.0,,,,,,,,0.5,-0.09999999999999987,-0.09999999999999987,0.0,0.10000000000000009,0.0,0.10000000000000009,,,,,,,0.0,0.0,0.0,0.0,0.0,-0.10000000000000009,-0.10000000000000009,-0.10000000000000009,,,,,,,,0.0,0.30000000000000027,0.3999999999999999,-0.19999999999999973,0.0,0.0,0.0,,,,,,,,0.0,0.0,-0.10000000000000009,-0.2999999999999998,-0.10000000000000009,0.0,0.0,,,,,,,0.0,0.0,0.10000000000000009,0.40000000000000013,0.0,-0.10000000000000009,0.0,0.0,,,,,,,-0.09999999999999964,0.10000000000000009,0.0,0.10000000000000009,0.0,0.0,0.10000000000000009,0.10000000000000009,,,,,,,,0.8000000000000003,0.19999999999999973,0.10000000000000009,0.09999999999999964,0.09999999999999964,0.09999999999999964,0.19999999999999973,,,,,,,,2.9000000000000004,-3.5999999999999996,2.5,0.2999999999999998,0.20000000000000018,0.0,-0.20000000000000018,,,,,,,,-0.40000000000000013,0.0,0.2,1.1999999999999997,2.0999999999999996,1.4000000000000001,-0.4,,,,,,,,-1.8999999999999995,2.9,-0.2999999999999998,-0.10000000000000009,-1.7000000000000002,-1.0,-0.7999999999999998,,,,,,,,-0.10000000000000009,-0.10000000000000009,0.0,0.0,0.0,0.0,0.0,,,,,,,0.09999999999999964,0.6999999999999993,0.5,-0.09999999999999964,0.09999999999999964,0.1999999999999993,0.09999999999999964,0.0,,,,,,,,0.0,-0.10000000000000009,0.0,0.0,0.0,0.0,0.0,,,,,,,,-0.9000000000000004,0.20000000000000018,-0.10000000000000009,0.10000000000000009,0.30000000000000027,0.5,0.3999999999999999,,,,
2018-10-26,,2.2,4.2,2.9,2.6,2.6,2.4,2.3,2.2,2.0,1.9,1.9,1.8,,,,3.0,1.9,2.0,2.1,2.4,2.1,2.0,2.1,2.3,2.1,2.0,,,4.1,3.9,3.8,3.6,3.6,3.4,3.3,3.3,3.3,3.3,3.3,3.3,,,,1.7,2.0,2.2,2.4,2.3,2.2,2.2,2.3,2.3,2.3,2.3,,,,1.8,2.0,2.0,2.6,2.4,2.4,2.4,2.5,2.5,2.5,2.5,,,2.5,2.0,1.5,1.9,2.1,2.0,1.9,1.9,2.0,1.9,1.9,1.9,,,2.2,2.1,1.5,1.8,2.2,2.0,2.0,2.0,2.0,2.0,2.1,2.1,,,,3.8,3.2,2.7,2.7,2.4,2.3,2.2,2.2,2.2,2.1,2.1,,,,8.7,4.0,7.6,4.8,4.0,3.0,2.4,1.7,1.5,1.4,1.3,,,,-1.3,-5.2,-1.3,-0.3,0.7,0.5,1.0,0.6,0.2,0.3,0.5,,,,3.7,2.3,2.6,2.7,2.8,3.3,3.5,3.0,3.8,3.4,1.2,,,,1.8,1.9,1.3,1.2,1.3,1.1,1.1,1.0,1.0,1.0,1.0,,,4.3,7.6,4.3,4.6,4.7,4.9,4.4,4.2,4.1,4.3,4.1,3.8,,,,1.3,1.2,1.2,1.2,1.2,1.2,1.2,1.2,1.2,1.2,1.2,,,,5.3,3.3,2.0,1.5,2.2,2.0,1.8,1.7,1.1,1.1,0.9,,,,2.0,-1.8000000000000003,-0.3999999999999999,0.10000000000000009,-0.30000000000000027,-0.30000000000000027,-0.19999999999999973,-0.2999999999999998,-0.20000000000000018,-0.10000000000000009,0.0,,,,,-1.1,0.3999999999999999,0.30000000000000004,0.3999999999999999,-0.2999999999999998,-0.10000000000000009,0.10000000000000009,0.19999999999999973,-0.2999999999999998,-0.10000000000000009,,,,-0.19999999999999973,-0.10000000000000009,-0.19999999999999973,-0.10000000000000009,-0.20000000000000018,-0.10000000000000009,0.0,0.0,0.09999999999999964,0.09999999999999964,0.09999999999999964,,,,,0.30000000000000004,0.0,-0.20000000000000018,0.19999999999999973,0.0,0.0,0.09999999999999964,0.0,0.0,0.0,,,,,0.19999999999999996,-0.10000000000000009,0.5,0.19999999999999973,0.0,0.0,0.10000000000000009,-0.10000000000000009,-0.10000000000000009,0.0,,,,-0.5,-0.3999999999999999,0.3999999999999999,0.0,0.0,0.0,0.0,0.10000000000000009,-0.10000000000000009,-0.10000000000000009,-0.10000000000000009,,,,-0.10000000000000009,-0.6000000000000001,0.30000000000000004,0.40000000000000013,-0.10000000000000009,0.0,0.0,0.0,-0.10000000000000009,0.0,0.0,,,,,-1.0,-0.19999999999999973,0.0,-0.3999999999999999,-0.5,-0.5999999999999996,-0.5999999999999996,-0.5,-0.3999999999999999,-0.2999999999999998,,,,,-4.9,3.8999999999999995,-3.1000000000000005,-1.2000000000000002,-1.4000000000000004,-1.0,-0.5999999999999999,-0.3999999999999999,-0.30000000000000004,-0.3999999999999999,,,,,-3.4000000000000004,0.8,-0.09999999999999998,-4.3999999999999995,-5.3,-1.2000000000000002,0.19999999999999996,-0.49999999999999994,-0.10000000000000003,0.3,,,,,-1.4000000000000004,0.7000000000000002,-0.2999999999999998,0.2999999999999998,0.5999999999999996,0.20000000000000018,-0.7999999999999998,1.2999999999999998,-1.1,-1.9000000000000001,,,,,0.19999999999999996,0.6000000000000001,0.3999999999999999,0.30000000000000004,0.10000000000000009,0.10000000000000009,0.0,0.0,0.0,0.0,,,,3.3,-3.8,-0.10000000000000053,0.2999999999999998,0.10000000000000053,-0.6999999999999993,-0.39999999999999947,-0.20000000000000018,0.09999999999999964,-0.3000000000000007,-0.20000000000000018,,,,,-0.10000000000000009,0.0,-0.10000000000000009,-0.10000000000000009,-0.10000000000000009,-0.10000000000000009,-0.10000000000000009,-0.10000000000000009,-0.10000000000000009,-0.10000000000000009,,,,,-1.7999999999999998,-1.0,-0.3999999999999999,-0.19999999999999973,-0.7000000000000002,-0.7,-0.5999999999999999,-0.8999999999999999,-0.2999999999999998,-0.4,
2018-12-07,,2.2,4.2,3.5,2.3,2.6,2.4,2.3,2.1,2.1,2.0,2.0,1.9,,,,3.0,1.7,1.8,2.0,2.2,2.1,1.9,2.0,2.2,2.1,2.0,,,4.1,3.9,3.8,3.7,3.6,3.5,3.5,3.4,3.4,3.4,3.4,3.4,,,,1.7,2.0,1.8,1.6,2.2,2.2,2.2,2.3,2.3,2.3,2.3,,,,1.8,2.0,2.1,2.8,2.4,2.4,2.3,2.5,2.5,2.5,2.5,,,2.5,2.0,1.5,1.4,1.7,1.9,1.9,1.8,2.0,2.0,2.0,1.9,,,2.2,2.1,1.5,1.6,2.3,2.0,2.0,1.9,2.1,2.0,2.0,2.0,,,,3.8,3.7,3.0,2.5,2.5,2.5,2.5,2.5,2.4,2.3,2.2,,,,8.7,2.1,5.1,4.8,4.0,3.1,2.5,1.5,1.4,1.7,1.6,,,,-1.3,-2.9,-5.4,-2.6,1.0,1.0,0.8,0.4,0.3,0.2,0.1,,,,3.7,3.5,3.0,3.1,2.9,3.3,3.5,3.0,3.8,3.5,1.2,,,,1.8,1.9,0.7,1.2,1.3,1.1,1.1,1.0,1.0,1.0,1.0,,,4.3,7.6,5.0,3.9,4.6,4.7,4.4,4.1,4.1,4.2,4.1,3.9,,,,1.3,1.2,1.2,1.2,1.2,1.2,1.2,1.2,1.2,1.2,1.2,,,,5.3,4.7,3.8,2.2,1.9,1.4,1.4,1.5,1.1,1.0,0.9,,,0.0,0.0,0.6000000000000001,-0.30000000000000027,0.0,0.0,0.0,-0.10000000000000009,0.10000000000000009,0.10000000000000009,0.10000000000000009,0.09999999999999987,,,,0.0,-0.19999999999999996,-0.19999999999999996,-0.10000000000000009,-0.19999999999999973,0.0,-0.10000000000000009,-0.10000000000000009,-0.09999999999999964,0.0,0.0,,,0.0,0.0,0.0,0.10000000000000009,0.0,0.10000000000000009,0.20000000000000018,0.10000000000000009,0.10000000000000009,0.10000000000000009,0.10000000000000009,0.10000000000000009,,,,0.0,0.0,-0.40000000000000013,-0.7999999999999998,-0.09999999999999964,0.0,0.0,0.0,0.0,0.0,0.0,,,,0.0,0.0,0.10000000000000009,0.19999999999999973,0.0,0.0,-0.10000000000000009,0.0,0.0,0.0,0.0,,,0.0,0.0,0.0,-0.5,-0.40000000000000013,-0.10000000000000009,0.0,-0.09999999999999987,0.0,0.10000000000000009,0.10000000000000009,0.0,,,0.0,0.0,0.0,-0.19999999999999996,0.09999999999999964,0.0,0.0,-0.10000000000000009,0.10000000000000009,0.0,-0.10000000000000009,-0.10000000000000009,,,,0.0,0.5,0.2999999999999998,-0.20000000000000018,0.10000000000000009,0.20000000000000018,0.2999999999999998,0.2999999999999998,0.19999999999999973,0.19999999999999973,0.10000000000000009,,,,0.0,-1.9,-2.5,0.0,0.0,0.10000000000000009,0.10000000000000009,-0.19999999999999996,-0.10000000000000009,0.30000000000000004,0.30000000000000004,,,,0.0,2.3000000000000003,-4.1000000000000005,-2.3000000000000003,0.30000000000000004,0.5,-0.19999999999999996,-0.19999999999999996,0.09999999999999998,-0.09999999999999998,-0.4,,,,0.0,1.2000000000000002,0.3999999999999999,0.3999999999999999,0.10000000000000009,0.0,0.0,0.0,0.0,0.10000000000000009,0.0,,,,0.0,0.0,-0.6000000000000001,0.0,0.0,0.0,0.0,0.0,0.0,0.0,0.0,,,0.0,0.0,0.7000000000000002,-0.6999999999999997,-0.10000000000000053,-0.20000000000000018,0.0,-0.10000000000000053,0.0,-0.09999999999999964,0.0,0.10000000000000009,,,,0.0,0.0,0.0,0.0,0.0,0.0,0.0,0.0,0.0,0.0,0.0,,,,0.0,1.4000000000000004,1.7999999999999998,0.7000000000000002,-0.30000000000000027,-0.6000000000000001,-0.40000000000000013,-0.19999999999999996,0.0,-0.10000000000000009,0.0,
2019-01-18,2.2,4.2,3.4,2.8,2.3,2.6,1.9,1.9,1.9,1.9,1.9,1.9,,,,3.0,1.8,1.8,1.6,2.0,2.1,1.9,2.1,2.2,2.1,2.0,,,4.1,3.9,3.8,3.8,3.7,3.6,3.6,3.5,3.5,3.5,3.5,3.5,,,,1.7,2.0,1.8,1.0,2.5,2.3,2.2,2.3,2.3,2.3,2.3,,,,1.8,2.0,2.0,2.7,2.5,2.4,2.3,2.5,2.4,2.4,2.4,,,2.5,2.0,1.6,1.4,1.3,2.1,2.0,1.8,2.0,1.9,1.9,1.9,,,2.2,2.1,1.6,1.5,2.3,2.0,2.0,1.9,2.1,2.0,2.0,2.0,,,,3.8,3.5,3.8,2.4,2.5,2.3,2.2,2.2,2.2,2.2,2.1,,,,8.7,2.5,7.1,3.2,3.1,2.3,1.8,1.4,1.6,1.6,1.5,,,,-1.3,-3.6,-4.4,-3.4,1.4,2.9,2.2,0.1,-0.8,-0.5,-1.1,,,,3.7,3.5,3.2,-1.0,7.8,3.3,3.5,3.0,3.8,3.5,1.2,,,,1.8,2.0,0.9,1.2,1.2,1.1,1.1,1.0,1.0,1.0,1.0,,,4.3,7.6,4.9,4.4,3.9,4.7,4.1,3.9,4.1,4.2,4.0,3.9,,,,1.3,1.2,1.2,1.2,1.2,1.3,1.3,1.2,1.2,1.2,1.2,,,,5.2,4.7,3.8,1.0,2.1,1.0,1.0,1.6,1.6,1.4,1.5,,,,2.0,-0.8000000000000003,-0.7000000000000002,0.0,0.0,-0.5,-0.3999999999999999,-0.20000000000000018,-0.20000000000000018,-0.10000000000000009,-0.10000000000000009,,,,,-1.2,0.10000000000000009,-0.19999999999999996,0.0,-0.10000000000000009,-0.20000000000000018,0.20000000000000018,0.20000000000000018,-0.10000000000000009,-0.10000000000000009,,,,-0.19999999999999973,-0.10000000000000009,0.0,0.0,0.0,0.10000000000000009,0.0,0.10000000000000009,0.10000000000000009,0.10000000000000009,0.10000000000000009,,,,,0.30000000000000004,-0.19999999999999996,-0.8,0.8999999999999999,0.09999999999999964,0.0,0.09999999999999964,0.0,0.0,0.0,,,,,0.19999999999999996,0.0,0.6000000000000001,-0.2999999999999998,0.0,-0.10000000000000009,0.20000000000000018,-0.10000000000000009,-0.10000000000000009,-0.10000000000000009,,,,-0.5,-0.3999999999999999,-0.10000000000000009,-0.09999999999999987,0.40000000000000013,0.10000000000000009,-0.09999999999999987,0.19999999999999996,-0.10000000000000009,-0.10000000000000009,-0.10000000000000009,,,,-0.10000000000000009,-0.5,0.0,0.6999999999999997,-0.2999999999999998,0.0,-0.10000000000000009,0.20000000000000018,-0.10000000000000009,0.0,0.0,,,,,-0.2999999999999998,0.09999999999999964,-0.6000000000000001,0.0,-0.20000000000000018,-0.2999999999999998,-0.2999999999999998,-0.2999999999999998,-0.19999999999999973,-0.19999999999999973,,,,,-6.199999999999999,5.0,-1.8999999999999995,-1.6999999999999997,-1.7000000000000002,-1.3,-1.1,0.10000000000000009,0.20000000000000018,-0.19999999999999996,,,,,-2.3,-1.5000000000000004,2.0000000000000004,4.0,1.9,1.2000000000000002,-0.7000000000000001,-1.2000000000000002,-0.8,-1.3,,,,,-0.20000000000000018,-0.2999999999999998,-4.0,4.699999999999999,0.3999999999999999,0.20000000000000018,-0.5,0.7999999999999998,-0.2999999999999998,-2.3,,,,,0.19999999999999996,-0.9999999999999999,0.5,0.0,-0.19999999999999996,0.0,-0.10000000000000009,0.0,0.0,0.0,,,,3.3,-2.6999999999999993,-0.5999999999999996,0.0,0.10000000000000053,-0.6000000000000005,-0.5000000000000004,0.0,0.10000000000000053,-0.20000000000000018,-0.19999999999999973,,,,,-0.10000000000000009,0.0,0.0,0.0,0.10000000000000009,0.10000000000000009,0.0,0.0,0.0,0.0,,,,,-0.5999999999999996,-0.9000000000000004,-2.8,-0.10000000000000009,-0.8999999999999999,-0.3999999999999999,0.20000000000000018,0.10000000000000009,0.2999999999999998,0.5,,
2019-03-08,2.2,4.2,3.4,2.6,1.0,2.6,1.9,1.8,2.0,2.2,2.0,2.0,,,,3.0,1.8,1.8,1.8,2.0,2.1,1.9,2.1,2.2,2.0,1.9,,,4.1,3.9,3.8,3.8,3.9,3.7,3.7,3.6,3.6,3.6,3.6,3.6,,,,2.1,2.0,1.5,0.9,3.0,2.3,2.1,2.2,2.2,2.1,2.1,,,,1.9,2.0,2.2,2.6,2.4,2.4,2.3,2.4,2.4,2.4,2.4,,,2.5,2.0,1.6,1.5,1.3,2.3,2.0,1.8,1.9,1.9,1.8,1.8,,,2.2,2.1,1.6,1.7,2.3,2.0,2.0,1.8,2.0,2.0,1.9,1.9,,,,3.8,3.5,2.8,1.0,2.8,2.7,2.7,2.3,2.3,2.2,2.2,,,,8.7,2.5,5.5,3.4,2.1,2.5,2.2,1.0,2.0,2.3,1.5,,,,-1.3,-3.6,-4.9,-8.6,1.3,4.5,3.0,2.5,1.0,-1.1,-2.1,,,,3.7,3.5,1.6,0.1,8.8,2.6,2.8,2.9,3.1,3.5,1.4,,,,1.8,2.0,-0.9,1.1,1.2,1.2,1.1,1.0,1.0,1.0,1.0,,,4.3,7.6,4.9,4.6,2.7,4.6,4.1,3.8,4.1,4.4,4.1,4.0,,,,1.3,1.2,1.2,1.2,1.2,1.2,1.2,1.2,1.2,1.2,1.2,,,,5.2,4.9,4.6,0.5,2.8,0.6,1.0,1.7,1.5,1.1,1.0,,,0.0,0.0,0.0,-0.19999999999999973,-1.2999999999999998,0.0,0.0,-0.09999999999999987,0.10000000000000009,0.30000000000000027,0.10000000000000009,0.10000000000000009,,,,0.0,0.0,0.0,0.19999999999999996,0.0,0.0,0.0,0.0,0.0,-0.10000000000000009,-0.10000000000000009,,,0.0,0.0,0.0,0.0,0.19999999999999973,0.10000000000000009,0.10000000000000009,0.10000000000000009,0.10000000000000009,0.10000000000000009,0.10000000000000009,0.10000000000000009,,,,0.40000000000000013,0.0,-0.30000000000000004,-0.09999999999999998,0.5,0.0,-0.10000000000000009,-0.09999999999999964,-0.09999999999999964,-0.19999999999999973,-0.19999999999999973,,,,0.09999999999999987,0.0,0.20000000000000018,-0.10000000000000009,-0.10000000000000009,0.0,0.0,-0.10000000000000009,0.0,0.0,0.0,,,0.0,0.0,0.0,0.10000000000000009,0.0,0.19999999999999973,0.0,0.0,-0.10000000000000009,0.0,-0.09999999999999987,-0.09999999999999987,,,0.0,0.0,0.0,0.19999999999999996,0.0,0.0,0.0,-0.09999999999999987,-0.10000000000000009,0.0,-0.10000000000000009,-0.10000000000000009,,,,0.0,0.0,-1.0,-1.4,0.2999999999999998,0.40000000000000036,0.5,0.09999999999999964,0.09999999999999964,0.0,0.10000000000000009,,,,0.0,0.0,-1.5999999999999996,0.19999999999999973,-1.0,0.20000000000000018,0.40000000000000013,-0.3999999999999999,0.3999999999999999,0.6999999999999997,0.0,,,,0.0,0.0,-0.5,-5.199999999999999,-0.09999999999999987,1.6,0.7999999999999998,2.4,1.8,-0.6000000000000001,-1.0,,,,0.0,0.0,-1.6,1.1,1.0000000000000009,-0.6999999999999997,-0.7000000000000002,-0.10000000000000009,-0.6999999999999997,0.0,0.19999999999999996,,,,0.0,0.0,-1.8,-0.09999999999999987,0.0,0.09999999999999987,0.0,0.0,0.0,0.0,0.0,,,0.0,0.0,0.0,0.1999999999999993,-1.1999999999999997,-0.10000000000000053,0.0,-0.10000000000000009,0.0,0.20000000000000018,0.09999999999999964,0.10000000000000009,,,,0.0,0.0,0.0,0.0,0.0,-0.10000000000000009,-0.10000000000000009,0.0,0.0,0.0,0.0,,,,0.0,0.20000000000000018,0.7999999999999998,-0.5,0.6999999999999997,-0.4,0.0,0.09999999999999987,-0.10000000000000009,-0.2999999999999998,-0.5,,
2019-04-19,4.2,3.4,2.2,2.1,2.0,2.2,2.3,2.4,2.2,1.9,2.2,,,,3.0,1.8,1.7,1.3,2.0,1.9,1.9,2.0,2.2,2.0,1.9,,,,3.9,3.8,3.8,3.9,3.7,3.7,3.6,3.6,3.6,3.6,3.5,,,,2.1,2.0,1.5,0.9,3.8,2.2,2.1,2.1,2.1,2.1,2.1,,,,1.9,2.0,2.2,2.3,2.4,2.5,2.3,2.4,2.3,2.3,2.3,,,,2.0,1.6,1.5,0.5,2.7,1.9,1.8,1.9,1.8,1.8,1.8,,,,2.1,1.6,1.8,1.2,1.9,2.0,1.9,2.0,1.9,1.9,1.9,,,,3.8,3.5,2.5,1.1,2.6,2.7,2.7,2.6,2.5,2.5,2.4,,,,8.7,2.5,5.4,0.6,2.2,5.4,2.7,0.5,1.6,2.4,3.4,,,,-1.3,-3.6,-4.7,-0.3,-2.6,6.6,6.9,6.2,4.5,0.7,-0.8,,,,3.7,3.5,1.1,1.3,8.1,2.8,2.5,3.0,5.0,1.7,0.8,,,,1.8,2.0,-1.3,3.4,-0.2,0.8,1.1,1.0,1.0,1.0,1.0,,,,7.6,4.9,4.1,3.2,4.0,4.2,4.3,4.4,4.4,3.9,4.2,,,,1.3,1.2,1.2,1.2,1.2,1.3,1.3,1.3,1.3,1.3,1.3,,,,4.6,5.2,4.0,-0.3,0.8,1.9,1.3,1.8,1.8,1.1,1.0,,,,2.0,-0.8000000000000003,-1.1999999999999997,-0.5,1.0,-0.3999999999999999,0.3999999999999999,0.5999999999999999,0.20000000000000018,-0.30000000000000027,0.20000000000000018,,,,,-1.2,-0.10000000000000009,-0.5,0.19999999999999996,-0.10000000000000009,-0.20000000000000018,0.10000000000000009,0.10000000000000009,-0.20000000000000018,-0.10000000000000009,,,,-0.19999999999999973,-0.10000000000000009,0.0,0.10000000000000009,-0.19999999999999973,0.0,-0.10000000000000009,0.0,0.0,0.0,-0.10000000000000009,,,,,-0.10000000000000009,-0.5,-0.6,2.9,-0.7999999999999998,-0.19999999999999973,0.0,-0.10000000000000009,-0.10000000000000009,0.0,,,,,0.10000000000000009,0.20000000000000018,0.09999999999999964,-0.20000000000000018,0.10000000000000009,-0.10000000000000009,0.10000000000000009,-0.10000000000000009,-0.10000000000000009,-0.10000000000000009,,,,-0.5,-0.3999999999999999,-0.10000000000000009,-1.0,1.4000000000000001,-0.3999999999999999,-0.19999999999999996,0.09999999999999987,-0.09999999999999987,-0.09999999999999987,0.0,,,,-0.10000000000000009,-0.5,0.19999999999999996,-0.5,-0.3999999999999999,0.0,-0.10000000000000009,0.19999999999999996,-0.10000000000000009,-0.10000000000000009,0.0,,,,,-0.2999999999999998,-1.0,-1.6999999999999997,1.6,-0.09999999999999964,0.0,-0.10000000000000009,0.20000000000000018,0.20000000000000018,0.19999999999999973,,,,,-6.199999999999999,2.9000000000000004,-4.9,-1.1999999999999997,3.3000000000000003,0.20000000000000018,-1.7000000000000002,0.6000000000000001,0.3999999999999999,1.1,,,,,-2.3,-1.1,4.6000000000000005,6.0,5.3,2.4000000000000004,3.2,2.0,-0.30000000000000004,0.30000000000000004,,,,,-0.20000000000000018,-2.4,-0.30000000000000004,8.0,-6.000000000000001,-0.10000000000000009,0.20000000000000018,2.1,-1.4000000000000001,-2.7,,,,,0.19999999999999996,-3.3,4.3,-1.3,-0.3999999999999999,-0.09999999999999987,-0.10000000000000009,0.0,0.0,0.0,,,,3.3,-2.6999999999999993,-0.8000000000000007,-1.3999999999999995,1.2999999999999998,-0.39999999999999947,0.20000000000000018,0.6000000000000005,0.3000000000000007,-0.5000000000000004,0.10000000000000053,,,,,-0.10000000000000009,0.0,0.0,0.0,0.10000000000000009,0.10000000000000009,0.10000000000000009,0.10000000000000009,0.10000000000000009,0.10000000000000009,,,,,0.0,-0.9000000000000004,-4.8999999999999995,0.30000000000000004,-0.8999999999999999,0.7000000000000001,0.8,0.10000000000000009,-0.3999999999999999,-0.10000000000000009,,,
2019-06-07,4.2,3.4,2.2,3.0,1.8,1.7,1.7,2.1,2.1,2.1,2.1,,,,3.0,1.8,1.7,0.8,1.8,1.8,2.1,1.9,2.2,2.0,1.9,,,,3.9,3.8,3.8,3.9,3.6,3.7,3.7,3.7,3.7,3.7,3.7,,,,2.1,2.0,1.5,0.9,3.0,1.0,2.2,2.2,2.2,2.2,2.2,,,,1.9,2.0,2.2,2.3,2.0,2.6,2.4,2.4,2.3,2.3,2.3,,,,2.0,1.6,1.5,0.4,2.4,1.2,2.0,1.9,1.9,1.8,1.8,,,,2.1,1.6,1.8,1.0,1.9,2.1,2.1,2.0,1.9,1.8,1.8,,,,3.8,3.5,2.5,0.9,3.0,2.3,2.5,2.4,2.4,2.4,2.4,,,,8.7,2.5,5.4,3.1,-0.7,0.6,-0.6,0.4,1.2,2.2,3.3,,,,-1.3,-3.6,-4.7,-3.5,-0.7,4.6,6.9,8.6,4.8,-0.2,-2.7,,,,3.7,3.5,1.1,-0.1,9.2,3.1,2.9,2.9,5.3,1.1,0.8,,,,1.8,2.0,-1.3,4.6,1.6,-0.1,0.4,0.9,0.9,0.9,1.0,,,,7.6,4.9,4.1,3.5,3.7,3.6,3.8,4.1,4.3,4.2,4.1,,,,1.3,1.2,1.2,1.2,1.2,1.3,1.3,1.3,1.3,1.3,1.3,,,,4.6,5.2,3.9,-1.9,-0.7,1.2,0.6,1.3,1.7,1.8,0.7,,,,0.0,0.0,0.0,0.8999999999999999,-0.19999999999999996,-0.5000000000000002,-0.5999999999999999,-0.2999999999999998,-0.10000000000000009,0.20000000000000018,-0.10000000000000009,,,,0.0,0.0,0.0,-0.5,-0.19999999999999996,-0.09999999999999987,0.20000000000000018,-0.10000000000000009,0.0,0.0,0.0,,,,0.0,0.0,0.0,0.0,-0.10000000000000009,0.0,0.10000000000000009,0.10000000000000009,0.10000000000000009,0.10000000000000009,0.20000000000000018,,,,0.0,0.0,0.0,0.0,-0.7999999999999998,-1.2000000000000002,0.10000000000000009,0.10000000000000009,0.10000000000000009,0.10000000000000009,0.10000000000000009,,,,0.0,0.0,0.0,0.0,-0.3999999999999999,0.10000000000000009,0.10000000000000009,0.0,0.0,0.0,0.0,,,,0.0,0.0,0.0,-0.09999999999999998,-0.30000000000000027,-0.7,0.19999999999999996,0.0,0.09999999999999987,0.0,0.0,,,,0.0,0.0,0.0,-0.19999999999999996,0.0,0.10000000000000009,0.20000000000000018,0.0,0.0,-0.09999999999999987,-0.09999999999999987,,,,0.0,0.0,0.0,-0.20000000000000007,0.3999999999999999,-0.40000000000000036,-0.20000000000000018,-0.20000000000000018,-0.10000000000000009,-0.10000000000000009,0.0,,,,0.0,0.0,0.0,2.5,-2.9000000000000004,-4.800000000000001,-3.3000000000000003,-0.09999999999999998,-0.40000000000000013,-0.19999999999999973,-0.10000000000000009,,,,0.0,0.0,0.0,-3.2,1.9000000000000001,-2.0,0.0,2.3999999999999995,0.2999999999999998,-0.8999999999999999,-1.9000000000000001,,,,0.0,0.0,0.0,-1.4000000000000001,1.0999999999999996,0.30000000000000027,0.3999999999999999,-0.10000000000000009,0.2999999999999998,-0.5999999999999999,0.0,,,,0.0,0.0,0.0,1.1999999999999997,1.8,-0.9,-0.7000000000000001,-0.09999999999999998,-0.09999999999999998,-0.09999999999999998,0.0,,,,0.0,0.0,0.0,0.2999999999999998,-0.2999999999999998,-0.6000000000000001,-0.5,-0.3000000000000007,-0.10000000000000053,0.30000000000000027,-0.10000000000000053,,,,0.0,0.0,0.0,0.0,0.0,0.0,0.0,0.0,0.0,0.0,0.0,,,,0.0,0.0,-0.10000000000000009,-1.5999999999999999,-1.5,-0.7,-0.7000000000000001,-0.5,-0.10000000000000009,0.7,-0.30000000000000004,,,
2019-07-19,3.4,2.2,3.1,2.5,1.6,1.8,2.1,2.1,2.1,2.1,,,,,1.8,1.7,0.9,2.2,2.3,1.8,1.9,2.2,2.0,1.9,,,,,3.8,3.8,3.9,3.6,3.7,3.7,3.6,3.6,3.6,3.6,,,,,2.0,1.5,0.9,2.9,2.0,1.8,2.1,2.1,2.1,2.1,,,,,2.0,2.2,2.3,1.8,2.6,2.6,2.4,2.3,2.3,2.3,,,,,1.6,1.5,0.5,2.6,1.9,1.8,1.9,1.8,1.8,1.8,,,,,1.6,1.8,1.2,2.1,2.2,2.1,2.0,1.9,1.9,1.8,,,,,3.5,2.5,0.9,4.1,2.5,2.4,2.4,2.4,2.4,2.4,,,,,2.5,5.4,4.4,0.0,0.0,-0.2,0.8,1.6,2.1,3.0,,,,,-3.6,-4.7,-2.0,-2.6,4.3,7.3,9.7,4.8,-0.1,-2.6,,,,,3.5,1.1,-0.1,10.9,3.5,3.9,2.2,4.2,-0.1,0.7,,,,,2.0,-1.3,4.6,3.4,-0.3,-0.4,0.8,0.8,1.0,1.0,,,,,4.9,4.1,3.8,4.8,4.0,3.7,4.1,4.4,4.2,4.1,,,,,1.2,1.2,1.2,1.3,1.2,1.3,1.3,1.3,1.3,1.3,,,,,5.2,3.9,-1.9,-1.2,2.1,0.7,0.6,1.8,2.0,1.0,,,,,-0.8000000000000003,-1.1999999999999997,0.8999999999999999,-0.5,-0.19999999999999996,0.10000000000000009,0.40000000000000013,0.0,0.0,0.0,,,,,-1.2,-0.10000000000000009,-0.7999999999999999,1.4000000000000001,0.4999999999999998,0.0,-0.20000000000000018,0.30000000000000027,-0.20000000000000018,-0.10000000000000009,,,,,-0.10000000000000009,0.0,0.10000000000000009,-0.2999999999999998,0.10000000000000009,0.0,-0.10000000000000009,-0.10000000000000009,-0.10000000000000009,-0.10000000000000009,,,,,-0.10000000000000009,-0.5,-0.6,2.0,-1.0,0.8,-0.10000000000000009,-0.10000000000000009,-0.10000000000000009,-0.10000000000000009,,,,,0.10000000000000009,0.20000000000000018,0.09999999999999964,-0.4999999999999998,0.6000000000000001,0.0,0.0,-0.10000000000000009,0.0,0.0,,,,,-0.3999999999999999,-0.10000000000000009,-1.0,2.2,-0.5,0.6000000000000001,-0.10000000000000009,-0.09999999999999987,-0.09999999999999987,0.0,,,,,-0.5,0.19999999999999996,-0.6000000000000001,1.1,0.30000000000000027,0.0,-0.10000000000000009,-0.10000000000000009,0.0,0.0,,,,,-0.2999999999999998,-1.0,-1.6,3.1999999999999997,-0.5,0.10000000000000009,-0.10000000000000009,0.0,0.0,0.0,,,,,-6.199999999999999,2.9000000000000004,-1.0,-3.1,0.7,-0.8,1.4,1.2000000000000002,0.9000000000000001,0.7999999999999998,,,,,-2.3,-1.1,2.7,0.8999999999999999,5.0,2.7,2.799999999999999,-3.8,-4.8999999999999995,-2.4,,,,,-0.20000000000000018,-2.4,-1.2000000000000002,11.0,-5.699999999999999,0.7999999999999998,-0.6999999999999997,1.3000000000000003,-5.3999999999999995,-0.40000000000000013,,,,,0.19999999999999996,-3.3,5.8999999999999995,-1.1999999999999997,-1.9000000000000001,-0.30000000000000004,0.4,-0.09999999999999998,0.09999999999999998,0.09999999999999998,,,,,-2.6999999999999993,-0.8000000000000007,-0.2999999999999998,1.2999999999999998,0.2999999999999998,0.10000000000000009,0.2999999999999998,0.3000000000000007,-0.09999999999999964,-0.10000000000000053,,,,,-0.10000000000000009,0.0,0.0,0.10000000000000009,0.0,0.0,0.0,0.0,0.0,0.0,,,,,0.6000000000000005,-1.3000000000000003,-5.8,0.7,2.8,-0.5,0.0,0.5,0.30000000000000004,-0.8,,,,
2019-09-06,,,3.1,1.9,1.7,1.8,2.1,2.0,1.9,1.9,1.9,1.8,1.7,1.7,,,,2.4,2.4,1.8,1.8,2.1,2.0,1.9,1.9,2.1,2.0,1.9,,,3.9,3.6,3.7,3.7,3.6,3.6,3.6,3.6,3.6,3.6,3.6,3.6,,,,2.9,1.8,1.6,2.0,2.1,2.1,2.1,2.2,2.2,2.2,2.2,,,,1.8,2.9,2.4,2.3,2.3,2.2,2.2,2.3,2.3,2.3,2.3,,,0.4,2.3,1.6,1.6,1.8,1.8,1.8,1.8,1.9,1.9,1.8,1.8,,,1.1,1.7,2.1,2.1,1.9,1.9,1.8,1.8,1.9,1.9,1.8,1.8,,,,4.7,3.2,2.3,2.4,2.4,2.4,2.3,2.3,2.3,2.3,2.3,,,,-1.4,-3.0,0.9,-0.8,1.0,1.3,3.1,3.2,3.2,1.2,0.9,,,,-3.1,1.9,6.3,11.5,7.4,2.4,0.2,-2.3,-4.1,-4.7,-4.8,,,,8.1,3.6,3.6,2.2,3.7,-0.5,-0.8,-0.7,0.6,0.4,0.5,,,,2.4,0.1,0.2,1.1,1.1,1.1,1.1,1.1,1.1,1.1,1.1,,,3.9,4.4,4.1,3.7,4.0,4.2,3.9,3.8,3.8,3.9,3.7,3.6,,,,1.3,1.2,1.3,1.3,1.4,1.4,1.3,1.3,1.3,1.3,1.3,,,,-2.1,1.6,0.7,0.8,1.5,1.6,0.8,1.2,1.0,1.1,1.0,,,0.0,-0.6000000000000001,0.09999999999999987,0.0,0.0,-0.10000000000000009,-0.20000000000000018,-0.20000000000000018,,,,,,,,0.19999999999999973,0.10000000000000009,0.0,-0.09999999999999987,-0.10000000000000009,0.0,0.0,,,,,,,0.0,0.0,0.0,0.0,0.0,0.0,0.0,0.0,,,,,,,,0.0,-0.19999999999999996,-0.19999999999999996,-0.10000000000000009,0.0,0.0,0.0,,,,,,,,0.0,0.2999999999999998,-0.20000000000000018,-0.10000000000000009,0.0,-0.09999999999999964,-0.09999999999999964,,,,,,,-0.09999999999999998,-0.30000000000000027,-0.2999999999999998,-0.19999999999999996,-0.09999999999999987,0.0,0.0,0.0,,,,,,,-0.09999999999999987,-0.40000000000000013,-0.10000000000000009,0.0,-0.10000000000000009,0.0,-0.09999999999999987,0.0,,,,,,,,0.6000000000000005,0.7000000000000002,-0.10000000000000009,0.0,0.0,0.0,-0.10000000000000009,,,,,,,,-1.4,-3.0,1.1,-1.6,-0.6000000000000001,-0.8,0.10000000000000009,,,,,,,,-0.5,-2.4,-1.0,1.8000000000000007,2.6000000000000005,2.5,2.8000000000000003,,,,,,,,-2.8000000000000007,0.10000000000000009,-0.2999999999999998,0.0,-0.5,-0.4,-1.5,,,,,,,,-1.0,0.4,0.6000000000000001,0.30000000000000004,0.30000000000000004,0.10000000000000009,0.10000000000000009,,,,,,,0.10000000000000009,-0.39999999999999947,0.09999999999999964,0.0,-0.09999999999999964,-0.20000000000000018,-0.30000000000000027,-0.2999999999999998,,,,,,,,0.0,0.0,0.0,0.0,0.09999999999999987,0.09999999999999987,0.0,,,,,,,,-0.9000000000000001,-0.5,0.0,0.20000000000000007,-0.30000000000000004,-0.3999999999999999,-0.19999999999999996,,,,
2019-10-18,,3.1,2.0,1.7,1.6,2.2,2.0,1.9,1.8,1.8,1.8,1.8,1.8,,,,2.4,2.1,1.7,1.5,2.0,1.9,1.9,1.9,2.1,1.9,1.8,,,3.9,3.6,3.6,3.6,3.6,3.6,3.6,3.6,3.6,3.6,3.6,3.6,,,,2.9,1.8,1.7,1.6,2.0,2.1,2.1,2.2,2.2,2.2,2.2,,,,1.8,3.0,2.3,2.3,2.3,2.3,2.3,2.3,2.3,2.3,2.3,,,0.4,2.4,1.6,1.4,1.5,1.7,1.7,1.8,1.8,1.8,1.8,1.8,,,1.1,1.9,2.2,1.7,1.9,1.9,1.8,1.8,1.9,1.9,1.8,1.8,,,,4.6,2.8,2.3,2.4,2.5,2.5,2.4,2.4,2.4,2.3,2.3,,,,-1.0,-2.1,-0.2,-1.3,1.0,1.6,2.7,2.9,2.8,1.7,1.0,,,,-3.0,4.8,5.8,7.3,7.3,3.1,0.9,-1.7,-2.8,-3.2,-3.8,,,,8.3,2.2,1.9,3.7,4.6,-0.2,-0.5,-0.7,0.6,0.4,0.5,,,,2.7,0.7,0.3,1.0,1.0,1.0,1.0,1.0,1.0,1.0,1.0,,,3.9,4.7,3.7,3.3,3.7,4.1,3.9,3.7,3.7,3.9,3.7,3.6,,,,1.3,1.3,1.3,1.3,1.4,1.4,1.4,1.3,1.3,1.3,1.3,,,,-2.2,1.2,1.2,1.6,1.3,1.0,0.7,1.2,1.0,1.1,1.0,,,,-1.1,-0.19999999999999996,-0.09999999999999987,0.40000000000000013,-0.10000000000000009,-0.10000000000000009,-0.09999999999999987,-0.09999999999999987,-0.09999999999999987,0.0,0.10000000000000009,,,,,-0.2999999999999998,-0.7,-0.30000000000000004,0.19999999999999996,-0.20000000000000018,-0.10000000000000009,0.0,0.20000000000000018,-0.20000000000000018,-0.19999999999999996,,,,-0.2999999999999998,0.0,-0.10000000000000009,-0.10000000000000009,0.0,0.0,0.0,0.0,0.0,0.0,0.0,,,,,-1.0999999999999999,-0.10000000000000009,0.0,0.0,0.0,0.0,0.10000000000000009,0.0,0.0,0.0,,,,,1.2,-0.6000000000000001,-0.10000000000000009,0.0,0.0,0.09999999999999964,0.09999999999999964,0.0,0.0,0.0,,,,2.0,-0.6999999999999997,-0.20000000000000018,-0.10000000000000009,-0.10000000000000009,-0.10000000000000009,0.0,0.0,-0.09999999999999987,-0.09999999999999987,0.0,,,,0.7999999999999998,0.5000000000000002,-0.40000000000000013,-0.20000000000000018,0.0,-0.09999999999999987,0.0,0.09999999999999987,0.0,-0.09999999999999987,0.0,,,,,-1.9000000000000004,-0.9000000000000004,0.10000000000000009,0.10000000000000009,0.10000000000000009,0.0,0.10000000000000009,0.10000000000000009,0.0,0.0,,,,,-0.7000000000000002,2.8,-2.2,1.8,0.6000000000000001,1.4000000000000001,-0.20000000000000018,-0.40000000000000036,-1.5000000000000002,-0.19999999999999996,,,,,7.9,3.9,1.0,-4.2,-4.300000000000001,-1.5,-1.9,-0.5,0.8999999999999995,0.9000000000000004,,,,,-5.8999999999999995,-1.7000000000000002,0.10000000000000009,2.3999999999999995,-3.9000000000000004,0.0,0.10000000000000009,1.2999999999999998,-0.19999999999999996,0.09999999999999998,,,,,-1.7,0.19999999999999998,0.8,-0.10000000000000009,-0.10000000000000009,-0.10000000000000009,-0.10000000000000009,-0.10000000000000009,-0.10000000000000009,-0.10000000000000009,,,,0.8000000000000003,-0.7000000000000002,-0.7999999999999998,0.0,0.09999999999999964,-0.30000000000000027,-0.19999999999999973,-0.09999999999999964,0.10000000000000009,-0.19999999999999973,-0.10000000000000009,,,,,0.0,0.10000000000000009,0.0,0.09999999999999987,0.0,0.0,0.0,0.0,0.0,0.0,,,,,3.3,-0.40000000000000013,0.9000000000000001,0.5,-0.5,-0.9000000000000001,0.3999999999999999,-0.19999999999999996,0.10000000000000009,-0.10000000000000009,
2019-11-26,,3.1,2.0,2.1,1.3,2.3,2.1,2.0,2.0,1.9,1.9,1.8,1.8,,,,2.4,1.7,1.5,1.4,2.1,1.9,1.8,1.9,2.0,1.9,1.9,,,3.9,3.6,3.6,3.6,3.6,3.5,3.5,3.5,3.5,3.5,3.5,3.5,,,,2.9,1.8,2.3,1.6,2.0,2.1,2.1,2.3,2.2,2.2,2.2,,,,1.8,3.0,2.1,2.2,2.4,2.3,2.3,2.4,2.3,2.3,2.3,,,0.4,2.4,1.5,1.5,1.5,1.8,1.7,1.8,1.9,1.8,1.8,1.8,,,1.1,1.9,2.1,1.5,1.9,2.0,1.8,1.8,2.0,1.9,1.8,1.8,,,,4.6,3.0,2.1,2.4,2.5,2.6,2.6,2.4,2.4,2.3,2.3,,,,-1.0,-2.0,-0.1,-0.9,1.8,2.4,3.1,3.4,2.6,2.0,1.4,,,,-3.0,4.6,5.9,7.2,6.8,2.4,-0.6,-2.7,-2.7,-3.3,-3.4,,,,8.3,3.4,1.4,3.1,2.3,1.0,0.6,-0.7,0.5,0.3,0.5,,,,2.7,0.4,0.5,1.0,1.0,1.0,1.0,1.0,1.0,1.0,1.0,,,3.9,4.7,3.8,2.8,3.7,4.2,3.9,3.9,3.9,4.0,3.8,3.7,,,,1.3,1.3,1.3,1.3,1.4,1.4,1.3,1.3,1.3,1.3,1.3,,,,-2.3,1.4,0.0,3.2,1.4,0.7,0.5,1.2,1.0,0.9,1.0,,,0.0,0.0,0.40000000000000013,-0.30000000000000004,0.09999999999999964,0.10000000000000009,0.10000000000000009,0.19999999999999996,0.09999999999999987,0.09999999999999987,0.0,0.0,,,,0.0,-0.40000000000000013,-0.19999999999999996,-0.10000000000000009,0.10000000000000009,0.0,-0.09999999999999987,0.0,-0.10000000000000009,0.0,0.09999999999999987,,,0.0,0.0,0.0,0.0,0.0,-0.10000000000000009,-0.10000000000000009,-0.10000000000000009,-0.10000000000000009,-0.10000000000000009,-0.10000000000000009,-0.10000000000000009,,,,0.0,0.0,0.5999999999999999,0.0,0.0,0.0,0.0,0.09999999999999964,0.0,0.0,0.0,,,,0.0,0.0,-0.19999999999999973,-0.09999999999999964,0.10000000000000009,0.0,0.0,0.10000000000000009,0.0,0.0,0.0,,,0.0,0.0,-0.10000000000000009,0.10000000000000009,0.0,0.10000000000000009,0.0,0.0,0.09999999999999987,0.0,0.0,0.0,,,0.0,0.0,-0.10000000000000009,-0.19999999999999996,0.0,0.10000000000000009,0.0,0.0,0.10000000000000009,0.0,0.0,0.0,,,,0.0,0.20000000000000018,-0.19999999999999973,0.0,0.0,0.10000000000000009,0.20000000000000018,0.0,0.0,0.0,0.0,,,,0.0,0.10000000000000009,0.1,0.4,0.8,0.7999999999999998,0.3999999999999999,0.5,-0.19999999999999973,0.30000000000000004,0.3999999999999999,,,,0.0,-0.20000000000000018,0.10000000000000053,-0.09999999999999964,-0.5,-0.7000000000000002,-1.5,-1.0000000000000002,0.09999999999999964,-0.09999999999999964,0.3999999999999999,,,,0.0,1.1999999999999997,-0.5,-0.6000000000000001,-2.3,1.2,1.1,0.0,-0.09999999999999998,-0.10000000000000003,0.0,,,,0.0,-0.29999999999999993,0.2,0.0,0.0,0.0,0.0,0.0,0.0,0.0,0.0,,,0.0,0.0,0.09999999999999964,-0.5,0.0,0.10000000000000053,0.0,0.19999999999999973,0.19999999999999973,0.10000000000000009,0.09999999999999964,0.10000000000000009,,,,0.0,0.0,0.0,0.0,0.0,0.0,-0.09999999999999987,0.0,0.0,0.0,0.0,,,,-0.09999999999999964,0.19999999999999996,-1.2,1.6,0.09999999999999987,-0.30000000000000004,-0.19999999999999996,0.0,0.0,-0.20000000000000007,0.0,
